rep_id,period,mrr_new,mrr_expansion,mrr_contraction,mrr_churn,mrr_renewal,mrr_net,arr_start,arr_end
d446139e-1ade-41f0-b434-bfe1859dccfe,2023-10,0.0,0.0,0.0,0.0,0.0,0.0,4958.91,4958.91
d446139e-1ade-41f0-b434-bfe1859dccfe,2023-11,0.0,0.0,0.0,0.0,0.0,0.0,4958.91,4958.91
d446139e-1ade-41f0-b434-bfe1859dccfe,2023-12,0.0,0.0,0.0,0.0,0.0,0.0,4958.91,4958.91
d446139e-1ade-41f0-b434-bfe1859dccfe,2024-01,0.0,0.0,0.0,0.0,0.0,0.0,4958.91,4958.91
d446139e-1ade-41f0-b434-bfe1859dccfe,2024-02,0.0,0.0,0.0,0.0,0.0,0.0,4958.91,4958.91
d446139e-1ade-41f0-b434-bfe1859dccfe,2024-03,0.0,0.0,0.0,0.0,0.0,0.0,4958.91,4958.91
d446139e-1ade-41f0-b434-bfe1859dccfe,2024-04,0.0,0.0,0.0,0.0,0.0,0.0,4958.91,4958.91
d446139e-1ade-41f0-b434-bfe1859dccfe,2024-05,0.0,0.0,0.0,0.0,0.0,0.0,4958.91,4958.91
d446139e-1ade-41f0-b434-bfe1859dccfe,2024-06,0.0,0.0,0.0,0.0,0.0,0.0,4958.91,4958.91
d446139e-1ade-41f0-b434-bfe1859dccfe,2024-07,0.0,0.0,0.0,0.0,0.0,0.0,4958.91,4958.91
d446139e-1ade-41f0-b434-bfe1859dccfe,2024-08,0.0,0.0,0.0,0.0,0.0,0.0,4958.91,4958.91
d446139e-1ade-41f0-b434-bfe1859dccfe,2024-09,0.0,0.0,0.0,0.0,0.0,0.0,4958.91,4958.91
d446139e-1ade-41f0-b434-bfe1859dccfe,2024-10,0.0,0.0,0.0,0.0,0.0,0.0,4958.91,4958.91
d446139e-1ade-41f0-b434-bfe1859dccfe,2024-11,0.0,0.0,0.0,0.0,0.0,0.0,4958.91,4958.91
d446139e-1ade-41f0-b434-bfe1859dccfe,2024-12,0.0,0.0,0.0,0.0,0.0,0.0,4958.91,4958.91
d446139e-1ade-41f0-b434-bfe1859dccfe,2025-01,0.0,0.0,0.0,0.0,0.0,0.0,4958.91,4958.91
d446139e-1ade-41f0-b434-bfe1859dccfe,2025-02,0.0,0.0,0.0,0.0,0.0,0.0,4958.91,4958.91
d446139e-1ade-41f0-b434-bfe1859dccfe,2025-03,0.0,0.0,0.0,0.0,0.0,0.0,4958.91,4958.91
d446139e-1ade-41f0-b434-bfe1859dccfe,2025-04,0.0,0.0,0.0,0.0,0.0,0.0,4958.91,4958.91
d446139e-1ade-41f0-b434-bfe1859dccfe,2025-05,0.0,0.0,0.0,0.0,0.0,0.0,4958.91,4958.91
d446139e-1ade-41f0-b434-bfe1859dccfe,2025-06,0.0,0.0,0.0,0.0,0.0,0.0,4958.91,4958.91
d446139e-1ade-41f0-b434-bfe1859dccfe,2025-07,0.0,0.0,0.0,0.0,0.0,0.0,4958.91,4958.91
d446139e-1ade-41f0-b434-bfe1859dccfe,2025-08,0.0,0.0,0.0,0.0,0.0,0.0,4958.91,4958.91
d446139e-1ade-41f0-b434-bfe1859dccfe,2025-09,0.0,0.0,0.0,0.0,0.0,0.0,4958.91,4958.91
d446139e-1ade-41f0-b434-bfe1859dccfe,2025-10,0.0,0.0,0.0,0.0,0.0,0.0,4958.91,4958.91
d446139e-1ade-41f0-b434-bfe1859dccfe,2025-11,0.0,0.0,0.0,0.0,0.0,0.0,4958.91,4958.91
d446139e-1ade-41f0-b434-bfe1859dccfe,2025-12,28.07,2.25,0.0,0.0,0.0,30.32,4958.91,5322.75
d446139e-1ade-41f0-b434-bfe1859dccfe,2026-01,28.07,0.0,0.0,0.0,38.77,66.84,5322.75,5659.59
d446139e-1ade-41f0-b434-bfe1859dccfe,2026-02,28.07,0.0,0.0,0.0,38.77,66.84,5659.59,5996.43
d446139e-1ade-41f0-b434-bfe1859dccfe,2026-03,28.07,0.0,0.0,0.0,38.77,66.84,5996.43,6333.27
d446139e-1ade-41f0-b434-bfe1859dccfe,2026-04,28.07,0.0,0.0,-28.61,38.77,38.23,6333.27,6326.79
d446139e-1ade-41f0-b434-bfe1859dccfe,2026-05,28.07,0.0,0.0,-28.61,38.77,38.23,6326.79,6320.31
d446139e-1ade-41f0-b434-bfe1859dccfe,2026-06,66.8,5.74,0.0,-28.61,38.77,82.7,6320.31,6847.47
d446139e-1ade-41f0-b434-bfe1859dccfe,2026-07,104.11,0.0,0.0,-56.85,38.77,86.03,6847.47,7414.59
d446139e-1ade-41f0-b434-bfe1859dccfe,2026-08,217.22,0.0,0.0,-28.61,38.77,227.38,7414.59,9677.91
d446139e-1ade-41f0-b434-bfe1859dccfe,2026-09,217.22,0.0,0.0,-28.61,38.77,227.38,9677.91,11941.23
e6e3da5c-10ac-46fc-bbd8-7e5378e7d631,2023-10,0.0,0.0,0.0,0.0,0.0,0.0,15127.16,15127.16
e6e3da5c-10ac-46fc-bbd8-7e5378e7d631,2023-11,0.0,0.0,0.0,0.0,0.0,0.0,15127.16,15127.16
e6e3da5c-10ac-46fc-bbd8-7e5378e7d631,2023-12,0.0,0.0,0.0,0.0,200.75,200.75,15127.16,15127.16
e6e3da5c-10ac-46fc-bbd8-7e5378e7d631,2024-01,0.0,20.94,0.0,0.0,200.75,221.69,15127.16,15378.44
e6e3da5c-10ac-46fc-bbd8-7e5378e7d631,2024-02,0.0,0.0,0.0,0.0,200.75,200.75,15378.44,15378.44
e6e3da5c-10ac-46fc-bbd8-7e5378e7d631,2024-03,0.0,0.0,0.0,0.0,200.75,200.75,15378.44,15378.44
e6e3da5c-10ac-46fc-bbd8-7e5378e7d631,2024-04,0.0,0.0,0.0,0.0,200.75,200.75,15378.44,15378.44
e6e3da5c-10ac-46fc-bbd8-7e5378e7d631,2024-05,0.0,0.0,0.0,0.0,200.75,200.75,15378.44,15378.44
e6e3da5c-10ac-46fc-bbd8-7e5378e7d631,2024-06,0.0,0.0,0.0,-104.17,200.75,96.58,15378.44,14128.4
e6e3da5c-10ac-46fc-bbd8-7e5378e7d631,2024-07,0.0,0.0,0.0,-104.17,200.75,96.58,14128.4,12878.36
e6e3da5c-10ac-46fc-bbd8-7e5378e7d631,2024-08,0.0,0.0,0.0,-104.17,200.75,96.58,12878.36,11628.32
e6e3da5c-10ac-46fc-bbd8-7e5378e7d631,2024-09,0.0,0.0,0.0,-104.17,200.75,96.58,11628.32,10378.28
e6e3da5c-10ac-46fc-bbd8-7e5378e7d631,2024-10,0.0,0.0,0.0,-104.17,200.75,96.58,10378.28,9128.24
e6e3da5c-10ac-46fc-bbd8-7e5378e7d631,2024-11,0.0,0.0,0.0,-129.21,200.75,71.54,9128.24,7577.72
e6e3da5c-10ac-46fc-bbd8-7e5378e7d631,2024-12,0.0,0.0,0.0,-104.17,0.0,-104.17,7577.72,6327.68
e6e3da5c-10ac-46fc-bbd8-7e5378e7d631,2025-01,0.0,0.0,0.0,-104.17,0.0,-104.17,6327.68,5077.64
e6e3da5c-10ac-46fc-bbd8-7e5378e7d631,2025-02,0.0,0.0,0.0,-104.17,0.0,-104.17,5077.64,3827.6
e6e3da5c-10ac-46fc-bbd8-7e5378e7d631,2025-03,0.0,0.0,0.0,-104.17,0.0,-104.17,3827.6,2577.56
e6e3da5c-10ac-46fc-bbd8-7e5378e7d631,2025-04,0.0,0.0,0.0,-104.17,0.0,-104.17,2577.56,1327.52
e6e3da5c-10ac-46fc-bbd8-7e5378e7d631,2025-05,0.0,0.0,0.0,-104.17,0.0,-104.17,1327.52,77.48
e6e3da5c-10ac-46fc-bbd8-7e5378e7d631,2025-06,0.0,0.0,0.0,0.0,0.0,0.0,77.48,77.48
e6e3da5c-10ac-46fc-bbd8-7e5378e7d631,2025-07,0.0,0.0,0.0,0.0,0.0,0.0,77.48,77.48
e6e3da5c-10ac-46fc-bbd8-7e5378e7d631,2025-08,0.0,0.0,0.0,0.0,0.0,0.0,77.48,77.48
e6e3da5c-10ac-46fc-bbd8-7e5378e7d631,2025-09,0.0,0.0,0.0,0.0,84.48,84.48,77.48,77.48
e6e3da5c-10ac-46fc-bbd8-7e5378e7d631,2025-10,96.83,0.0,0.0,0.0,84.48,181.31,77.48,1239.44
e6e3da5c-10ac-46fc-bbd8-7e5378e7d631,2025-11,96.83,0.0,0.0,0.0,84.48,181.31,1239.44,2401.4
e6e3da5c-10ac-46fc-bbd8-7e5378e7d631,2025-12,96.83,0.0,0.0,-23.51,84.48,157.8,2401.4,3281.24
e6e3da5c-10ac-46fc-bbd8-7e5378e7d631,2026-01,96.83,0.0,0.0,0.0,84.48,181.31,3281.24,4443.2
e6e3da5c-10ac-46fc-bbd8-7e5378e7d631,2026-02,178.2,0.0,0.0,-78.0,84.48,184.68,4443.2,5645.6
e6e3da5c-10ac-46fc-bbd8-7e5378e7d631,2026-03,178.2,0.0,0.0,-78.0,84.48,184.68,5645.6,6848.0
e6e3da5c-10ac-46fc-bbd8-7e5378e7d631,2026-04,178.2,0.0,0.0,-78.0,84.48,184.68,6848.0,8050.4
e6e3da5c-10ac-46fc-bbd8-7e5378e7d631,2026-05,178.2,0.0,0.0,-78.0,180.78,280.98,8050.4,9252.8
e6e3da5c-10ac-46fc-bbd8-7e5378e7d631,2026-06,178.2,0.0,0.0,-78.0,180.78,280.98,9252.8,10455.2
e6e3da5c-10ac-46fc-bbd8-7e5378e7d631,2026-07,178.2,0.0,0.0,-78.0,180.78,280.98,10455.2,11657.6
e6e3da5c-10ac-46fc-bbd8-7e5378e7d631,2026-08,178.2,0.0,0.0,-78.0,180.78,280.98,11657.6,12860.0
e6e3da5c-10ac-46fc-bbd8-7e5378e7d631,2026-09,178.2,0.0,0.0,-78.0,96.3,196.5,12860.0,14062.4
29452830-c830-41dc-bde2-225c35008a56,2023-10,0.0,0.0,0.0,0.0,317.84,317.84,18608.99,18608.99
29452830-c830-41dc-bde2-225c35008a56,2023-11,0.0,0.0,0.0,0.0,317.84,317.84,18608.99,18608.99
29452830-c830-41dc-bde2-225c35008a56,2023-12,0.0,0.0,0.0,-27.12,317.84,290.72,18608.99,18283.55
29452830-c830-41dc-bde2-225c35008a56,2024-01,0.0,0.0,0.0,-27.12,317.84,290.72,18283.55,17958.11
29452830-c830-41dc-bde2-225c35008a56,2024-02,0.0,0.0,0.0,-27.12,317.84,290.72,17958.11,17632.67
29452830-c830-41dc-bde2-225c35008a56,2024-03,0.0,0.0,0.0,-27.12,317.84,290.72,17632.67,17307.23
29452830-c830-41dc-bde2-225c35008a56,2024-04,0.0,0.0,0.0,-27.12,317.84,290.72,17307.23,16981.79
29452830-c830-41dc-bde2-225c35008a56,2024-05,0.0,0.0,0.0,-27.12,317.84,290.72,16981.79,16656.35
29452830-c830-41dc-bde2-225c35008a56,2024-06,0.0,0.0,0.0,-27.12,317.84,290.72,16656.35,16330.91
29452830-c830-41dc-bde2-225c35008a56,2024-07,0.0,0.0,0.0,-27.12,317.84,290.72,16330.91,16005.47
29452830-c830-41dc-bde2-225c35008a56,2024-08,0.0,0.0,0.0,-27.12,317.84,290.72,16005.47,15680.03
29452830-c830-41dc-bde2-225c35008a56,2024-09,0.0,0.0,0.0,-27.12,317.84,290.72,15680.03,15354.59
29452830-c830-41dc-bde2-225c35008a56,2024-10,0.0,0.0,0.0,-27.12,0.0,-27.12,15354.59,15029.15
29452830-c830-41dc-bde2-225c35008a56,2024-11,0.0,0.0,0.0,-27.12,0.0,-27.12,15029.15,14703.71
29452830-c830-41dc-bde2-225c35008a56,2024-12,0.0,0.0,0.0,0.0,0.0,0.0,14703.71,14703.71
29452830-c830-41dc-bde2-225c35008a56,2025-01,0.0,0.0,0.0,0.0,0.0,0.0,14703.71,14703.71
29452830-c830-41dc-bde2-225c35008a56,2025-02,0.0,0.0,0.0,0.0,0.0,0.0,14703.71,14703.71
29452830-c830-41dc-bde2-225c35008a56,2025-03,0.0,0.0,0.0,0.0,0.0,0.0,14703.71,14703.71
29452830-c830-41dc-bde2-225c35008a56,2025-04,0.0,0.0,0.0,0.0,0.0,0.0,14703.71,14703.71
29452830-c830-41dc-bde2-225c35008a56,2025-05,0.0,0.0,0.0,0.0,0.0,0.0,14703.71,14703.71
29452830-c830-41dc-bde2-225c35008a56,2025-06,0.0,0.0,0.0,0.0,0.0,0.0,14703.71,14703.71
29452830-c830-41dc-bde2-225c35008a56,2025-07,0.0,0.0,0.0,0.0,0.0,0.0,14703.71,14703.71
29452830-c830-41dc-bde2-225c35008a56,2025-08,0.0,0.0,0.0,0.0,0.0,0.0,14703.71,14703.71
29452830-c830-41dc-bde2-225c35008a56,2025-09,0.0,0.0,0.0,0.0,0.0,0.0,14703.71,14703.71
29452830-c830-41dc-bde2-225c35008a56,2025-10,0.0,0.0,0.0,0.0,0.0,0.0,14703.71,14703.71
29452830-c830-41dc-bde2-225c35008a56,2025-11,0.0,0.0,0.0,0.0,0.0,0.0,14703.71,14703.71
29452830-c830-41dc-bde2-225c35008a56,2025-12,0.0,0.0,0.0,-179.03,0.0,-179.03,14703.71,12555.35
29452830-c830-41dc-bde2-225c35008a56,2026-01,0.0,0.0,0.0,-414.69,0.0,-414.69,12555.35,7579.07
29452830-c830-41dc-bde2-225c35008a56,2026-02,0.0,0.0,0.0,-487.44,0.0,-487.44,7579.07,1729.79
29452830-c830-41dc-bde2-225c35008a56,2026-03,0.0,0.0,0.0,-487.44,0.0,-487.44,1729.79,0.0
29452830-c830-41dc-bde2-225c35008a56,2026-04,0.0,0.0,0.0,-487.44,0.0,-487.44,0.0,0.0
29452830-c830-41dc-bde2-225c35008a56,2026-05,0.0,0.0,0.0,-487.44,87.03,-400.41,0.0,0.0
29452830-c830-41dc-bde2-225c35008a56,2026-06,0.0,0.0,0.0,-487.44,87.03,-400.41,0.0,0.0
29452830-c830-41dc-bde2-225c35008a56,2026-07,64.91,0.0,0.0,-487.44,87.03,-335.5,0.0,0.0
29452830-c830-41dc-bde2-225c35008a56,2026-08,64.91,0.0,0.0,-606.47,87.03,-454.53,0.0,0.0
29452830-c830-41dc-bde2-225c35008a56,2026-09,64.91,18.89,0.0,-577.84,87.03,-407.01,0.0,0.0
ec847390-1f72-4f2c-aece-d6c8a794b9e6,2023-10,0.0,0.0,0.0,0.0,0.0,0.0,26850.56,26850.56
ec847390-1f72-4f2c-aece-d6c8a794b9e6,2023-11,0.0,0.0,0.0,0.0,0.0,0.0,26850.56,26850.56
ec847390-1f72-4f2c-aece-d6c8a794b9e6,2023-12,0.0,0.0,0.0,0.0,0.0,0.0,26850.56,26850.56
ec847390-1f72-4f2c-aece-d6c8a794b9e6,2024-01,0.0,0.0,0.0,0.0,0.0,0.0,26850.56,26850.56
ec847390-1f72-4f2c-aece-d6c8a794b9e6,2024-02,0.0,0.0,0.0,0.0,0.0,0.0,26850.56,26850.56
ec847390-1f72-4f2c-aece-d6c8a794b9e6,2024-03,0.0,0.0,0.0,0.0,0.0,0.0,26850.56,26850.56
ec847390-1f72-4f2c-aece-d6c8a794b9e6,2024-04,0.0,0.0,0.0,0.0,0.0,0.0,26850.56,26850.56
ec847390-1f72-4f2c-aece-d6c8a794b9e6,2024-05,0.0,0.0,0.0,0.0,0.0,0.0,26850.56,26850.56
ec847390-1f72-4f2c-aece-d6c8a794b9e6,2024-06,0.0,0.0,0.0,0.0,0.0,0.0,26850.56,26850.56
ec847390-1f72-4f2c-aece-d6c8a794b9e6,2024-07,271.42,0.0,0.0,-27.81,0.0,243.61,26850.56,29773.88
ec847390-1f72-4f2c-aece-d6c8a794b9e6,2024-08,271.42,0.0,0.0,0.0,0.0,271.42,29773.88,33030.92
ec847390-1f72-4f2c-aece-d6c8a794b9e6,2024-09,271.42,0.0,0.0,0.0,0.0,271.42,33030.92,36287.96
ec847390-1f72-4f2c-aece-d6c8a794b9e6,2024-10,271.42,0.0,0.0,-25.8,0.0,245.62,36287.96,39235.4
ec847390-1f72-4f2c-aece-d6c8a794b9e6,2024-11,271.42,0.0,0.0,0.0,0.0,271.42,39235.4,42492.44
ec847390-1f72-4f2c-aece-d6c8a794b9e6,2024-12,271.42,0.0,0.0,0.0,0.0,271.42,42492.44,45749.48
ec847390-1f72-4f2c-aece-d6c8a794b9e6,2025-01,271.42,0.0,0.0,0.0,0.0,271.42,45749.48,49006.52
ec847390-1f72-4f2c-aece-d6c8a794b9e6,2025-02,271.42,0.0,0.0,0.0,0.0,271.42,49006.52,52263.56
ec847390-1f72-4f2c-aece-d6c8a794b9e6,2025-03,271.42,0.0,0.0,0.0,0.0,271.42,52263.56,55520.6
ec847390-1f72-4f2c-aece-d6c8a794b9e6,2025-04,271.42,0.0,0.0,0.0,0.0,271.42,55520.6,58777.64
ec847390-1f72-4f2c-aece-d6c8a794b9e6,2025-05,271.42,0.0,0.0,-19.1,0.0,252.32,58777.64,61805.48
ec847390-1f72-4f2c-aece-d6c8a794b9e6,2025-06,271.42,0.0,0.0,0.0,0.0,271.42,61805.48,65062.52
ec847390-1f72-4f2c-aece-d6c8a794b9e6,2025-07,0.0,0.0,0.0,0.0,0.0,0.0,65062.52,65062.52
ec847390-1f72-4f2c-aece-d6c8a794b9e6,2025-08,184.44,0.0,0.0,-412.76,0.0,-228.32,65062.52,62322.68
ec847390-1f72-4f2c-aece-d6c8a794b9e6,2025-09,184.44,0.0,0.0,-412.76,135.95,-92.37,62322.68,59582.84
ec847390-1f72-4f2c-aece-d6c8a794b9e6,2025-10,184.44,0.0,0.0,-412.76,135.95,-92.37,59582.84,56843.0
ec847390-1f72-4f2c-aece-d6c8a794b9e6,2025-11,184.44,0.0,0.0,-451.13,135.95,-130.74,56843.0,53642.72
ec847390-1f72-4f2c-aece-d6c8a794b9e6,2025-12,184.44,0.0,0.0,-412.76,135.95,-92.37,53642.72,50902.88
ec847390-1f72-4f2c-aece-d6c8a794b9e6,2026-01,184.44,0.0,0.0,-412.76,195.21,-33.11,50902.88,48163.04
ec847390-1f72-4f2c-aece-d6c8a794b9e6,2026-02,391.07,0.0,0.0,-412.76,195.21,173.52,48163.04,47902.76
ec847390-1f72-4f2c-aece-d6c8a794b9e6,2026-03,391.07,0.0,0.0,-412.76,770.07,748.38,47902.76,47642.48
ec847390-1f72-4f2c-aece-d6c8a794b9e6,2026-04,391.07,0.0,0.0,-412.76,770.07,748.38,47642.48,47382.2
ec847390-1f72-4f2c-aece-d6c8a794b9e6,2026-05,391.07,0.0,0.0,-489.86,770.07,671.28,47382.2,46196.72
ec847390-1f72-4f2c-aece-d6c8a794b9e6,2026-06,559.82,0.0,0.0,-412.76,770.07,917.13,46196.72,47961.44
ec847390-1f72-4f2c-aece-d6c8a794b9e6,2026-07,559.82,0.0,0.0,-412.76,770.07,917.13,47961.44,49726.16
ec847390-1f72-4f2c-aece-d6c8a794b9e6,2026-08,375.38,80.6,0.0,0.0,770.07,1226.05,49726.16,55197.92
ec847390-1f72-4f2c-aece-d6c8a794b9e6,2026-09,375.38,0.0,0.0,0.0,634.12,1009.5,55197.92,59702.48
e86a69d9-3595-4c07-9821-248f968e091d,2023-10,0.0,0.0,0.0,0.0,0.0,0.0,30464.32,30464.32
e86a69d9-3595-4c07-9821-248f968e091d,2023-11,0.0,0.0,0.0,0.0,0.0,0.0,30464.32,30464.32
e86a69d9-3595-4c07-9821-248f968e091d,2023-12,0.0,0.0,0.0,0.0,0.0,0.0,30464.32,30464.32
e86a69d9-3595-4c07-9821-248f968e091d,2024-01,0.0,0.0,0.0,0.0,0.0,0.0,30464.32,30464.32
e86a69d9-3595-4c07-9821-248f968e091d,2024-02,0.0,0.0,0.0,0.0,0.0,0.0,30464.32,30464.32
e86a69d9-3595-4c07-9821-248f968e091d,2024-03,0.0,0.0,0.0,0.0,0.0,0.0,30464.32,30464.32
e86a69d9-3595-4c07-9821-248f968e091d,2024-04,0.0,0.0,0.0,0.0,0.0,0.0,30464.32,30464.32
e86a69d9-3595-4c07-9821-248f968e091d,2024-05,0.0,0.0,0.0,0.0,0.0,0.0,30464.32,30464.32
e86a69d9-3595-4c07-9821-248f968e091d,2024-06,0.0,0.0,0.0,0.0,0.0,0.0,30464.32,30464.32
e86a69d9-3595-4c07-9821-248f968e091d,2024-07,409.12,0.0,0.0,0.0,42.69,451.81,30464.32,35373.76
e86a69d9-3595-4c07-9821-248f968e091d,2024-08,409.12,0.0,0.0,0.0,42.69,451.81,35373.76,40283.2
e86a69d9-3595-4c07-9821-248f968e091d,2024-09,409.12,36.69,0.0,0.0,42.69,488.5,40283.2,45632.92
e86a69d9-3595-4c07-9821-248f968e091d,2024-10,409.12,0.0,0.0,0.0,42.69,451.81,45632.92,50542.36
e86a69d9-3595-4c07-9821-248f968e091d,2024-11,409.12,0.0,0.0,0.0,42.69,451.81,50542.36,55451.8
e86a69d9-3595-4c07-9821-248f968e091d,2024-12,409.12,0.0,0.0,0.0,42.69,451.81,55451.8,60361.24
e86a69d9-3595-4c07-9821-248f968e091d,2025-01,409.12,0.0,0.0,-61.31,42.69,390.5,60361.24,64534.96
e86a69d9-3595-4c07-9821-248f968e091d,2025-02,409.12,51.56,0.0,0.0,42.69,503.37,64534.96,70063.12
e86a69d9-3595-4c07-9821-248f968e091d,2025-03,782.84,0.0,0.0,0.0,42.69,825.53,70063.12,79457.2
e86a69d9-3595-4c07-9821-248f968e091d,2025-04,782.84,0.0,0.0,0.0,42.69,825.53,79457.2,88851.28
e86a69d9-3595-4c07-9821-248f968e091d,2025-05,782.84,0.0,0.0,0.0,42.69,825.53,88851.28,98245.36
e86a69d9-3595-4c07-9821-248f968e091d,2025-06,782.84,0.0,0.0,0.0,42.69,825.53,98245.36,107639.44
e86a69d9-3595-4c07-9821-248f968e091d,2025-07,373.72,51.25,0.0,0.0,0.0,424.97,107639.44,112739.08
e86a69d9-3595-4c07-9821-248f968e091d,2025-08,373.72,34.68,0.0,0.0,0.0,408.4,112739.08,117639.88
e86a69d9-3595-4c07-9821-248f968e091d,2025-09,373.72,0.0,0.0,0.0,0.0,373.72,117639.88,122124.52
e86a69d9-3595-4c07-9821-248f968e091d,2025-10,373.72,28.45,0.0,0.0,0.0,402.17,122124.52,126950.56
e86a69d9-3595-4c07-9821-248f968e091d,2025-11,373.72,0.0,0.0,-174.18,0.0,199.54,126950.56,129345.04
e86a69d9-3595-4c07-9821-248f968e091d,2025-12,373.72,0.0,0.0,-174.18,0.0,199.54,129345.04,131739.52
e86a69d9-3595-4c07-9821-248f968e091d,2026-01,373.72,0.0,0.0,-381.1,234.52,227.14,131739.52,131650.96
e86a69d9-3595-4c07-9821-248f968e091d,2026-02,373.72,0.0,0.0,-381.1,234.52,227.14,131650.96,131562.4
e86a69d9-3595-4c07-9821-248f968e091d,2026-03,0.0,0.0,-14057.61,-381.1,234.52,-14204.19,131562.4,0.0
e86a69d9-3595-4c07-9821-248f968e091d,2026-04,0.0,0.0,0.0,-381.1,234.52,-146.58,0.0,0.0
e86a69d9-3595-4c07-9821-248f968e091d,2026-05,0.0,22.8,0.0,-8876.51,234.52,-8619.19,0.0,0.0
e86a69d9-3595-4c07-9821-248f968e091d,2026-06,0.0,0.0,0.0,-381.1,234.52,-146.58,0.0,0.0
e86a69d9-3595-4c07-9821-248f968e091d,2026-07,196.09,0.0,-16361.06,-381.1,234.52,-16311.55,0.0,0.0
e86a69d9-3595-4c07-9821-248f968e091d,2026-08,196.09,14.05,0.0,-381.1,469.94,298.98,0.0,0.0
e86a69d9-3595-4c07-9821-248f968e091d,2026-09,196.09,0.0,0.0,-455.49,469.94,210.54,0.0,0.0
645d5f16-eab8-4b66-b614-b170c42fcd94,2023-10,0.0,0.0,0.0,0.0,0.0,0.0,13792.16,13792.16
645d5f16-eab8-4b66-b614-b170c42fcd94,2023-11,0.0,0.0,0.0,0.0,0.0,0.0,13792.16,13792.16
645d5f16-eab8-4b66-b614-b170c42fcd94,2023-12,0.0,0.0,0.0,0.0,0.0,0.0,13792.16,13792.16
645d5f16-eab8-4b66-b614-b170c42fcd94,2024-01,0.0,0.0,0.0,0.0,0.0,0.0,13792.16,13792.16
645d5f16-eab8-4b66-b614-b170c42fcd94,2024-02,0.0,0.0,0.0,0.0,0.0,0.0,13792.16,13792.16
645d5f16-eab8-4b66-b614-b170c42fcd94,2024-03,0.0,0.0,0.0,0.0,0.0,0.0,13792.16,13792.16
645d5f16-eab8-4b66-b614-b170c42fcd94,2024-04,0.0,0.0,0.0,-72.25,0.0,-72.25,13792.16,12925.16
645d5f16-eab8-4b66-b614-b170c42fcd94,2024-05,0.0,0.0,0.0,-72.25,0.0,-72.25,12925.16,12058.16
645d5f16-eab8-4b66-b614-b170c42fcd94,2024-06,0.0,0.0,0.0,-72.25,0.0,-72.25,12058.16,11191.16
645d5f16-eab8-4b66-b614-b170c42fcd94,2024-07,0.0,0.0,0.0,-72.25,0.0,-72.25,11191.16,10324.16
645d5f16-eab8-4b66-b614-b170c42fcd94,2024-08,0.0,0.0,0.0,-72.25,309.63,237.38,10324.16,9457.16
645d5f16-eab8-4b66-b614-b170c42fcd94,2024-09,0.0,0.0,0.0,-72.25,309.63,237.38,9457.16,8590.16
645d5f16-eab8-4b66-b614-b170c42fcd94,2024-10,0.0,0.0,0.0,-72.25,309.63,237.38,8590.16,7723.16
645d5f16-eab8-4b66-b614-b170c42fcd94,2024-11,0.0,0.0,0.0,-72.25,309.63,237.38,7723.16,6856.16
645d5f16-eab8-4b66-b614-b170c42fcd94,2024-12,0.0,0.0,0.0,-72.25,309.63,237.38,6856.16,5989.16
645d5f16-eab8-4b66-b614-b170c42fcd94,2025-01,0.0,0.0,0.0,-72.25,309.63,237.38,5989.16,5122.16
645d5f16-eab8-4b66-b614-b170c42fcd94,2025-02,0.0,0.0,0.0,-72.25,309.63,237.38,5122.16,4255.16
645d5f16-eab8-4b66-b614-b170c42fcd94,2025-03,0.0,0.0,0.0,-72.25,309.63,237.38,4255.16,3388.16
645d5f16-eab8-4b66-b614-b170c42fcd94,2025-04,0.0,0.0,0.0,0.0,309.63,309.63,3388.16,3388.16
645d5f16-eab8-4b66-b614-b170c42fcd94,2025-05,0.0,0.0,0.0,0.0,309.63,309.63,3388.16,3388.16
645d5f16-eab8-4b66-b614-b170c42fcd94,2025-06,0.0,0.0,0.0,0.0,309.63,309.63,3388.16,3388.16
645d5f16-eab8-4b66-b614-b170c42fcd94,2025-07,0.0,0.0,0.0,0.0,309.63,309.63,3388.16,3388.16
645d5f16-eab8-4b66-b614-b170c42fcd94,2025-08,0.0,0.0,0.0,0.0,0.0,0.0,3388.16,3388.16
645d5f16-eab8-4b66-b614-b170c42fcd94,2025-09,0.0,0.0,0.0,0.0,0.0,0.0,3388.16,3388.16
645d5f16-eab8-4b66-b614-b170c42fcd94,2025-10,52.01,0.0,0.0,-5.63,0.0,46.38,3388.16,3944.72
645d5f16-eab8-4b66-b614-b170c42fcd94,2025-11,52.01,0.0,0.0,0.0,45.54,97.55,3944.72,4568.84
645d5f16-eab8-4b66-b614-b170c42fcd94,2025-12,52.01,14.86,0.0,0.0,98.66,165.53,4568.84,5371.28
645d5f16-eab8-4b66-b614-b170c42fcd94,2026-01,52.01,0.0,0.0,0.0,98.66,150.67,5371.28,5995.4
645d5f16-eab8-4b66-b614-b170c42fcd94,2026-02,52.01,0.0,0.0,-53.5,98.66,97.17,5995.4,5977.52
645d5f16-eab8-4b66-b614-b170c42fcd94,2026-03,52.01,0.0,0.0,-53.5,98.66,97.17,5977.52,5959.64
645d5f16-eab8-4b66-b614-b170c42fcd94,2026-04,52.01,0.0,0.0,-53.5,98.66,97.17,5959.64,5941.76
645d5f16-eab8-4b66-b614-b170c42fcd94,2026-05,111.87,16.62,0.0,-53.5,98.66,173.65,5941.76,6841.64
645d5f16-eab8-4b66-b614-b170c42fcd94,2026-06,111.87,0.0,0.0,-53.5,98.66,157.03,6841.64,7542.08
645d5f16-eab8-4b66-b614-b170c42fcd94,2026-07,111.87,0.0,0.0,-53.5,98.66,157.03,7542.08,8242.52
645d5f16-eab8-4b66-b614-b170c42fcd94,2026-08,111.87,0.0,0.0,-53.5,98.66,157.03,8242.52,8942.96
645d5f16-eab8-4b66-b614-b170c42fcd94,2026-09,111.87,0.0,0.0,-53.5,98.66,157.03,8942.96,9643.4
9895fd25-57cb-467c-b4fe-dab4d011b85f,2023-10,0.0,0.0,0.0,0.0,0.0,0.0,18256.98,18256.98
9895fd25-57cb-467c-b4fe-dab4d011b85f,2023-11,0.0,0.0,0.0,0.0,0.0,0.0,18256.98,18256.98
9895fd25-57cb-467c-b4fe-dab4d011b85f,2023-12,0.0,0.0,0.0,0.0,0.0,0.0,18256.98,18256.98
9895fd25-57cb-467c-b4fe-dab4d011b85f,2024-01,0.0,0.0,0.0,0.0,0.0,0.0,18256.98,18256.98
9895fd25-57cb-467c-b4fe-dab4d011b85f,2024-02,0.0,0.0,0.0,0.0,0.0,0.0,18256.98,18256.98
9895fd25-57cb-467c-b4fe-dab4d011b85f,2024-03,0.0,0.0,0.0,0.0,0.0,0.0,18256.98,18256.98
9895fd25-57cb-467c-b4fe-dab4d011b85f,2024-04,0.0,0.0,0.0,0.0,0.0,0.0,18256.98,18256.98
9895fd25-57cb-467c-b4fe-dab4d011b85f,2024-05,0.0,0.0,0.0,0.0,0.0,0.0,18256.98,18256.98
9895fd25-57cb-467c-b4fe-dab4d011b85f,2024-06,0.0,0.0,0.0,0.0,0.0,0.0,18256.98,18256.98
9895fd25-57cb-467c-b4fe-dab4d011b85f,2024-07,0.0,0.0,0.0,0.0,0.0,0.0,18256.98,18256.98
9895fd25-57cb-467c-b4fe-dab4d011b85f,2024-08,0.0,0.0,0.0,0.0,0.0,0.0,18256.98,18256.98
9895fd25-57cb-467c-b4fe-dab4d011b85f,2024-09,0.0,0.0,0.0,0.0,0.0,0.0,18256.98,18256.98
9895fd25-57cb-467c-b4fe-dab4d011b85f,2024-10,0.0,0.0,0.0,0.0,0.0,0.0,18256.98,18256.98
9895fd25-57cb-467c-b4fe-dab4d011b85f,2024-11,0.0,0.0,0.0,0.0,0.0,0.0,18256.98,18256.98
9895fd25-57cb-467c-b4fe-dab4d011b85f,2024-12,0.0,0.0,0.0,0.0,0.0,0.0,18256.98,18256.98
9895fd25-57cb-467c-b4fe-dab4d011b85f,2025-01,0.0,0.0,0.0,0.0,136.94,136.94,18256.98,18256.98
9895fd25-57cb-467c-b4fe-dab4d011b85f,2025-02,0.0,0.0,0.0,0.0,136.94,136.94,18256.98,18256.98
9895fd25-57cb-467c-b4fe-dab4d011b85f,2025-03,0.0,0.0,0.0,-7.62,136.94,129.32,18256.98,18165.54
9895fd25-57cb-467c-b4fe-dab4d011b85f,2025-04,0.0,0.0,0.0,0.0,136.94,136.94,18165.54,18165.54
9895fd25-57cb-467c-b4fe-dab4d011b85f,2025-05,0.0,15.74,0.0,0.0,136.94,152.68,18165.54,18354.42
9895fd25-57cb-467c-b4fe-dab4d011b85f,2025-06,0.0,0.0,0.0,0.0,136.94,136.94,18354.42,18354.42
9895fd25-57cb-467c-b4fe-dab4d011b85f,2025-07,0.0,0.0,0.0,0.0,136.94,136.94,18354.42,18354.42
9895fd25-57cb-467c-b4fe-dab4d011b85f,2025-08,0.0,0.0,0.0,0.0,136.94,136.94,18354.42,18354.42
9895fd25-57cb-467c-b4fe-dab4d011b85f,2025-09,0.0,0.0,0.0,-310.07,136.94,-173.13,18354.42,14633.58
9895fd25-57cb-467c-b4fe-dab4d011b85f,2025-10,0.0,0.0,0.0,-310.07,136.94,-173.13,14633.58,10912.74
9895fd25-57cb-467c-b4fe-dab4d011b85f,2025-11,0.0,0.0,0.0,-16013.68,136.94,-15876.74,10912.74,0.0
9895fd25-57cb-467c-b4fe-dab4d011b85f,2025-12,0.0,0.0,0.0,-370.83,136.94,-233.89,0.0,0.0
9895fd25-57cb-467c-b4fe-dab4d011b85f,2026-01,50.09,0.0,0.0,-370.83,0.0,-320.74,0.0,0.0
9895fd25-57cb-467c-b4fe-dab4d011b85f,2026-02,50.09,0.0,0.0,-431.74,179.53,-202.12,0.0,0.0
9895fd25-57cb-467c-b4fe-dab4d011b85f,2026-03,50.09,14.27,0.0,-485.9,179.53,-242.01,0.0,0.0
9895fd25-57cb-467c-b4fe-dab4d011b85f,2026-04,50.09,0.0,0.0,-547.36,450.34,-46.93,0.0,0.0
9895fd25-57cb-467c-b4fe-dab4d011b85f,2026-05,50.09,0.0,0.0,-547.36,450.34,-46.93,0.0,0.0
9895fd25-57cb-467c-b4fe-dab4d011b85f,2026-06,50.09,0.0,0.0,-625.4,450.34,-124.97,0.0,0.0
9895fd25-57cb-467c-b4fe-dab4d011b85f,2026-07,50.09,0.0,0.0,-625.48,450.34,-125.05,0.0,0.0
9895fd25-57cb-467c-b4fe-dab4d011b85f,2026-08,50.09,0.0,0.0,-547.36,450.34,-46.93,0.0,0.0
9895fd25-57cb-467c-b4fe-dab4d011b85f,2026-09,50.09,0.0,0.0,-302.19,450.34,198.24,0.0,0.0
0a6236fc-5bf0-447d-92fd-4eaca555dad6,2023-10,0.0,0.0,0.0,0.0,0.0,0.0,24205.49,24205.49
0a6236fc-5bf0-447d-92fd-4eaca555dad6,2023-11,0.0,0.0,0.0,0.0,0.0,0.0,24205.49,24205.49
0a6236fc-5bf0-447d-92fd-4eaca555dad6,2023-12,136.59,0.0,0.0,0.0,0.0,136.59,24205.49,25844.57
0a6236fc-5bf0-447d-92fd-4eaca555dad6,2024-01,136.59,0.0,0.0,0.0,0.0,136.59,25844.57,27483.65
0a6236fc-5bf0-447d-92fd-4eaca555dad6,2024-02,136.59,0.0,0.0,0.0,0.0,136.59,27483.65,29122.73
0a6236fc-5bf0-447d-92fd-4eaca555dad6,2024-03,136.59,0.0,0.0,-22.37,0.0,114.22,29122.73,30493.37
0a6236fc-5bf0-447d-92fd-4eaca555dad6,2024-04,136.59,0.0,0.0,0.0,0.0,136.59,30493.37,32132.45
0a6236fc-5bf0-447d-92fd-4eaca555dad6,2024-05,136.59,0.0,0.0,0.0,0.0,136.59,32132.45,33771.53
0a6236fc-5bf0-447d-92fd-4eaca555dad6,2024-06,136.59,0.0,0.0,0.0,0.0,136.59,33771.53,35410.61
0a6236fc-5bf0-447d-92fd-4eaca555dad6,2024-07,136.59,0.0,0.0,0.0,0.0,136.59,35410.61,37049.69
0a6236fc-5bf0-447d-92fd-4eaca555dad6,2024-08,136.59,0.0,0.0,-26.46,0.0,110.13,37049.69,38371.25
0a6236fc-5bf0-447d-92fd-4eaca555dad6,2024-09,136.59,0.0,0.0,-17.95,0.0,118.64,38371.25,39794.93
0a6236fc-5bf0-447d-92fd-4eaca555dad6,2024-10,136.59,0.0,0.0,0.0,0.0,136.59,39794.93,41434.01
0a6236fc-5bf0-447d-92fd-4eaca555dad6,2024-11,136.59,0.0,0.0,0.0,0.0,136.59,41434.01,43073.09
0a6236fc-5bf0-447d-92fd-4eaca555dad6,2024-12,0.0,0.0,0.0,0.0,0.0,0.0,43073.09,43073.09
0a6236fc-5bf0-447d-92fd-4eaca555dad6,2025-01,0.0,0.0,0.0,0.0,0.0,0.0,43073.09,43073.09
0a6236fc-5bf0-447d-92fd-4eaca555dad6,2025-02,0.0,0.0,0.0,0.0,0.0,0.0,43073.09,43073.09
0a6236fc-5bf0-447d-92fd-4eaca555dad6,2025-03,0.0,0.0,0.0,0.0,0.0,0.0,43073.09,43073.09
0a6236fc-5bf0-447d-92fd-4eaca555dad6,2025-04,0.0,0.0,0.0,0.0,0.0,0.0,43073.09,43073.09
0a6236fc-5bf0-447d-92fd-4eaca555dad6,2025-05,0.0,0.0,0.0,0.0,0.0,0.0,43073.09,43073.09
0a6236fc-5bf0-447d-92fd-4eaca555dad6,2025-06,234.94,0.0,0.0,0.0,0.0,234.94,43073.09,45892.37
0a6236fc-5bf0-447d-92fd-4eaca555dad6,2025-07,234.94,18.57,0.0,0.0,0.0,253.51,45892.37,48934.49
0a6236fc-5bf0-447d-92fd-4eaca555dad6,2025-08,234.94,0.0,0.0,0.0,0.0,234.94,48934.49,51753.77
0a6236fc-5bf0-447d-92fd-4eaca555dad6,2025-09,234.94,0.0,0.0,-169.25,0.0,65.69,51753.77,52542.05
0a6236fc-5bf0-447d-92fd-4eaca555dad6,2025-10,426.0,0.0,0.0,-169.25,0.0,256.75,52542.05,55623.05
0a6236fc-5bf0-447d-92fd-4eaca555dad6,2025-11,426.0,0.0,0.0,-169.25,0.0,256.75,55623.05,58704.05
0a6236fc-5bf0-447d-92fd-4eaca555dad6,2025-12,426.0,0.0,0.0,-169.25,0.0,256.75,58704.05,61785.05
0a6236fc-5bf0-447d-92fd-4eaca555dad6,2026-01,426.0,0.0,0.0,-169.25,0.0,256.75,61785.05,64866.05
0a6236fc-5bf0-447d-92fd-4eaca555dad6,2026-02,426.0,0.0,0.0,-169.25,0.0,256.75,64866.05,67947.05
0a6236fc-5bf0-447d-92fd-4eaca555dad6,2026-03,426.0,0.0,0.0,-169.25,0.0,256.75,67947.05,71028.05
0a6236fc-5bf0-447d-92fd-4eaca555dad6,2026-04,426.0,0.0,0.0,-258.29,212.71,380.42,71028.05,73040.57
0a6236fc-5bf0-447d-92fd-4eaca555dad6,2026-05,426.0,0.0,0.0,-243.84,212.71,394.87,73040.57,75226.49
0a6236fc-5bf0-447d-92fd-4eaca555dad6,2026-06,191.06,0.0,0.0,-169.25,442.9,464.71,75226.49,75488.21
0a6236fc-5bf0-447d-92fd-4eaca555dad6,2026-07,191.06,0.0,0.0,-377.82,442.9,256.14,75488.21,73247.09
0a6236fc-5bf0-447d-92fd-4eaca555dad6,2026-08,358.52,0.0,0.0,-377.82,442.9,423.6,73247.09,73015.49
0a6236fc-5bf0-447d-92fd-4eaca555dad6,2026-09,358.52,38.7,0.0,-208.58,442.9,631.54,73015.49,75279.17
fc933254-1509-4dc5-9dbf-67455f3bd728,2023-10,0.0,0.0,0.0,0.0,0.0,0.0,31436.72,31436.72
fc933254-1509-4dc5-9dbf-67455f3bd728,2023-11,0.0,0.0,0.0,0.0,0.0,0.0,31436.72,31436.72
fc933254-1509-4dc5-9dbf-67455f3bd728,2023-12,0.0,0.0,0.0,0.0,0.0,0.0,31436.72,31436.72
fc933254-1509-4dc5-9dbf-67455f3bd728,2024-01,0.0,0.0,0.0,0.0,0.0,0.0,31436.72,31436.72
fc933254-1509-4dc5-9dbf-67455f3bd728,2024-02,0.0,0.0,0.0,0.0,0.0,0.0,31436.72,31436.72
fc933254-1509-4dc5-9dbf-67455f3bd728,2024-03,0.0,0.0,0.0,0.0,0.0,0.0,31436.72,31436.72
fc933254-1509-4dc5-9dbf-67455f3bd728,2024-04,0.0,0.0,0.0,0.0,0.0,0.0,31436.72,31436.72
fc933254-1509-4dc5-9dbf-67455f3bd728,2024-05,0.0,0.0,0.0,0.0,0.0,0.0,31436.72,31436.72
fc933254-1509-4dc5-9dbf-67455f3bd728,2024-06,0.0,0.0,0.0,0.0,0.0,0.0,31436.72,31436.72
fc933254-1509-4dc5-9dbf-67455f3bd728,2024-07,0.0,0.0,0.0,0.0,0.0,0.0,31436.72,31436.72
fc933254-1509-4dc5-9dbf-67455f3bd728,2024-08,0.0,0.0,0.0,0.0,0.0,0.0,31436.72,31436.72
fc933254-1509-4dc5-9dbf-67455f3bd728,2024-09,0.0,0.0,0.0,0.0,0.0,0.0,31436.72,31436.72
fc933254-1509-4dc5-9dbf-67455f3bd728,2024-10,0.0,0.0,0.0,0.0,0.0,0.0,31436.72,31436.72
fc933254-1509-4dc5-9dbf-67455f3bd728,2024-11,0.0,0.0,0.0,0.0,0.0,0.0,31436.72,31436.72
fc933254-1509-4dc5-9dbf-67455f3bd728,2024-12,0.0,0.0,0.0,0.0,0.0,0.0,31436.72,31436.72
fc933254-1509-4dc5-9dbf-67455f3bd728,2025-01,0.0,0.0,0.0,0.0,0.0,0.0,31436.72,31436.72
fc933254-1509-4dc5-9dbf-67455f3bd728,2025-02,0.0,0.0,0.0,-136.88,0.0,-136.88,31436.72,29794.16
fc933254-1509-4dc5-9dbf-67455f3bd728,2025-03,0.0,0.0,0.0,-136.88,0.0,-136.88,29794.16,28151.6
fc933254-1509-4dc5-9dbf-67455f3bd728,2025-04,0.0,0.0,0.0,-136.88,0.0,-136.88,28151.6,26509.04
fc933254-1509-4dc5-9dbf-67455f3bd728,2025-05,0.0,0.0,0.0,-489.15,0.0,-489.15,26509.04,20639.24
fc933254-1509-4dc5-9dbf-67455f3bd728,2025-06,0.0,0.0,0.0,-489.15,0.0,-489.15,20639.24,14769.44
fc933254-1509-4dc5-9dbf-67455f3bd728,2025-07,0.0,0.0,0.0,-489.15,0.0,-489.15,14769.44,8899.64
fc933254-1509-4dc5-9dbf-67455f3bd728,2025-08,0.0,0.0,0.0,-489.15,0.0,-489.15,8899.64,3029.84
fc933254-1509-4dc5-9dbf-67455f3bd728,2025-09,0.0,0.0,-1361.69,-489.15,0.0,-1850.84,3029.84,0.0
fc933254-1509-4dc5-9dbf-67455f3bd728,2025-10,0.0,19.16,0.0,-729.15,226.21,-483.78,0.0,0.0
fc933254-1509-4dc5-9dbf-67455f3bd728,2025-11,0.0,5.64,0.0,-729.15,226.21,-497.3,0.0,0.0
fc933254-1509-4dc5-9dbf-67455f3bd728,2025-12,0.0,0.0,0.0,-729.15,226.21,-502.94,0.0,0.0
fc933254-1509-4dc5-9dbf-67455f3bd728,2026-01,0.0,0.0,0.0,-955.96,226.21,-729.75,0.0,0.0
fc933254-1509-4dc5-9dbf-67455f3bd728,2026-02,173.74,58.92,0.0,-819.07,226.21,-360.2,0.0,0.0
fc933254-1509-4dc5-9dbf-67455f3bd728,2026-03,398.23,0.0,0.0,-819.07,226.21,-194.63,0.0,0.0
fc933254-1509-4dc5-9dbf-67455f3bd728,2026-04,398.23,0.0,0.0,-819.07,226.21,-194.63,0.0,0.0
fc933254-1509-4dc5-9dbf-67455f3bd728,2026-05,398.23,0.0,0.0,-466.81,226.21,157.63,0.0,0.0
fc933254-1509-4dc5-9dbf-67455f3bd728,2026-06,398.23,0.0,0.0,-6236.21,226.21,-5611.77,0.0,0.0
fc933254-1509-4dc5-9dbf-67455f3bd728,2026-07,398.23,0.0,0.0,-2181.88,226.21,-1557.44,0.0,0.0
fc933254-1509-4dc5-9dbf-67455f3bd728,2026-08,398.23,0.0,0.0,-504.62,226.21,119.82,0.0,0.0
fc933254-1509-4dc5-9dbf-67455f3bd728,2026-09,695.29,0.0,0.0,-466.81,226.21,454.69,0.0,2741.76
0cbf9a48-fbf3-4c51-b5ec-ac820e68f0b5,2023-10,0.0,0.0,0.0,0.0,0.0,0.0,33317.55,33317.55
0cbf9a48-fbf3-4c51-b5ec-ac820e68f0b5,2023-11,0.0,0.0,0.0,0.0,0.0,0.0,33317.55,33317.55
0cbf9a48-fbf3-4c51-b5ec-ac820e68f0b5,2023-12,0.0,0.0,0.0,0.0,0.0,0.0,33317.55,33317.55
0cbf9a48-fbf3-4c51-b5ec-ac820e68f0b5,2024-01,0.0,0.0,0.0,0.0,0.0,0.0,33317.55,33317.55
0cbf9a48-fbf3-4c51-b5ec-ac820e68f0b5,2024-02,0.0,0.0,0.0,0.0,0.0,0.0,33317.55,33317.55
0cbf9a48-fbf3-4c51-b5ec-ac820e68f0b5,2024-03,0.0,0.0,0.0,0.0,0.0,0.0,33317.55,33317.55
0cbf9a48-fbf3-4c51-b5ec-ac820e68f0b5,2024-04,0.0,0.0,0.0,0.0,0.0,0.0,33317.55,33317.55
0cbf9a48-fbf3-4c51-b5ec-ac820e68f0b5,2024-05,0.0,0.0,0.0,0.0,0.0,0.0,33317.55,33317.55
0cbf9a48-fbf3-4c51-b5ec-ac820e68f0b5,2024-06,334.09,0.0,0.0,0.0,0.0,334.09,33317.55,37326.63
0cbf9a48-fbf3-4c51-b5ec-ac820e68f0b5,2024-07,334.09,0.0,0.0,0.0,0.0,334.09,37326.63,41335.71
0cbf9a48-fbf3-4c51-b5ec-ac820e68f0b5,2024-08,334.09,28.66,0.0,-26.83,0.0,335.92,41335.71,45366.75
0cbf9a48-fbf3-4c51-b5ec-ac820e68f0b5,2024-09,334.09,0.0,0.0,-260.61,0.0,73.48,45366.75,46248.51
0cbf9a48-fbf3-4c51-b5ec-ac820e68f0b5,2024-10,334.09,0.0,0.0,-260.61,0.0,73.48,46248.51,47130.27
0cbf9a48-fbf3-4c51-b5ec-ac820e68f0b5,2024-11,334.09,0.0,0.0,-260.61,0.0,73.48,47130.27,48012.03
0cbf9a48-fbf3-4c51-b5ec-ac820e68f0b5,2024-12,334.09,0.0,0.0,-260.61,0.0,73.48,48012.03,48893.79
0cbf9a48-fbf3-4c51-b5ec-ac820e68f0b5,2025-01,334.09,49.34,0.0,-629.23,0.0,-245.8,48893.79,45944.19
0cbf9a48-fbf3-4c51-b5ec-ac820e68f0b5,2025-02,334.09,0.0,0.0,-629.23,0.0,-295.14,45944.19,42402.51
0cbf9a48-fbf3-4c51-b5ec-ac820e68f0b5,2025-03,334.09,23.52,0.0,-629.23,0.0,-271.62,42402.51,39143.07
0cbf9a48-fbf3-4c51-b5ec-ac820e68f0b5,2025-04,334.09,0.0,0.0,-629.23,0.0,-295.14,39143.07,35601.39
0cbf9a48-fbf3-4c51-b5ec-ac820e68f0b5,2025-05,334.09,43.52,0.0,-629.23,0.0,-251.62,35601.39,32581.95
0cbf9a48-fbf3-4c51-b5ec-ac820e68f0b5,2025-06,0.0,0.0,0.0,-629.23,0.0,-629.23,32581.95,25031.19
0cbf9a48-fbf3-4c51-b5ec-ac820e68f0b5,2025-07,0.0,0.0,0.0,-629.23,0.0,-629.23,25031.19,17480.43
0cbf9a48-fbf3-4c51-b5ec-ac820e68f0b5,2025-08,170.61,0.0,0.0,-655.86,0.0,-485.25,17480.43,11657.43
0cbf9a48-fbf3-4c51-b5ec-ac820e68f0b5,2025-09,170.61,0.0,0.0,-368.61,0.0,-198.0,11657.43,9281.43
0cbf9a48-fbf3-4c51-b5ec-ac820e68f0b5,2025-10,170.61,0.0,0.0,-368.61,0.0,-198.0,9281.43,6905.43
0cbf9a48-fbf3-4c51-b5ec-ac820e68f0b5,2025-11,170.61,0.0,0.0,-382.92,0.0,-212.31,6905.43,4357.71
0cbf9a48-fbf3-4c51-b5ec-ac820e68f0b5,2025-12,170.61,0.0,0.0,-611.29,0.0,-440.68,4357.71,0.0
0cbf9a48-fbf3-4c51-b5ec-ac820e68f0b5,2026-01,544.42,0.0,0.0,-242.68,0.0,301.74,0.0,3620.88
0cbf9a48-fbf3-4c51-b5ec-ac820e68f0b5,2026-02,544.42,0.0,0.0,-242.68,0.0,301.74,3620.88,7241.76
0cbf9a48-fbf3-4c51-b5ec-ac820e68f0b5,2026-03,544.42,0.0,0.0,-242.68,98.99,400.73,7241.76,10862.64
0cbf9a48-fbf3-4c51-b5ec-ac820e68f0b5,2026-04,544.42,0.0,0.0,-421.21,335.65,458.86,10862.64,12341.16
0cbf9a48-fbf3-4c51-b5ec-ac820e68f0b5,2026-05,544.42,0.0,0.0,-499.68,335.65,380.39,12341.16,12878.04
0cbf9a48-fbf3-4c51-b5ec-ac820e68f0b5,2026-06,745.13,0.0,0.0,-572.02,335.65,508.76,12878.04,14955.36
0cbf9a48-fbf3-4c51-b5ec-ac820e68f0b5,2026-07,745.13,0.0,0.0,-499.68,335.65,581.1,14955.36,17900.76
0cbf9a48-fbf3-4c51-b5ec-ac820e68f0b5,2026-08,574.52,0.0,0.0,-13975.64,335.65,-13065.47,17900.76,0.0
0cbf9a48-fbf3-4c51-b5ec-ac820e68f0b5,2026-09,574.52,0.0,0.0,-499.68,615.96,690.8,0.0,898.08
564f69a7-9964-449d-a1ae-4e07a409b8a6,2023-10,0.0,0.0,0.0,0.0,0.0,0.0,18630.58,18630.58
564f69a7-9964-449d-a1ae-4e07a409b8a6,2023-11,0.0,0.0,0.0,0.0,0.0,0.0,18630.58,18630.58
564f69a7-9964-449d-a1ae-4e07a409b8a6,2023-12,0.0,0.0,0.0,0.0,0.0,0.0,18630.58,18630.58
564f69a7-9964-449d-a1ae-4e07a409b8a6,2024-01,0.0,0.0,0.0,0.0,0.0,0.0,18630.58,18630.58
564f69a7-9964-449d-a1ae-4e07a409b8a6,2024-02,0.0,0.0,0.0,0.0,0.0,0.0,18630.58,18630.58
564f69a7-9964-449d-a1ae-4e07a409b8a6,2024-03,0.0,0.0,0.0,0.0,0.0,0.0,18630.58,18630.58
564f69a7-9964-449d-a1ae-4e07a409b8a6,2024-04,0.0,0.0,0.0,0.0,0.0,0.0,18630.58,18630.58
564f69a7-9964-449d-a1ae-4e07a409b8a6,2024-05,0.0,0.0,0.0,0.0,0.0,0.0,18630.58,18630.58
564f69a7-9964-449d-a1ae-4e07a409b8a6,2024-06,0.0,0.0,0.0,0.0,0.0,0.0,18630.58,18630.58
564f69a7-9964-449d-a1ae-4e07a409b8a6,2024-07,0.0,0.0,0.0,0.0,0.0,0.0,18630.58,18630.58
564f69a7-9964-449d-a1ae-4e07a409b8a6,2024-08,0.0,0.0,0.0,0.0,0.0,0.0,18630.58,18630.58
564f69a7-9964-449d-a1ae-4e07a409b8a6,2024-09,69.6,0.0,0.0,0.0,0.0,69.6,18630.58,19465.78
564f69a7-9964-449d-a1ae-4e07a409b8a6,2024-10,69.6,0.0,0.0,-8.54,0.0,61.06,19465.78,20198.5
564f69a7-9964-449d-a1ae-4e07a409b8a6,2024-11,69.6,0.0,0.0,-11.66,0.0,57.94,20198.5,20893.78
564f69a7-9964-449d-a1ae-4e07a409b8a6,2024-12,69.6,0.0,0.0,0.0,0.0,69.6,20893.78,21728.98
564f69a7-9964-449d-a1ae-4e07a409b8a6,2025-01,69.6,0.0,0.0,-269.56,0.0,-199.96,21728.98,19329.46
564f69a7-9964-449d-a1ae-4e07a409b8a6,2025-02,69.6,0.0,0.0,-269.56,0.0,-199.96,19329.46,16929.94
564f69a7-9964-449d-a1ae-4e07a409b8a6,2025-03,69.6,0.0,0.0,-269.56,0.0,-199.96,16929.94,14530.42
564f69a7-9964-449d-a1ae-4e07a409b8a6,2025-04,69.6,0.0,0.0,-269.56,0.0,-199.96,14530.42,12130.9
564f69a7-9964-449d-a1ae-4e07a409b8a6,2025-05,69.6,0.0,0.0,-269.56,0.0,-199.96,12130.9,9731.38
564f69a7-9964-449d-a1ae-4e07a409b8a6,2025-06,69.6,0.0,0.0,-269.56,0.0,-199.96,9731.38,7331.86
564f69a7-9964-449d-a1ae-4e07a409b8a6,2025-07,122.51,0.0,0.0,-269.56,384.1,237.05,7331.86,5567.26
564f69a7-9964-449d-a1ae-4e07a409b8a6,2025-08,167.11,0.0,0.0,-269.56,384.1,281.65,5567.26,4337.86
564f69a7-9964-449d-a1ae-4e07a409b8a6,2025-09,97.51,28.55,0.0,-323.03,384.1,187.13,4337.86,1974.22
564f69a7-9964-449d-a1ae-4e07a409b8a6,2025-10,97.51,0.0,0.0,-323.03,384.1,158.58,1974.22,0.0
564f69a7-9964-449d-a1ae-4e07a409b8a6,2025-11,97.51,0.0,0.0,-323.03,384.1,158.58,0.0,0.0
564f69a7-9964-449d-a1ae-4e07a409b8a6,2025-12,97.51,0.0,0.0,-323.03,384.1,158.58,0.0,0.0
564f69a7-9964-449d-a1ae-4e07a409b8a6,2026-01,97.51,0.0,0.0,-92.6,384.1,389.01,0.0,58.92
564f69a7-9964-449d-a1ae-4e07a409b8a6,2026-02,97.51,0.0,0.0,-53.47,384.1,428.14,58.92,587.4
564f69a7-9964-449d-a1ae-4e07a409b8a6,2026-03,97.51,0.0,0.0,-53.47,384.1,428.14,587.4,1115.88
564f69a7-9964-449d-a1ae-4e07a409b8a6,2026-04,97.51,0.0,0.0,-53.47,384.1,428.14,1115.88,1644.36
564f69a7-9964-449d-a1ae-4e07a409b8a6,2026-05,97.51,0.0,0.0,-53.47,441.7,485.74,1644.36,2172.84
564f69a7-9964-449d-a1ae-4e07a409b8a6,2026-06,97.51,0.0,0.0,-53.47,441.7,485.74,2172.84,2701.32
564f69a7-9964-449d-a1ae-4e07a409b8a6,2026-07,44.6,0.0,0.0,-53.47,57.59,48.72,2701.32,2594.88
564f69a7-9964-449d-a1ae-4e07a409b8a6,2026-08,0.0,0.0,0.0,-108.99,57.59,-51.4,2594.88,1287.0
564f69a7-9964-449d-a1ae-4e07a409b8a6,2026-09,0.0,8.62,0.0,-55.51,57.59,10.7,1287.0,724.32
a3b7910e-fd2c-4344-a297-b8c11b639e56,2023-10,0.0,0.0,0.0,0.0,0.0,0.0,9755.83,9755.83
a3b7910e-fd2c-4344-a297-b8c11b639e56,2023-11,0.0,0.0,0.0,0.0,0.0,0.0,9755.83,9755.83
a3b7910e-fd2c-4344-a297-b8c11b639e56,2023-12,0.0,0.0,0.0,0.0,0.0,0.0,9755.83,9755.83
a3b7910e-fd2c-4344-a297-b8c11b639e56,2024-01,0.0,0.0,0.0,0.0,0.0,0.0,9755.83,9755.83
a3b7910e-fd2c-4344-a297-b8c11b639e56,2024-02,0.0,0.0,0.0,0.0,0.0,0.0,9755.83,9755.83
a3b7910e-fd2c-4344-a297-b8c11b639e56,2024-03,0.0,0.0,0.0,0.0,0.0,0.0,9755.83,9755.83
a3b7910e-fd2c-4344-a297-b8c11b639e56,2024-04,0.0,0.0,0.0,0.0,0.0,0.0,9755.83,9755.83
a3b7910e-fd2c-4344-a297-b8c11b639e56,2024-05,0.0,0.0,0.0,0.0,0.0,0.0,9755.83,9755.83
a3b7910e-fd2c-4344-a297-b8c11b639e56,2024-06,0.0,0.0,0.0,0.0,0.0,0.0,9755.83,9755.83
a3b7910e-fd2c-4344-a297-b8c11b639e56,2024-07,0.0,0.0,0.0,0.0,0.0,0.0,9755.83,9755.83
a3b7910e-fd2c-4344-a297-b8c11b639e56,2024-08,0.0,0.0,0.0,0.0,0.0,0.0,9755.83,9755.83
a3b7910e-fd2c-4344-a297-b8c11b639e56,2024-09,0.0,0.0,0.0,0.0,0.0,0.0,9755.83,9755.83
a3b7910e-fd2c-4344-a297-b8c11b639e56,2024-10,0.0,0.0,0.0,0.0,0.0,0.0,9755.83,9755.83
a3b7910e-fd2c-4344-a297-b8c11b639e56,2024-11,0.0,0.0,0.0,0.0,0.0,0.0,9755.83,9755.83
a3b7910e-fd2c-4344-a297-b8c11b639e56,2024-12,0.0,0.0,0.0,0.0,0.0,0.0,9755.83,9755.83
a3b7910e-fd2c-4344-a297-b8c11b639e56,2025-01,0.0,0.0,0.0,0.0,0.0,0.0,9755.83,9755.83
a3b7910e-fd2c-4344-a297-b8c11b639e56,2025-02,0.0,0.0,0.0,0.0,0.0,0.0,9755.83,9755.83
a3b7910e-fd2c-4344-a297-b8c11b639e56,2025-03,0.0,0.0,0.0,0.0,0.0,0.0,9755.83,9755.83
a3b7910e-fd2c-4344-a297-b8c11b639e56,2025-04,0.0,0.0,0.0,0.0,0.0,0.0,9755.83,9755.83
a3b7910e-fd2c-4344-a297-b8c11b639e56,2025-05,0.0,0.0,0.0,0.0,0.0,0.0,9755.83,9755.83
a3b7910e-fd2c-4344-a297-b8c11b639e56,2025-06,0.0,0.0,0.0,0.0,0.0,0.0,9755.83,9755.83
a3b7910e-fd2c-4344-a297-b8c11b639e56,2025-07,0.0,0.0,0.0,0.0,0.0,0.0,9755.83,9755.83
a3b7910e-fd2c-4344-a297-b8c11b639e56,2025-08,0.0,0.0,0.0,0.0,0.0,0.0,9755.83,9755.83
a3b7910e-fd2c-4344-a297-b8c11b639e56,2025-09,0.0,0.0,0.0,0.0,0.0,0.0,9755.83,9755.83
a3b7910e-fd2c-4344-a297-b8c11b639e56,2025-10,0.0,0.0,0.0,-54.32,0.0,-54.32,9755.83,9103.99
a3b7910e-fd2c-4344-a297-b8c11b639e56,2025-11,0.0,0.0,0.0,-54.32,0.0,-54.32,9103.99,8452.15
a3b7910e-fd2c-4344-a297-b8c11b639e56,2025-12,0.0,0.0,0.0,-54.32,43.86,-10.46,8452.15,7800.31
a3b7910e-fd2c-4344-a297-b8c11b639e56,2026-01,0.0,0.0,0.0,-206.26,43.86,-162.4,7800.31,5325.19
a3b7910e-fd2c-4344-a297-b8c11b639e56,2026-02,0.0,0.0,0.0,-206.26,43.86,-162.4,5325.19,2850.07
a3b7910e-fd2c-4344-a297-b8c11b639e56,2026-03,0.0,1.02,0.0,-206.26,43.86,-161.38,2850.07,387.19
a3b7910e-fd2c-4344-a297-b8c11b639e56,2026-04,103.3,0.0,0.0,-206.26,43.86,-59.1,387.19,0.0
a3b7910e-fd2c-4344-a297-b8c11b639e56,2026-05,103.3,0.0,0.0,-206.26,92.05,-10.91,0.0,0.0
a3b7910e-fd2c-4344-a297-b8c11b639e56,2026-06,103.3,0.0,0.0,-206.26,92.05,-10.91,0.0,0.0
a3b7910e-fd2c-4344-a297-b8c11b639e56,2026-07,103.3,0.0,0.0,-206.26,92.05,-10.91,0.0,0.0
a3b7910e-fd2c-4344-a297-b8c11b639e56,2026-08,103.3,0.0,-15590.15,-206.26,92.05,-15601.06,0.0,0.0
a3b7910e-fd2c-4344-a297-b8c11b639e56,2026-09,103.3,0.0,0.0,-206.26,92.05,-10.91,0.0,0.0
f61e3218-5e2d-439b-8b66-aad1cb7e037e,2023-10,0.0,0.0,0.0,0.0,0.0,0.0,30528.45,30528.45
f61e3218-5e2d-439b-8b66-aad1cb7e037e,2023-11,0.0,0.0,0.0,-372.24,0.0,-372.24,30528.45,26061.57
f61e3218-5e2d-439b-8b66-aad1cb7e037e,2023-12,0.0,0.0,0.0,-391.21,250.88,-140.33,26061.57,21367.05
f61e3218-5e2d-439b-8b66-aad1cb7e037e,2024-01,0.0,0.0,0.0,-585.84,250.88,-334.96,21367.05,14336.97
f61e3218-5e2d-439b-8b66-aad1cb7e037e,2024-02,0.0,0.0,0.0,-585.84,250.88,-334.96,14336.97,7306.89
f61e3218-5e2d-439b-8b66-aad1cb7e037e,2024-03,0.0,15.06,0.0,-585.84,250.88,-319.9,7306.89,457.53
f61e3218-5e2d-439b-8b66-aad1cb7e037e,2024-04,343.73,0.0,0.0,-585.84,250.88,8.77,457.53,0.0
f61e3218-5e2d-439b-8b66-aad1cb7e037e,2024-05,343.73,0.0,0.0,-585.84,250.88,8.77,0.0,0.0
f61e3218-5e2d-439b-8b66-aad1cb7e037e,2024-06,343.73,0.0,0.0,-585.84,250.88,8.77,0.0,0.0
f61e3218-5e2d-439b-8b66-aad1cb7e037e,2024-07,343.73,50.36,0.0,-683.84,250.88,-38.87,0.0,0.0
f61e3218-5e2d-439b-8b66-aad1cb7e037e,2024-08,343.73,0.0,0.0,-585.84,250.88,8.77,0.0,0.0
f61e3218-5e2d-439b-8b66-aad1cb7e037e,2024-09,343.73,0.0,0.0,-585.84,250.88,8.77,0.0,0.0
f61e3218-5e2d-439b-8b66-aad1cb7e037e,2024-10,343.73,0.0,0.0,-585.84,250.88,8.77,0.0,0.0
f61e3218-5e2d-439b-8b66-aad1cb7e037e,2024-11,343.73,0.0,0.0,-213.6,250.88,381.01,0.0,1561.56
f61e3218-5e2d-439b-8b66-aad1cb7e037e,2024-12,343.73,0.0,0.0,-271.12,0.0,72.61,1561.56,2432.88
f61e3218-5e2d-439b-8b66-aad1cb7e037e,2025-01,343.73,0.0,0.0,0.0,0.0,343.73,2432.88,6557.64
f61e3218-5e2d-439b-8b66-aad1cb7e037e,2025-02,343.73,66.31,0.0,0.0,151.09,561.13,6557.64,11478.12
f61e3218-5e2d-439b-8b66-aad1cb7e037e,2025-03,343.73,0.0,0.0,0.0,151.09,494.82,11478.12,15602.88
f61e3218-5e2d-439b-8b66-aad1cb7e037e,2025-04,0.0,0.0,0.0,0.0,325.55,325.55,15602.88,15602.88
f61e3218-5e2d-439b-8b66-aad1cb7e037e,2025-05,0.0,0.0,0.0,0.0,325.55,325.55,15602.88,15602.88
f61e3218-5e2d-439b-8b66-aad1cb7e037e,2025-06,0.0,0.0,0.0,-41.72,325.55,283.83,15602.88,15102.24
f61e3218-5e2d-439b-8b66-aad1cb7e037e,2025-07,0.0,0.0,0.0,-238.27,325.55,87.28,15102.24,12243.0
f61e3218-5e2d-439b-8b66-aad1cb7e037e,2025-08,0.0,0.0,0.0,-312.5,543.42,230.92,12243.0,8493.0
f61e3218-5e2d-439b-8b66-aad1cb7e037e,2025-09,0.0,0.0,0.0,-238.27,543.42,305.15,8493.0,5633.76
f61e3218-5e2d-439b-8b66-aad1cb7e037e,2025-10,0.0,0.0,0.0,-453.05,543.42,90.37,5633.76,197.16
f61e3218-5e2d-439b-8b66-aad1cb7e037e,2025-11,0.0,0.0,0.0,-413.71,543.42,129.71,197.16,0.0
f61e3218-5e2d-439b-8b66-aad1cb7e037e,2025-12,0.0,0.0,0.0,-413.71,543.42,129.71,0.0,0.0
f61e3218-5e2d-439b-8b66-aad1cb7e037e,2026-01,0.0,0.0,0.0,-413.71,683.65,269.94,0.0,0.0
f61e3218-5e2d-439b-8b66-aad1cb7e037e,2026-02,0.0,0.0,0.0,-413.71,532.56,118.85,0.0,0.0
f61e3218-5e2d-439b-8b66-aad1cb7e037e,2026-03,0.0,0.0,0.0,-413.71,532.56,118.85,0.0,0.0
f61e3218-5e2d-439b-8b66-aad1cb7e037e,2026-04,0.0,97.49,0.0,-413.71,657.95,341.73,0.0,0.0
f61e3218-5e2d-439b-8b66-aad1cb7e037e,2026-05,406.94,0.0,0.0,-413.71,880.99,874.22,0.0,0.0
f61e3218-5e2d-439b-8b66-aad1cb7e037e,2026-06,406.94,0.0,0.0,-413.71,880.99,874.22,0.0,0.0
f61e3218-5e2d-439b-8b66-aad1cb7e037e,2026-07,406.94,39.06,0.0,-175.44,880.99,1151.55,0.0,3246.72
f61e3218-5e2d-439b-8b66-aad1cb7e037e,2026-08,406.94,0.0,0.0,-175.44,663.12,894.62,3246.72,6024.72
f61e3218-5e2d-439b-8b66-aad1cb7e037e,2026-09,406.94,0.0,0.0,-175.44,663.12,894.62,6024.72,8802.72
2f57768e-edff-4eae-9153-eaeca2be9514,2023-10,0.0,0.0,0.0,0.0,0.0,0.0,26067.05,26067.05
2f57768e-edff-4eae-9153-eaeca2be9514,2023-11,0.0,0.0,0.0,0.0,0.0,0.0,26067.05,26067.05
2f57768e-edff-4eae-9153-eaeca2be9514,2023-12,0.0,0.0,0.0,-99.54,0.0,-99.54,26067.05,24872.57
2f57768e-edff-4eae-9153-eaeca2be9514,2024-01,210.97,28.41,0.0,-99.54,0.0,139.84,24872.57,26550.65
2f57768e-edff-4eae-9153-eaeca2be9514,2024-02,210.97,0.0,0.0,-99.54,0.0,111.43,26550.65,27887.81
2f57768e-edff-4eae-9153-eaeca2be9514,2024-03,210.97,0.0,0.0,-99.54,0.0,111.43,27887.81,29224.97
2f57768e-edff-4eae-9153-eaeca2be9514,2024-04,428.05,27.98,0.0,-99.54,0.0,356.49,29224.97,33502.85
2f57768e-edff-4eae-9153-eaeca2be9514,2024-05,428.05,40.73,0.0,-99.54,0.0,369.24,33502.85,37933.73
2f57768e-edff-4eae-9153-eaeca2be9514,2024-06,428.05,0.0,0.0,-99.54,101.58,430.09,37933.73,41875.85
2f57768e-edff-4eae-9153-eaeca2be9514,2024-07,428.05,0.0,0.0,-134.67,101.58,394.96,41875.85,45396.41
2f57768e-edff-4eae-9153-eaeca2be9514,2024-08,428.05,0.0,0.0,-99.54,101.58,430.09,45396.41,49338.53
2f57768e-edff-4eae-9153-eaeca2be9514,2024-09,428.05,0.0,0.0,-99.54,101.58,430.09,49338.53,53280.65
2f57768e-edff-4eae-9153-eaeca2be9514,2024-10,428.05,0.0,0.0,-99.54,101.58,430.09,53280.65,57222.77
2f57768e-edff-4eae-9153-eaeca2be9514,2024-11,428.05,0.0,0.0,-99.54,101.58,430.09,57222.77,61164.89
2f57768e-edff-4eae-9153-eaeca2be9514,2024-12,428.05,63.51,0.0,0.0,101.58,593.14,61164.89,67063.61
2f57768e-edff-4eae-9153-eaeca2be9514,2025-01,217.08,19.23,0.0,0.0,101.58,337.89,67063.61,69899.33
2f57768e-edff-4eae-9153-eaeca2be9514,2025-02,217.08,0.0,0.0,0.0,101.58,318.66,69899.33,72504.29
2f57768e-edff-4eae-9153-eaeca2be9514,2025-03,217.08,0.0,0.0,0.0,101.58,318.66,72504.29,75109.25
2f57768e-edff-4eae-9153-eaeca2be9514,2025-04,0.0,0.0,0.0,0.0,226.72,226.72,75109.25,75109.25
2f57768e-edff-4eae-9153-eaeca2be9514,2025-05,0.0,0.0,0.0,0.0,226.72,226.72,75109.25,75109.25
2f57768e-edff-4eae-9153-eaeca2be9514,2025-06,0.0,0.0,0.0,-6.8,125.14,118.34,75109.25,75027.65
2f57768e-edff-4eae-9153-eaeca2be9514,2025-07,169.72,20.92,0.0,-31.71,125.14,284.07,75027.65,76934.81
2f57768e-edff-4eae-9153-eaeca2be9514,2025-08,169.72,0.0,0.0,0.0,125.14,294.86,76934.81,78971.45
2f57768e-edff-4eae-9153-eaeca2be9514,2025-09,169.72,0.0,0.0,0.0,125.14,294.86,78971.45,81008.09
2f57768e-edff-4eae-9153-eaeca2be9514,2025-10,169.72,0.0,0.0,0.0,508.04,677.76,81008.09,83044.73
2f57768e-edff-4eae-9153-eaeca2be9514,2025-11,169.72,0.0,0.0,-191.97,508.04,485.79,83044.73,82777.73
2f57768e-edff-4eae-9153-eaeca2be9514,2025-12,410.01,0.0,0.0,-395.46,508.04,522.59,82777.73,82952.33
2f57768e-edff-4eae-9153-eaeca2be9514,2026-01,410.01,0.0,0.0,-395.46,691.75,706.3,82952.33,83126.93
2f57768e-edff-4eae-9153-eaeca2be9514,2026-02,410.01,0.0,0.0,-395.46,691.75,706.3,83126.93,83301.53
2f57768e-edff-4eae-9153-eaeca2be9514,2026-03,631.63,0.0,0.0,-395.46,691.75,927.92,83301.53,86135.57
2f57768e-edff-4eae-9153-eaeca2be9514,2026-04,631.63,0.0,0.0,-395.46,566.6,802.77,86135.57,88969.61
2f57768e-edff-4eae-9153-eaeca2be9514,2026-05,631.63,0.0,0.0,-395.46,566.6,802.77,88969.61,91803.65
2f57768e-edff-4eae-9153-eaeca2be9514,2026-06,631.63,0.0,0.0,-545.36,566.6,652.87,91803.65,92838.89
2f57768e-edff-4eae-9153-eaeca2be9514,2026-07,461.91,0.0,0.0,-395.46,566.6,633.05,92838.89,93636.29
2f57768e-edff-4eae-9153-eaeca2be9514,2026-08,668.14,0.0,0.0,-395.46,566.6,839.28,93636.29,96908.45
2f57768e-edff-4eae-9153-eaeca2be9514,2026-09,668.14,97.52,0.0,-719.0,566.6,613.26,96908.45,97468.37
