id,deal_id,rep_id,type,outcome,notes,activity_date
4ea84633-3918-48c0-b1fa-7962883e459a,fb4ac9e0-ee60-4eae-b2e9-92d07bc42fe2,11c317d5-9177-43e8-8435-10259cc49bf8,call,negative,CRM activity import,2025-07-07
cbc58e77-dc14-49ed-aea2-98f232fd9bd5,fb4ac9e0-ee60-4eae-b2e9-92d07bc42fe2,11c317d5-9177-43e8-8435-10259cc49bf8,email,positive,CRM activity import,2025-03-21
8d1bba91-690e-45e2-b237-701b15acecb0,fb4ac9e0-ee60-4eae-b2e9-92d07bc42fe2,11c317d5-9177-43e8-8435-10259cc49bf8,call,no_response,CRM activity import,2025-07-14
767961b6-d0e3-402b-b264-e261007b0465,fb4ac9e0-ee60-4eae-b2e9-92d07bc42fe2,11c317d5-9177-43e8-8435-10259cc49bf8,follow_up,no_response,CRM activity import,2025-06-19
47e85f5d-25ea-48ec-a8ff-f766db118631,5ee0918d-be00-48cb-bde9-7138c578bf04,45729505-fc18-43ae-83d6-9e3928d4d5a1,meeting,positive,CRM activity import,2025-04-25
548fe95e-5b5f-454d-9eb1-3d2e94c12e92,5ee0918d-be00-48cb-bde9-7138c578bf04,45729505-fc18-43ae-83d6-9e3928d4d5a1,meeting,neutral,CRM activity import,2025-02-09
5b3ff081-a30d-42c9-b64c-28b875f60f54,5ee0918d-be00-48cb-bde9-7138c578bf04,45729505-fc18-43ae-83d6-9e3928d4d5a1,call,positive,CRM activity import,2025-06-13
dce2dcef-ea52-4b2f-9afa-dcfd16753d37,5ee0918d-be00-48cb-bde9-7138c578bf04,45729505-fc18-43ae-83d6-9e3928d4d5a1,meeting,neutral,CRM activity import,2025-10-04
21ad8b32-cc5e-4514-b7d1-0b65e70e7e6b,5ee0918d-be00-48cb-bde9-7138c578bf04,45729505-fc18-43ae-83d6-9e3928d4d5a1,follow_up,negative,CRM activity import,2025-05-14
e5563cd7-6b57-4366-b4d2-dedf5cba3ee1,071e2811-1f7d-4d73-970b-785148a660a0,ceb899a0-18c2-424a-8e78-b74496ad1fe3,email,neutral,CRM activity import,2025-05-23
4654088d-29b4-49a9-9b5d-eab1cd31793a,071e2811-1f7d-4d73-970b-785148a660a0,ceb899a0-18c2-424a-8e78-b74496ad1fe3,call,negative,CRM activity import,2025-03-08
fd4f9318-5d74-4cc0-8034-71983d672126,2150548f-53dc-4587-8adf-54ec0e147196,11c317d5-9177-43e8-8435-10259cc49bf8,follow_up,neutral,CRM activity import,2025-05-10
5c903588-eef5-48ab-8e29-8629e99ab28b,2150548f-53dc-4587-8adf-54ec0e147196,11c317d5-9177-43e8-8435-10259cc49bf8,demo,no_response,CRM activity import,2025-02-27
f55ef361-3f22-4337-8022-43afc5b91cac,2150548f-53dc-4587-8adf-54ec0e147196,11c317d5-9177-43e8-8435-10259cc49bf8,meeting,positive,CRM activity import,2025-08-08
ebaab56a-e008-4537-8fef-13753d0406de,2150548f-53dc-4587-8adf-54ec0e147196,11c317d5-9177-43e8-8435-10259cc49bf8,demo,positive,CRM activity import,2025-08-10
80c57260-3e9c-47f8-af1b-c13dd0eebd40,2150548f-53dc-4587-8adf-54ec0e147196,11c317d5-9177-43e8-8435-10259cc49bf8,email,positive,CRM activity import,2025-03-15
186a8c31-c5c8-48a6-9451-0c2f8a8fd1ce,17213abb-907f-4348-a443-b5cde08c5e66,e4d095e6-f88c-41b4-9f30-3da49209a2dd,meeting,neutral,CRM activity import,2025-11-12
abda47d3-b2e1-49cc-989a-fe9db3b0d2b3,17213abb-907f-4348-a443-b5cde08c5e66,e4d095e6-f88c-41b4-9f30-3da49209a2dd,follow_up,positive,CRM activity import,2025-02-01
f3ea495e-a9d9-4505-835c-66b27ab62568,a1ec34f0-ba0a-4555-a081-a5f4dec23789,523a6734-973b-43b1-8a23-01c7c905083a,call,no_response,CRM activity import,2025-04-21
1dde60ba-bc1a-436a-8946-c1c49da28d9f,a1ec34f0-ba0a-4555-a081-a5f4dec23789,523a6734-973b-43b1-8a23-01c7c905083a,follow_up,no_response,CRM activity import,2025-08-21
7930d334-0395-40a1-800c-094c8fb46146,cd4d630b-31eb-4318-a6f2-28152df77566,523a6734-973b-43b1-8a23-01c7c905083a,email,positive,CRM activity import,2025-10-08
758962d4-613b-4caf-9e56-312718d4b785,cd4d630b-31eb-4318-a6f2-28152df77566,523a6734-973b-43b1-8a23-01c7c905083a,email,no_response,CRM activity import,2025-03-05
bfdac88f-3c3f-422d-9044-ef15971100bf,1d1d93ee-dd91-41e5-adb5-f43452868e3b,8855c974-d62f-4d15-a655-0091e8a316de,meeting,positive,CRM activity import,2025-12-27
1ac8ac0f-4729-416e-b345-d567e76b6f6c,1d1d93ee-dd91-41e5-adb5-f43452868e3b,8855c974-d62f-4d15-a655-0091e8a316de,call,negative,CRM activity import,2025-01-21
028ee534-2543-42b1-95ee-c04e1511bcbc,1d1d93ee-dd91-41e5-adb5-f43452868e3b,8855c974-d62f-4d15-a655-0091e8a316de,call,neutral,CRM activity import,2025-10-13
c1f68162-ea3f-4b3f-b5d5-8356f7f661d3,1d1d93ee-dd91-41e5-adb5-f43452868e3b,8855c974-d62f-4d15-a655-0091e8a316de,meeting,no_response,CRM activity import,2025-03-10
c155c1d3-7294-40df-8da3-d5c39b96030a,51c86652-8b19-49b1-a9e1-6ede2450635f,ceb899a0-18c2-424a-8e78-b74496ad1fe3,email,positive,CRM activity import,2025-06-19
6b82bf09-8b46-4a41-a7b8-e678a4dce6eb,51c86652-8b19-49b1-a9e1-6ede2450635f,ceb899a0-18c2-424a-8e78-b74496ad1fe3,meeting,neutral,CRM activity import,2025-11-14
72d2116a-f751-47a9-aafe-359549d0f413,51c86652-8b19-49b1-a9e1-6ede2450635f,ceb899a0-18c2-424a-8e78-b74496ad1fe3,meeting,neutral,CRM activity import,2025-09-09
14b691c0-7637-49e3-ad0f-464111e200e2,2b1962b6-6a5a-40c4-8407-1319136c72e2,e4d095e6-f88c-41b4-9f30-3da49209a2dd,call,no_response,CRM activity import,2025-12-14
05d9e08d-7158-4a00-b365-283da329a0ea,2b1962b6-6a5a-40c4-8407-1319136c72e2,e4d095e6-f88c-41b4-9f30-3da49209a2dd,meeting,negative,CRM activity import,2025-08-01
9d67ef9f-5c69-4e94-b472-72f57b0bae91,2b1962b6-6a5a-40c4-8407-1319136c72e2,e4d095e6-f88c-41b4-9f30-3da49209a2dd,follow_up,neutral,CRM activity import,2025-01-23
9a1cac83-e62f-4746-a1cf-c0d0a465667a,2b1962b6-6a5a-40c4-8407-1319136c72e2,e4d095e6-f88c-41b4-9f30-3da49209a2dd,meeting,neutral,CRM activity import,2025-03-22
f53b22b4-c8cd-44ad-ad85-84c5740c90b6,4b05b311-1a60-4de6-bbc3-5841362008c7,45729505-fc18-43ae-83d6-9e3928d4d5a1,email,neutral,CRM activity import,2025-05-09
146eb101-7e8f-4faa-856c-9eff40e773a7,4b05b311-1a60-4de6-bbc3-5841362008c7,45729505-fc18-43ae-83d6-9e3928d4d5a1,meeting,no_response,CRM activity import,2025-06-13
9e27d894-914c-43c6-ad3d-4ca7deca67e0,4411f192-a644-4815-8637-44e21ba3296c,a488066b-f5f7-4cbe-a836-43d11bcda709,meeting,negative,CRM activity import,2025-03-01
7c5f4258-bd00-40d8-93e3-437fba756e6c,4411f192-a644-4815-8637-44e21ba3296c,a488066b-f5f7-4cbe-a836-43d11bcda709,email,no_response,CRM activity import,2025-08-09
4ab33c99-61a7-413c-a3d9-de379a9fe5d2,4411f192-a644-4815-8637-44e21ba3296c,a488066b-f5f7-4cbe-a836-43d11bcda709,demo,negative,CRM activity import,2025-12-21
1d9dc203-e692-4b8f-9432-d54a76052a48,64e48fcc-7dd7-4dd6-96a4-f0a7cd0680c1,523a6734-973b-43b1-8a23-01c7c905083a,meeting,neutral,CRM activity import,2025-12-20
8c86d53b-0040-443e-9be7-7e3064a4e95f,64e48fcc-7dd7-4dd6-96a4-f0a7cd0680c1,523a6734-973b-43b1-8a23-01c7c905083a,call,no_response,CRM activity import,2025-09-22
9f9fc333-f2c7-4c9c-8e34-2dc8557b4184,64e48fcc-7dd7-4dd6-96a4-f0a7cd0680c1,523a6734-973b-43b1-8a23-01c7c905083a,follow_up,neutral,CRM activity import,2025-08-07
719f977d-4677-453d-899f-64c146b41fdd,64e48fcc-7dd7-4dd6-96a4-f0a7cd0680c1,523a6734-973b-43b1-8a23-01c7c905083a,follow_up,positive,CRM activity import,2025-12-13
5af08382-75d2-432d-b557-c2a8fcdce52e,64e48fcc-7dd7-4dd6-96a4-f0a7cd0680c1,523a6734-973b-43b1-8a23-01c7c905083a,meeting,no_response,CRM activity import,2025-09-11
b806621a-f863-4668-8432-85e2ef7b32fe,40770a7b-1447-4bc0-b3e6-2be9478dc35e,a488066b-f5f7-4cbe-a836-43d11bcda709,email,positive,CRM activity import,2025-02-08
82bfbd0d-9c67-4644-a444-4a298dcc201d,40770a7b-1447-4bc0-b3e6-2be9478dc35e,a488066b-f5f7-4cbe-a836-43d11bcda709,email,no_response,CRM activity import,2025-03-08
f7dadfaa-d2f0-40f7-be86-b93121415e4f,40770a7b-1447-4bc0-b3e6-2be9478dc35e,a488066b-f5f7-4cbe-a836-43d11bcda709,demo,neutral,CRM activity import,2025-06-03
4cb5a892-7faf-4df8-be58-1f4ad5ee544c,40770a7b-1447-4bc0-b3e6-2be9478dc35e,a488066b-f5f7-4cbe-a836-43d11bcda709,email,positive,CRM activity import,2025-12-02
3b4cb17b-63fc-466e-9661-5f2b2054470e,40770a7b-1447-4bc0-b3e6-2be9478dc35e,a488066b-f5f7-4cbe-a836-43d11bcda709,call,no_response,CRM activity import,2025-07-07
70efebc9-5fef-478f-9a2e-74d7059fd6df,40770a7b-1447-4bc0-b3e6-2be9478dc35e,a488066b-f5f7-4cbe-a836-43d11bcda709,meeting,no_response,CRM activity import,2025-06-17
efae003c-425f-42b6-ba44-cabf4cb14adb,de0f7a4b-ffa7-456c-9ec0-253952211757,8855c974-d62f-4d15-a655-0091e8a316de,email,no_response,CRM activity import,2025-10-28
5763afea-53ef-4338-98c7-fee7bba6ab0b,03f51977-305a-41cc-adbc-675c44fdf4a7,e4d095e6-f88c-41b4-9f30-3da49209a2dd,meeting,negative,CRM activity import,2025-12-06
0eccc590-1810-4fe6-96b1-0f3af47614b0,03f51977-305a-41cc-adbc-675c44fdf4a7,e4d095e6-f88c-41b4-9f30-3da49209a2dd,follow_up,neutral,CRM activity import,2025-08-19
866476ec-c73a-45ca-bddc-68571c37befe,03f51977-305a-41cc-adbc-675c44fdf4a7,e4d095e6-f88c-41b4-9f30-3da49209a2dd,meeting,neutral,CRM activity import,2025-08-15
f7a952e6-f0c0-456e-8364-3ab63d4ed031,03f51977-305a-41cc-adbc-675c44fdf4a7,e4d095e6-f88c-41b4-9f30-3da49209a2dd,demo,neutral,CRM activity import,2025-08-22
8a94459b-cfb2-475f-9a21-e570816c714e,03f51977-305a-41cc-adbc-675c44fdf4a7,e4d095e6-f88c-41b4-9f30-3da49209a2dd,follow_up,no_response,CRM activity import,2025-10-20
e74ad00e-c786-4e1a-9212-7e5ec8673bf3,21314cf0-8b7d-4243-82dd-ee85ad26bf75,8855c974-d62f-4d15-a655-0091e8a316de,follow_up,no_response,CRM activity import,2025-10-15
adda24d8-5e18-42f6-b842-81304aa6daed,21314cf0-8b7d-4243-82dd-ee85ad26bf75,8855c974-d62f-4d15-a655-0091e8a316de,call,no_response,CRM activity import,2025-01-22
112c684a-71b7-4008-933b-7cc649a34334,21314cf0-8b7d-4243-82dd-ee85ad26bf75,8855c974-d62f-4d15-a655-0091e8a316de,demo,neutral,CRM activity import,2025-02-12
f76b0804-4fc9-437a-82c6-fd5f70983187,21314cf0-8b7d-4243-82dd-ee85ad26bf75,8855c974-d62f-4d15-a655-0091e8a316de,demo,positive,CRM activity import,2025-07-14
64946b9d-74da-4c2c-bbf3-caa3c8385db1,d14f382b-f675-4b3d-a01e-ce63c8e6af32,31840926-ac4a-45ff-bb8a-1382837aa32b,call,neutral,CRM activity import,2025-03-26
d388a7be-a16c-4697-88cc-c360b0d49659,d14f382b-f675-4b3d-a01e-ce63c8e6af32,31840926-ac4a-45ff-bb8a-1382837aa32b,call,no_response,CRM activity import,2025-09-25
bd4e5022-8b7e-47f5-8b8e-44be603b5ab5,d14f382b-f675-4b3d-a01e-ce63c8e6af32,31840926-ac4a-45ff-bb8a-1382837aa32b,call,positive,CRM activity import,2025-03-19
63d672f3-0bd6-4f78-80fd-c9323f69af92,a190e7c2-9587-4c44-a9d4-1cbf9807d5c0,31840926-ac4a-45ff-bb8a-1382837aa32b,email,neutral,CRM activity import,2025-05-01
196f6ff2-109f-4a3f-a660-95557ba35aee,a190e7c2-9587-4c44-a9d4-1cbf9807d5c0,31840926-ac4a-45ff-bb8a-1382837aa32b,meeting,positive,CRM activity import,2025-01-25
6a636b32-ad72-4b7d-b030-0ccf08a8a629,a190e7c2-9587-4c44-a9d4-1cbf9807d5c0,31840926-ac4a-45ff-bb8a-1382837aa32b,email,positive,CRM activity import,2025-04-08
f6ea9e0b-602b-48a1-8614-e72db37538e3,d9b927f6-9578-4f43-abd7-6ccf19acc67b,a488066b-f5f7-4cbe-a836-43d11bcda709,email,neutral,CRM activity import,2025-09-25
5058cd41-2d88-4736-9bd3-323c67f6fe35,d9b927f6-9578-4f43-abd7-6ccf19acc67b,a488066b-f5f7-4cbe-a836-43d11bcda709,call,neutral,CRM activity import,2025-08-09
9b4356d2-acaa-400e-81b9-19e1c5431d83,d9b927f6-9578-4f43-abd7-6ccf19acc67b,a488066b-f5f7-4cbe-a836-43d11bcda709,demo,negative,CRM activity import,2025-06-12
cf820711-0200-4e7a-88e0-f9df352a8a8e,d9b927f6-9578-4f43-abd7-6ccf19acc67b,a488066b-f5f7-4cbe-a836-43d11bcda709,meeting,neutral,CRM activity import,2025-05-01
0c932824-d146-466f-a91d-6444d6cad5fe,d9b927f6-9578-4f43-abd7-6ccf19acc67b,a488066b-f5f7-4cbe-a836-43d11bcda709,demo,positive,CRM activity import,2025-03-19
1a09e5fe-11d4-4807-8ab7-24f00119f39e,d9b927f6-9578-4f43-abd7-6ccf19acc67b,a488066b-f5f7-4cbe-a836-43d11bcda709,call,neutral,CRM activity import,2025-07-26
d3125238-f5b2-49fa-b048-e4053914a953,9d1fc0b4-801a-49ef-ad73-f0dc7b19634c,a488066b-f5f7-4cbe-a836-43d11bcda709,meeting,negative,CRM activity import,2025-03-23
31af99bf-5c3d-451b-a49f-9ced21b647a9,9d1fc0b4-801a-49ef-ad73-f0dc7b19634c,a488066b-f5f7-4cbe-a836-43d11bcda709,demo,negative,CRM activity import,2025-11-10
0e2bb61b-9ea6-45d4-acb3-9b6e946beef8,9d1fc0b4-801a-49ef-ad73-f0dc7b19634c,a488066b-f5f7-4cbe-a836-43d11bcda709,demo,no_response,CRM activity import,2025-01-16
d5211031-c127-4862-8d33-5806868262fa,9d1fc0b4-801a-49ef-ad73-f0dc7b19634c,a488066b-f5f7-4cbe-a836-43d11bcda709,call,negative,CRM activity import,2025-09-20
adf4d6f8-2852-452f-a254-804115593eca,fcfc2e97-e955-4eb2-8eba-3ca64575f4da,e4d095e6-f88c-41b4-9f30-3da49209a2dd,meeting,positive,CRM activity import,2025-01-14
85e99c35-9655-45c4-bfcd-996765b9d34c,fcfc2e97-e955-4eb2-8eba-3ca64575f4da,e4d095e6-f88c-41b4-9f30-3da49209a2dd,meeting,positive,CRM activity import,2025-03-12
faf0a454-e61f-468a-8714-3ec731e6798e,fcfc2e97-e955-4eb2-8eba-3ca64575f4da,e4d095e6-f88c-41b4-9f30-3da49209a2dd,meeting,negative,CRM activity import,2025-10-11
fc3c71be-45bb-42b7-84f2-5ed408399d02,fcfc2e97-e955-4eb2-8eba-3ca64575f4da,e4d095e6-f88c-41b4-9f30-3da49209a2dd,meeting,negative,CRM activity import,2025-12-09
3187f750-5a92-42d6-8027-00a6a409b0bb,9d4a8de6-d540-49d9-b607-2d79e9924688,8855c974-d62f-4d15-a655-0091e8a316de,email,neutral,CRM activity import,2025-11-10
0f87c695-c5fc-46c7-9190-c8be7a027ad1,9d4a8de6-d540-49d9-b607-2d79e9924688,8855c974-d62f-4d15-a655-0091e8a316de,follow_up,positive,CRM activity import,2025-02-22
11c5788a-8575-4343-a76d-493b1111e945,9d4a8de6-d540-49d9-b607-2d79e9924688,8855c974-d62f-4d15-a655-0091e8a316de,demo,positive,CRM activity import,2025-02-22
26aa7ba0-4f50-4051-8455-7c859b176fcb,9d4a8de6-d540-49d9-b607-2d79e9924688,8855c974-d62f-4d15-a655-0091e8a316de,email,positive,CRM activity import,2025-06-13
609f9ea1-6e53-4e81-8d2d-15355d21bd8a,9d4a8de6-d540-49d9-b607-2d79e9924688,8855c974-d62f-4d15-a655-0091e8a316de,meeting,neutral,CRM activity import,2025-04-02
e066c614-ebe6-4ab1-9934-c9d688156547,9d4a8de6-d540-49d9-b607-2d79e9924688,8855c974-d62f-4d15-a655-0091e8a316de,email,negative,CRM activity import,2025-09-13
00f039e9-c6fe-4cea-9bb4-f3a034dbe516,9d4a8de6-d540-49d9-b607-2d79e9924688,8855c974-d62f-4d15-a655-0091e8a316de,email,positive,CRM activity import,2025-06-11
7d8393e2-a5cb-4116-903b-154ea77a55f1,30efa914-4679-4fc1-bd9e-36f6a1692d4a,45729505-fc18-43ae-83d6-9e3928d4d5a1,demo,negative,CRM activity import,2025-08-24
bbfdac21-4d39-4231-84a3-e9bc7c5fa146,30efa914-4679-4fc1-bd9e-36f6a1692d4a,45729505-fc18-43ae-83d6-9e3928d4d5a1,email,neutral,CRM activity import,2025-12-19
c65ebae7-8d86-43e1-b6eb-1b35e41a4e79,30efa914-4679-4fc1-bd9e-36f6a1692d4a,45729505-fc18-43ae-83d6-9e3928d4d5a1,call,positive,CRM activity import,2025-03-02
43e77f29-9f14-4065-b668-fda98c8d3fe0,c2538c9f-2935-4bd0-971c-cd7b1e307a82,523a6734-973b-43b1-8a23-01c7c905083a,meeting,no_response,CRM activity import,2025-03-02
1cfcf0d2-914b-4fb4-893b-704f72ed2d90,c2538c9f-2935-4bd0-971c-cd7b1e307a82,523a6734-973b-43b1-8a23-01c7c905083a,email,negative,CRM activity import,2025-11-12
cb9b2a5d-a373-4933-9be6-e001ec3488a0,c2538c9f-2935-4bd0-971c-cd7b1e307a82,523a6734-973b-43b1-8a23-01c7c905083a,follow_up,negative,CRM activity import,2025-04-11
6f3c685a-2170-4686-97cb-cc85826c56c4,c2538c9f-2935-4bd0-971c-cd7b1e307a82,523a6734-973b-43b1-8a23-01c7c905083a,email,positive,CRM activity import,2025-04-09
9a4a3411-02a0-4a00-8421-8e295fde507b,c2538c9f-2935-4bd0-971c-cd7b1e307a82,523a6734-973b-43b1-8a23-01c7c905083a,demo,positive,CRM activity import,2025-10-03
6e667e1f-011b-4adb-866e-1cd3c536d47b,c2538c9f-2935-4bd0-971c-cd7b1e307a82,523a6734-973b-43b1-8a23-01c7c905083a,follow_up,neutral,CRM activity import,2025-01-21
831a607d-76e2-48ed-a83f-f4b575ae6a57,0ddba9f2-ba2f-4c75-ba99-58b31a4bbb6a,e4d095e6-f88c-41b4-9f30-3da49209a2dd,email,negative,CRM activity import,2025-08-13
0cf5a457-3903-4d2a-af85-38250b39648b,0ddba9f2-ba2f-4c75-ba99-58b31a4bbb6a,e4d095e6-f88c-41b4-9f30-3da49209a2dd,meeting,neutral,CRM activity import,2025-10-27
506582f3-3096-4697-b897-3b01ee75dc7c,0ddba9f2-ba2f-4c75-ba99-58b31a4bbb6a,e4d095e6-f88c-41b4-9f30-3da49209a2dd,email,neutral,CRM activity import,2025-07-27
4d2bb864-dcf0-496d-b37e-848607e6108d,0ddba9f2-ba2f-4c75-ba99-58b31a4bbb6a,e4d095e6-f88c-41b4-9f30-3da49209a2dd,follow_up,no_response,CRM activity import,2025-05-14
7a1dabc9-299f-4213-b519-2b4f27626a91,0ddba9f2-ba2f-4c75-ba99-58b31a4bbb6a,e4d095e6-f88c-41b4-9f30-3da49209a2dd,email,no_response,CRM activity import,2025-04-25
8a87f207-bb18-4c3e-ae1c-e73bc25ee773,0ddba9f2-ba2f-4c75-ba99-58b31a4bbb6a,e4d095e6-f88c-41b4-9f30-3da49209a2dd,meeting,positive,CRM activity import,2025-12-07
56f447d7-51a7-4784-ade4-863d1d41b74d,9a23b2f6-fbc9-4f69-8a82-41279e61ec35,e4d095e6-f88c-41b4-9f30-3da49209a2dd,meeting,no_response,CRM activity import,2025-12-07
98d8855b-0641-4583-afa3-eef4ba27846b,9a23b2f6-fbc9-4f69-8a82-41279e61ec35,e4d095e6-f88c-41b4-9f30-3da49209a2dd,call,positive,CRM activity import,2025-03-02
4c23c503-d1c6-448e-9a5a-25920e566b80,9a23b2f6-fbc9-4f69-8a82-41279e61ec35,e4d095e6-f88c-41b4-9f30-3da49209a2dd,email,negative,CRM activity import,2025-07-01
15b65347-96d3-4d75-b66c-fc20888fe7f4,9a23b2f6-fbc9-4f69-8a82-41279e61ec35,e4d095e6-f88c-41b4-9f30-3da49209a2dd,call,positive,CRM activity import,2025-03-01
3da618bb-911a-4c08-81a4-6134e7504ae0,9a23b2f6-fbc9-4f69-8a82-41279e61ec35,e4d095e6-f88c-41b4-9f30-3da49209a2dd,email,positive,CRM activity import,2025-02-03
5c0651ae-0fc2-4fe5-bc04-02c9f8153f5c,9a23b2f6-fbc9-4f69-8a82-41279e61ec35,e4d095e6-f88c-41b4-9f30-3da49209a2dd,call,positive,CRM activity import,2025-01-24
af262f0f-1def-4fe4-89e0-c8f4e9cac79e,9a23b2f6-fbc9-4f69-8a82-41279e61ec35,e4d095e6-f88c-41b4-9f30-3da49209a2dd,meeting,negative,CRM activity import,2025-06-06
4a612db7-fe99-4e6b-a9fa-73326157f302,9a23b2f6-fbc9-4f69-8a82-41279e61ec35,e4d095e6-f88c-41b4-9f30-3da49209a2dd,demo,no_response,CRM activity import,2025-10-02
ca94df03-f62a-4011-8a59-111d61feae97,9a23b2f6-fbc9-4f69-8a82-41279e61ec35,e4d095e6-f88c-41b4-9f30-3da49209a2dd,demo,neutral,CRM activity import,2025-08-07
af0ae698-b5fa-44bf-8fdf-e348fd946d3e,9a23b2f6-fbc9-4f69-8a82-41279e61ec35,e4d095e6-f88c-41b4-9f30-3da49209a2dd,follow_up,no_response,CRM activity import,2025-06-03
e4222956-1a15-4231-8026-c7213e7aa5b0,9fbe32ae-56d6-4428-ab2c-81e6d4b7783f,45729505-fc18-43ae-83d6-9e3928d4d5a1,email,negative,CRM activity import,2025-11-27
fe4d34cf-68b9-45e9-96d7-7270b99d9622,9fbe32ae-56d6-4428-ab2c-81e6d4b7783f,45729505-fc18-43ae-83d6-9e3928d4d5a1,meeting,positive,CRM activity import,2025-11-07
7f5f37c0-3933-4827-9250-1ec11c4c9b6a,9fbe32ae-56d6-4428-ab2c-81e6d4b7783f,45729505-fc18-43ae-83d6-9e3928d4d5a1,email,positive,CRM activity import,2025-09-18
20329d83-ad2c-4cc5-8614-552d54256916,9fbe32ae-56d6-4428-ab2c-81e6d4b7783f,45729505-fc18-43ae-83d6-9e3928d4d5a1,meeting,neutral,CRM activity import,2025-10-15
2efb2365-a57f-4047-bb75-c2f3c1fe3fd0,31b85ceb-6366-4195-b13d-f0aac06a0e9b,45729505-fc18-43ae-83d6-9e3928d4d5a1,meeting,no_response,CRM activity import,2025-12-07
6e58f144-9f06-443c-8f70-1aec11e8af78,3553e7ab-47bf-4870-a1f8-7066189dc635,e4d095e6-f88c-41b4-9f30-3da49209a2dd,call,neutral,CRM activity import,2025-08-26
47205b78-73f5-4469-b12f-1db3afc2ef60,3553e7ab-47bf-4870-a1f8-7066189dc635,e4d095e6-f88c-41b4-9f30-3da49209a2dd,call,neutral,CRM activity import,2025-04-05
e29b4f40-df5a-48a3-840d-f2db03f34bc5,3d8c3aab-8367-40bb-88ad-a6df75445088,a488066b-f5f7-4cbe-a836-43d11bcda709,demo,positive,CRM activity import,2025-10-28
4489745e-503f-4b38-b950-4d04c0ff5f05,3d8c3aab-8367-40bb-88ad-a6df75445088,a488066b-f5f7-4cbe-a836-43d11bcda709,meeting,positive,CRM activity import,2025-04-07
e5f38050-bf7b-4011-a483-72d57ef3d2e2,3d8c3aab-8367-40bb-88ad-a6df75445088,a488066b-f5f7-4cbe-a836-43d11bcda709,follow_up,positive,CRM activity import,2025-11-20
8414f806-dea2-43fd-a3d6-524e9684840f,3d8c3aab-8367-40bb-88ad-a6df75445088,a488066b-f5f7-4cbe-a836-43d11bcda709,demo,no_response,CRM activity import,2025-10-09
fadd4600-8fca-4d1e-bd72-02a1cefc4ad3,3d8c3aab-8367-40bb-88ad-a6df75445088,a488066b-f5f7-4cbe-a836-43d11bcda709,follow_up,negative,CRM activity import,2025-09-15
8dc33311-e279-4453-8f4b-c7118b050f0d,260d4f17-582f-4394-b697-1e07ddb5ea48,e4d095e6-f88c-41b4-9f30-3da49209a2dd,follow_up,no_response,CRM activity import,2025-09-12
f514338c-a544-4c49-b651-b895724fc998,260d4f17-582f-4394-b697-1e07ddb5ea48,e4d095e6-f88c-41b4-9f30-3da49209a2dd,demo,neutral,CRM activity import,2025-09-20
57d4fb58-2384-4a6f-94a0-0638eda449ae,260d4f17-582f-4394-b697-1e07ddb5ea48,e4d095e6-f88c-41b4-9f30-3da49209a2dd,call,neutral,CRM activity import,2025-02-28
f87e41a5-1c34-4bb2-b8ce-72a495191ce7,4befa41e-bd90-4af9-b875-adc455f00df9,523a6734-973b-43b1-8a23-01c7c905083a,call,neutral,CRM activity import,2025-10-08
41834481-c1ed-4078-9634-6a2115eaa25b,4befa41e-bd90-4af9-b875-adc455f00df9,523a6734-973b-43b1-8a23-01c7c905083a,follow_up,neutral,CRM activity import,2025-09-19
bf09f2e8-7329-465f-82ed-3c3c63047136,4befa41e-bd90-4af9-b875-adc455f00df9,523a6734-973b-43b1-8a23-01c7c905083a,demo,negative,CRM activity import,2025-01-10
fabd1a8f-3685-4ab6-81d1-2582e8021280,4befa41e-bd90-4af9-b875-adc455f00df9,523a6734-973b-43b1-8a23-01c7c905083a,demo,neutral,CRM activity import,2025-11-12
baedb9d9-c538-4118-83ed-1358b4b07205,4befa41e-bd90-4af9-b875-adc455f00df9,523a6734-973b-43b1-8a23-01c7c905083a,follow_up,positive,CRM activity import,2025-02-20
2130bded-d24c-4e3f-b96c-edd205016985,4befa41e-bd90-4af9-b875-adc455f00df9,523a6734-973b-43b1-8a23-01c7c905083a,email,negative,CRM activity import,2025-06-05
35afde0f-1327-4b91-b73f-7438126b1a12,4befa41e-bd90-4af9-b875-adc455f00df9,523a6734-973b-43b1-8a23-01c7c905083a,email,no_response,CRM activity import,2025-06-19
66120bc7-3ad8-4600-b9ce-7ccc19de52ce,4befa41e-bd90-4af9-b875-adc455f00df9,523a6734-973b-43b1-8a23-01c7c905083a,demo,neutral,CRM activity import,2025-06-12
2b6613c0-b897-4ea2-808c-8397e11a5d34,4befa41e-bd90-4af9-b875-adc455f00df9,523a6734-973b-43b1-8a23-01c7c905083a,email,neutral,CRM activity import,2025-11-09
a984259c-e536-49de-a312-3b5a83433e15,08125bbc-18e7-46bc-b7cf-1f44d1a840d9,523a6734-973b-43b1-8a23-01c7c905083a,email,positive,CRM activity import,2025-12-26
eafc6cff-7da5-40af-b3a6-f33838263d7e,08125bbc-18e7-46bc-b7cf-1f44d1a840d9,523a6734-973b-43b1-8a23-01c7c905083a,demo,neutral,CRM activity import,2025-08-09
c338be5e-0645-44d4-8b41-bec793425933,08125bbc-18e7-46bc-b7cf-1f44d1a840d9,523a6734-973b-43b1-8a23-01c7c905083a,meeting,no_response,CRM activity import,2025-03-07
4208c685-3d2c-46a9-ae0f-0ab13adf371b,fde9ad82-c615-4882-8373-7e6777023c2c,11c317d5-9177-43e8-8435-10259cc49bf8,meeting,positive,CRM activity import,2025-09-15
23677ffd-2531-4e9d-9675-ab2d90845403,fde9ad82-c615-4882-8373-7e6777023c2c,11c317d5-9177-43e8-8435-10259cc49bf8,meeting,positive,CRM activity import,2025-06-01
e9dfcbc9-50f4-4360-88eb-ad9e558da6c2,fde9ad82-c615-4882-8373-7e6777023c2c,11c317d5-9177-43e8-8435-10259cc49bf8,demo,neutral,CRM activity import,2025-10-18
d7f5165a-1f81-4f60-967d-dcd67689e3d6,fde9ad82-c615-4882-8373-7e6777023c2c,11c317d5-9177-43e8-8435-10259cc49bf8,meeting,positive,CRM activity import,2025-03-13
3aa0e7d5-df77-4bfe-b618-d3c8bc38f75a,fde9ad82-c615-4882-8373-7e6777023c2c,11c317d5-9177-43e8-8435-10259cc49bf8,follow_up,neutral,CRM activity import,2025-09-12
9ae6214a-3d51-4fe1-a244-fc2194921503,fde9ad82-c615-4882-8373-7e6777023c2c,11c317d5-9177-43e8-8435-10259cc49bf8,email,neutral,CRM activity import,2025-01-26
a17203ec-54df-4b34-bc6a-51fd7426e46a,780e3167-01a3-490e-9c4b-35a3d0141671,45729505-fc18-43ae-83d6-9e3928d4d5a1,call,no_response,CRM activity import,2025-02-20
b93fdc97-403f-4ba7-b292-c8ce355394fd,780e3167-01a3-490e-9c4b-35a3d0141671,45729505-fc18-43ae-83d6-9e3928d4d5a1,demo,negative,CRM activity import,2025-11-17
87f1714b-429f-4528-b3c4-b91d46138444,780e3167-01a3-490e-9c4b-35a3d0141671,45729505-fc18-43ae-83d6-9e3928d4d5a1,demo,no_response,CRM activity import,2025-01-20
30b74571-13db-4156-b30b-df80316e32c0,780e3167-01a3-490e-9c4b-35a3d0141671,45729505-fc18-43ae-83d6-9e3928d4d5a1,call,no_response,CRM activity import,2025-10-28
b0bc9102-27cb-4246-bd55-1b5e65f59802,780e3167-01a3-490e-9c4b-35a3d0141671,45729505-fc18-43ae-83d6-9e3928d4d5a1,follow_up,negative,CRM activity import,2025-04-12
c76a8728-dba3-4f7d-832f-17d4a9768ae0,780e3167-01a3-490e-9c4b-35a3d0141671,45729505-fc18-43ae-83d6-9e3928d4d5a1,meeting,positive,CRM activity import,2025-12-22
61969b72-2a0a-4236-b1f5-f9c09ccad939,d0b77689-e3eb-4b97-99f9-481cee287cc9,523a6734-973b-43b1-8a23-01c7c905083a,call,neutral,CRM activity import,2025-12-08
0f1037a8-7d7d-4317-a7ee-c52c3e174f24,d0b77689-e3eb-4b97-99f9-481cee287cc9,523a6734-973b-43b1-8a23-01c7c905083a,meeting,neutral,CRM activity import,2025-04-19
0bb073fc-443e-4111-95d6-ad0165b9fec6,5b0f8066-8d6f-4b7d-a957-bd7c368d874d,45729505-fc18-43ae-83d6-9e3928d4d5a1,call,negative,CRM activity import,2025-04-13
62ee741b-f391-49a9-ab4d-f9646a8e65c3,5b0f8066-8d6f-4b7d-a957-bd7c368d874d,45729505-fc18-43ae-83d6-9e3928d4d5a1,demo,negative,CRM activity import,2025-12-02
82ad4bbc-72cb-491e-95f7-6df280e4903f,5b0f8066-8d6f-4b7d-a957-bd7c368d874d,45729505-fc18-43ae-83d6-9e3928d4d5a1,email,neutral,CRM activity import,2025-10-03
3e4ebbd6-7128-4e4d-b485-4dc78fe4a210,5b0f8066-8d6f-4b7d-a957-bd7c368d874d,45729505-fc18-43ae-83d6-9e3928d4d5a1,call,no_response,CRM activity import,2025-03-18
7c7694bc-6e69-4366-9a60-adfea3b70fdc,5b0f8066-8d6f-4b7d-a957-bd7c368d874d,45729505-fc18-43ae-83d6-9e3928d4d5a1,demo,neutral,CRM activity import,2025-04-19
0e4037d2-255f-4cef-82f3-39252b6d452c,5b0f8066-8d6f-4b7d-a957-bd7c368d874d,45729505-fc18-43ae-83d6-9e3928d4d5a1,demo,negative,CRM activity import,2025-02-03
c76bf6e7-a8d2-499a-853b-040e8981fa4c,5b0f8066-8d6f-4b7d-a957-bd7c368d874d,45729505-fc18-43ae-83d6-9e3928d4d5a1,call,negative,CRM activity import,2025-08-05
d34733c8-0f76-4e0b-95ec-81699e57afe0,67f5cd64-31cb-4006-a52e-0906dd1b2aee,523a6734-973b-43b1-8a23-01c7c905083a,follow_up,positive,CRM activity import,2025-02-13
3c240b00-4545-4e13-a8bd-d23b35001f30,67f5cd64-31cb-4006-a52e-0906dd1b2aee,523a6734-973b-43b1-8a23-01c7c905083a,email,negative,CRM activity import,2025-08-07
7771a39d-8706-4b24-a90e-039bf8f757c5,67f5cd64-31cb-4006-a52e-0906dd1b2aee,523a6734-973b-43b1-8a23-01c7c905083a,follow_up,negative,CRM activity import,2025-10-14
7dbd5cda-301a-430d-ae2c-1bf97e778e05,b37d43c1-d627-4ac9-8cdc-c044ff5b6cd2,ceb899a0-18c2-424a-8e78-b74496ad1fe3,follow_up,negative,CRM activity import,2025-12-06
1812f25a-05e0-4c15-bf65-4c8cf3ac71c1,b37d43c1-d627-4ac9-8cdc-c044ff5b6cd2,ceb899a0-18c2-424a-8e78-b74496ad1fe3,demo,neutral,CRM activity import,2025-12-08
0b25c96a-06b2-4f05-8077-6a4c8315d04f,b37d43c1-d627-4ac9-8cdc-c044ff5b6cd2,ceb899a0-18c2-424a-8e78-b74496ad1fe3,email,no_response,CRM activity import,2025-08-16
3fab88d3-73ae-4b32-b1a0-69218c1332f3,b37d43c1-d627-4ac9-8cdc-c044ff5b6cd2,ceb899a0-18c2-424a-8e78-b74496ad1fe3,meeting,negative,CRM activity import,2025-12-13
5d8e46af-1dac-4a02-905f-772e4f4ce605,b37d43c1-d627-4ac9-8cdc-c044ff5b6cd2,ceb899a0-18c2-424a-8e78-b74496ad1fe3,meeting,positive,CRM activity import,2025-10-17
3d224213-8145-4b31-87a0-bf0c82230922,b37d43c1-d627-4ac9-8cdc-c044ff5b6cd2,ceb899a0-18c2-424a-8e78-b74496ad1fe3,call,neutral,CRM activity import,2025-08-17
2bf95c55-bc23-4889-ba26-218a17cddfbf,b37d43c1-d627-4ac9-8cdc-c044ff5b6cd2,ceb899a0-18c2-424a-8e78-b74496ad1fe3,follow_up,positive,CRM activity import,2025-08-22
cba6a541-75e2-4084-8caf-c63b5489322c,b37d43c1-d627-4ac9-8cdc-c044ff5b6cd2,ceb899a0-18c2-424a-8e78-b74496ad1fe3,demo,positive,CRM activity import,2025-11-07
9e9ef5e0-0ff1-44df-bcd9-018b074915f4,d5d94a6a-4f9f-446b-9971-8441f3da85c0,e4d095e6-f88c-41b4-9f30-3da49209a2dd,demo,no_response,CRM activity import,2025-08-01
ad783dfc-9925-4c4d-a566-6ad25e3cd721,d5d94a6a-4f9f-446b-9971-8441f3da85c0,e4d095e6-f88c-41b4-9f30-3da49209a2dd,email,neutral,CRM activity import,2025-02-08
e674f713-cdd6-4e68-9db8-dc3f276d3ef8,cd1d9a00-76a9-4b95-8c7d-589dea0fa40c,a488066b-f5f7-4cbe-a836-43d11bcda709,demo,neutral,CRM activity import,2025-03-21
c86212a9-b4e4-4462-8568-12c7a4b33568,cd1d9a00-76a9-4b95-8c7d-589dea0fa40c,a488066b-f5f7-4cbe-a836-43d11bcda709,email,negative,CRM activity import,2025-07-21
ef91361c-09b3-4f77-b3f1-92f28ff4e301,cd1d9a00-76a9-4b95-8c7d-589dea0fa40c,a488066b-f5f7-4cbe-a836-43d11bcda709,meeting,positive,CRM activity import,2025-10-25
8233919c-7185-478a-b408-d3f5fa9929de,cd1d9a00-76a9-4b95-8c7d-589dea0fa40c,a488066b-f5f7-4cbe-a836-43d11bcda709,follow_up,no_response,CRM activity import,2025-01-25
2783713f-0c39-4603-9a24-f1746241e32d,cd1d9a00-76a9-4b95-8c7d-589dea0fa40c,a488066b-f5f7-4cbe-a836-43d11bcda709,email,no_response,CRM activity import,2025-09-13
6faf46d2-11e0-47cd-ab08-a6bc835ebabd,cd1d9a00-76a9-4b95-8c7d-589dea0fa40c,a488066b-f5f7-4cbe-a836-43d11bcda709,email,positive,CRM activity import,2025-06-18
0182f457-05f3-4cc6-84be-8b9959d9abed,9a13531f-3673-4e47-8100-c240438cf1e2,45729505-fc18-43ae-83d6-9e3928d4d5a1,email,negative,CRM activity import,2025-06-04
7fb13625-8c9f-4eec-b17d-c2b2bd4dfd0e,9a13531f-3673-4e47-8100-c240438cf1e2,45729505-fc18-43ae-83d6-9e3928d4d5a1,email,no_response,CRM activity import,2025-05-15
2604c93e-6515-4fd5-afc5-38b78b211fe2,9a13531f-3673-4e47-8100-c240438cf1e2,45729505-fc18-43ae-83d6-9e3928d4d5a1,meeting,no_response,CRM activity import,2025-11-24
2ab16106-0eb2-4bb6-b4f6-8639dfe30c38,9a13531f-3673-4e47-8100-c240438cf1e2,45729505-fc18-43ae-83d6-9e3928d4d5a1,email,positive,CRM activity import,2025-02-27
8ca640c9-81ac-4d0e-9fd1-300d884739cd,05dc2b0a-d20e-4570-ae7d-32049fee1504,523a6734-973b-43b1-8a23-01c7c905083a,follow_up,positive,CRM activity import,2025-09-24
392d3830-1cdc-4653-91a6-4e47e0da2fac,05dc2b0a-d20e-4570-ae7d-32049fee1504,523a6734-973b-43b1-8a23-01c7c905083a,meeting,negative,CRM activity import,2025-08-02
03cac448-333d-40ce-935c-65fe042280a6,05dc2b0a-d20e-4570-ae7d-32049fee1504,523a6734-973b-43b1-8a23-01c7c905083a,call,no_response,CRM activity import,2025-03-06
2e279b50-fa27-4335-9d7e-102a6709bcfc,05dc2b0a-d20e-4570-ae7d-32049fee1504,523a6734-973b-43b1-8a23-01c7c905083a,meeting,no_response,CRM activity import,2025-06-02
d69c613a-17b3-4e02-8888-99fd94dcfd7c,05dc2b0a-d20e-4570-ae7d-32049fee1504,523a6734-973b-43b1-8a23-01c7c905083a,email,negative,CRM activity import,2025-10-16
b2c9d8dc-4723-4bc4-bcd7-356ee06c31c3,05dc2b0a-d20e-4570-ae7d-32049fee1504,523a6734-973b-43b1-8a23-01c7c905083a,follow_up,no_response,CRM activity import,2025-01-07
9a35c51a-b50c-4540-add8-dfb54e2d546c,05dc2b0a-d20e-4570-ae7d-32049fee1504,523a6734-973b-43b1-8a23-01c7c905083a,follow_up,positive,CRM activity import,2025-08-17
610c9424-00e1-4ff7-aea2-be771e75ad89,05dc2b0a-d20e-4570-ae7d-32049fee1504,523a6734-973b-43b1-8a23-01c7c905083a,email,neutral,CRM activity import,2025-03-23
7ff3d406-5d3a-4a26-9a60-73e02c3165bf,3c2288d0-6287-4046-865e-ac89ec95f2ef,523a6734-973b-43b1-8a23-01c7c905083a,meeting,positive,CRM activity import,2025-08-17
f157dc0b-c327-436d-97e9-60e383a5fc3d,3c2288d0-6287-4046-865e-ac89ec95f2ef,523a6734-973b-43b1-8a23-01c7c905083a,call,no_response,CRM activity import,2025-12-20
2bff4ef0-cb4e-4f8f-b55e-60137542a145,3c2288d0-6287-4046-865e-ac89ec95f2ef,523a6734-973b-43b1-8a23-01c7c905083a,follow_up,neutral,CRM activity import,2025-01-25
5c35b57c-7f76-4953-b745-dbd699c88fb9,3c2288d0-6287-4046-865e-ac89ec95f2ef,523a6734-973b-43b1-8a23-01c7c905083a,follow_up,neutral,CRM activity import,2025-07-08
101b22b7-8f6c-461e-a045-5aa9c894ffba,3c2288d0-6287-4046-865e-ac89ec95f2ef,523a6734-973b-43b1-8a23-01c7c905083a,email,negative,CRM activity import,2025-12-05
0ee2397b-2113-4eaa-bdd7-ff0beaefec22,9bd5304f-25f3-423b-8066-3f7c8cbaeac7,11c317d5-9177-43e8-8435-10259cc49bf8,email,positive,CRM activity import,2025-05-09
3e0c1669-ae0f-4bf6-afe7-4736a2cb8f2c,9bd5304f-25f3-423b-8066-3f7c8cbaeac7,11c317d5-9177-43e8-8435-10259cc49bf8,meeting,no_response,CRM activity import,2025-04-13
32a85be0-6d1d-4cd0-a21a-681d2b823578,9bd5304f-25f3-423b-8066-3f7c8cbaeac7,11c317d5-9177-43e8-8435-10259cc49bf8,demo,negative,CRM activity import,2025-02-17
38602461-3e0b-4173-a664-fa116aa91d3a,9bd5304f-25f3-423b-8066-3f7c8cbaeac7,11c317d5-9177-43e8-8435-10259cc49bf8,demo,positive,CRM activity import,2025-11-12
a23204ce-e6ee-4288-85e4-a19a9579a4cf,9bd5304f-25f3-423b-8066-3f7c8cbaeac7,11c317d5-9177-43e8-8435-10259cc49bf8,email,neutral,CRM activity import,2025-06-01
6e482e1e-9e34-4294-81c8-0d01eec62c57,9bd5304f-25f3-423b-8066-3f7c8cbaeac7,11c317d5-9177-43e8-8435-10259cc49bf8,call,neutral,CRM activity import,2025-07-17
d5b9f153-dbe6-4e5c-a694-b4a4d0904e95,9bd5304f-25f3-423b-8066-3f7c8cbaeac7,11c317d5-9177-43e8-8435-10259cc49bf8,call,negative,CRM activity import,2025-09-14
5d895c91-2241-4cb2-950b-a00bb2be3a61,9bd5304f-25f3-423b-8066-3f7c8cbaeac7,11c317d5-9177-43e8-8435-10259cc49bf8,demo,negative,CRM activity import,2025-04-25
eed4c713-ad84-4c4b-9075-ed27a06e0be7,9bd5304f-25f3-423b-8066-3f7c8cbaeac7,11c317d5-9177-43e8-8435-10259cc49bf8,call,negative,CRM activity import,2025-10-23
82ea169f-ba06-4a7e-aa21-1ab41ebb5aa5,9ecd5fae-6a4b-40b8-81df-45eb48cb288a,92ca4f5e-3944-47e6-bdbc-e9a6ec783778,follow_up,neutral,CRM activity import,2025-02-26
fa20e0f1-4c36-483f-b083-fd6739a1d398,9ecd5fae-6a4b-40b8-81df-45eb48cb288a,92ca4f5e-3944-47e6-bdbc-e9a6ec783778,call,negative,CRM activity import,2025-07-02
a3ce213d-bdb7-4256-8e48-2c000bd3fbbf,9ecd5fae-6a4b-40b8-81df-45eb48cb288a,92ca4f5e-3944-47e6-bdbc-e9a6ec783778,meeting,negative,CRM activity import,2025-05-05
b61364eb-cd51-4e5e-881d-bf50e57641fd,6433c086-ee37-45cf-a5d8-c0f64d2d3573,3c023c25-2678-4bea-92c5-7662f1a7ca75,email,positive,CRM activity import,2025-05-04
0af2856b-f51d-4b7d-b0c3-94ee1504e4d6,6433c086-ee37-45cf-a5d8-c0f64d2d3573,3c023c25-2678-4bea-92c5-7662f1a7ca75,follow_up,positive,CRM activity import,2025-10-28
a88eec89-92b1-497f-b6e0-5a8a91760597,8f207a12-b616-4b7e-a247-e6335a302522,ceb899a0-18c2-424a-8e78-b74496ad1fe3,follow_up,positive,CRM activity import,2025-05-17
34bb8eba-0e00-4af7-a0bd-110ba137f368,8f207a12-b616-4b7e-a247-e6335a302522,ceb899a0-18c2-424a-8e78-b74496ad1fe3,call,no_response,CRM activity import,2025-04-05
d7674af8-5a1d-4063-bc16-5009bec3c75f,8f207a12-b616-4b7e-a247-e6335a302522,ceb899a0-18c2-424a-8e78-b74496ad1fe3,email,negative,CRM activity import,2025-11-04
3f96d41f-05be-439e-aa52-2bc184f2c9fc,8f207a12-b616-4b7e-a247-e6335a302522,ceb899a0-18c2-424a-8e78-b74496ad1fe3,meeting,negative,CRM activity import,2025-07-03
a6ef459c-51ad-4147-89c6-693d21cde434,8f207a12-b616-4b7e-a247-e6335a302522,ceb899a0-18c2-424a-8e78-b74496ad1fe3,email,no_response,CRM activity import,2025-12-06
c024310c-4e9d-4445-b64a-27f1000738d3,8f207a12-b616-4b7e-a247-e6335a302522,ceb899a0-18c2-424a-8e78-b74496ad1fe3,meeting,negative,CRM activity import,2025-08-28
0792e2a0-b0cb-4856-a04a-d0650868de73,8f207a12-b616-4b7e-a247-e6335a302522,ceb899a0-18c2-424a-8e78-b74496ad1fe3,call,positive,CRM activity import,2025-03-20
cde8cc2f-a9b0-415a-b250-ef695d2e55eb,45342cb0-d46b-461b-8214-7cd7f09a9741,3c023c25-2678-4bea-92c5-7662f1a7ca75,call,neutral,CRM activity import,2025-06-17
57eefa29-b7d6-4ca8-89b6-5aef228bb472,45342cb0-d46b-461b-8214-7cd7f09a9741,3c023c25-2678-4bea-92c5-7662f1a7ca75,demo,neutral,CRM activity import,2025-10-21
6b6e08e2-9d45-4b18-ac4c-23c33824ff49,e1bc8257-a29e-4ca3-b026-87ff3ec5ec70,92ca4f5e-3944-47e6-bdbc-e9a6ec783778,demo,neutral,CRM activity import,2025-04-16
a4c6415c-161e-47f6-8f48-05ac353af14c,e1bc8257-a29e-4ca3-b026-87ff3ec5ec70,92ca4f5e-3944-47e6-bdbc-e9a6ec783778,follow_up,negative,CRM activity import,2025-05-27
3b54e40b-7428-4c93-aad5-ee325b0d70dd,e1bc8257-a29e-4ca3-b026-87ff3ec5ec70,92ca4f5e-3944-47e6-bdbc-e9a6ec783778,demo,positive,CRM activity import,2025-01-19
cf41d19c-7f18-4dc4-a5f0-26b1e5b047d3,e1bc8257-a29e-4ca3-b026-87ff3ec5ec70,92ca4f5e-3944-47e6-bdbc-e9a6ec783778,call,negative,CRM activity import,2025-07-09
7e376a19-e8cc-4b53-a263-6b52d0107f95,e39b11fd-d976-4c85-9aa1-e592aadeacc3,e4d095e6-f88c-41b4-9f30-3da49209a2dd,meeting,negative,CRM activity import,2025-12-03
1321e290-1d42-4cd8-a4ea-b551d460bafc,e39b11fd-d976-4c85-9aa1-e592aadeacc3,e4d095e6-f88c-41b4-9f30-3da49209a2dd,email,positive,CRM activity import,2025-02-11
c314a921-4ba1-436c-9c8a-9eb73f063d48,e39b11fd-d976-4c85-9aa1-e592aadeacc3,e4d095e6-f88c-41b4-9f30-3da49209a2dd,follow_up,negative,CRM activity import,2025-10-28
08fb7c66-1de7-444d-adf8-f3025e580d41,e8ed228b-51ff-4e3f-a741-175d5ca420b2,a488066b-f5f7-4cbe-a836-43d11bcda709,email,neutral,CRM activity import,2025-12-14
4613b876-c96f-4d1b-8ae5-03482f31ee44,e8ed228b-51ff-4e3f-a741-175d5ca420b2,a488066b-f5f7-4cbe-a836-43d11bcda709,email,neutral,CRM activity import,2025-01-19
4709a246-ce56-4101-9230-aa2be39dedc4,e8ed228b-51ff-4e3f-a741-175d5ca420b2,a488066b-f5f7-4cbe-a836-43d11bcda709,call,positive,CRM activity import,2025-06-01
e3d90e63-3f7d-4a0e-b468-fd754499b76d,333623eb-0694-4b4b-bfba-a619403964c7,3c023c25-2678-4bea-92c5-7662f1a7ca75,demo,negative,CRM activity import,2025-12-12
f7bd764c-7cad-425b-a04d-dc043e66bf1c,333623eb-0694-4b4b-bfba-a619403964c7,3c023c25-2678-4bea-92c5-7662f1a7ca75,email,neutral,CRM activity import,2025-07-08
21275aa3-d2c1-48e5-b788-e3fff18ad16d,333623eb-0694-4b4b-bfba-a619403964c7,3c023c25-2678-4bea-92c5-7662f1a7ca75,follow_up,negative,CRM activity import,2025-11-08
85c82445-105f-4969-b462-e040db29ba7d,333623eb-0694-4b4b-bfba-a619403964c7,3c023c25-2678-4bea-92c5-7662f1a7ca75,call,negative,CRM activity import,2025-01-01
83127431-98ca-4cb2-8bb0-d7347b7fe02b,333623eb-0694-4b4b-bfba-a619403964c7,3c023c25-2678-4bea-92c5-7662f1a7ca75,call,positive,CRM activity import,2025-10-22
ddc463fb-c993-4fe2-a776-4df1bd9ac9c7,3e8a5b62-fb66-479c-a063-6701e152efb1,45729505-fc18-43ae-83d6-9e3928d4d5a1,call,no_response,CRM activity import,2025-03-08
19891e4b-8edd-4cec-bc4e-5aec6b4cb1c1,3e8a5b62-fb66-479c-a063-6701e152efb1,45729505-fc18-43ae-83d6-9e3928d4d5a1,follow_up,positive,CRM activity import,2025-10-23
8cd79ed5-7e55-42e9-b70c-63a330a7d4b1,3e8a5b62-fb66-479c-a063-6701e152efb1,45729505-fc18-43ae-83d6-9e3928d4d5a1,email,negative,CRM activity import,2025-08-19
ba272922-d740-44d7-a9bc-413524bf543a,3e8a5b62-fb66-479c-a063-6701e152efb1,45729505-fc18-43ae-83d6-9e3928d4d5a1,demo,neutral,CRM activity import,2025-05-13
882ecddb-4b7e-4073-a16e-c414dcb33b80,3e8a5b62-fb66-479c-a063-6701e152efb1,45729505-fc18-43ae-83d6-9e3928d4d5a1,email,no_response,CRM activity import,2025-05-13
7013688a-04f5-46aa-af45-bcd4376da862,3e8a5b62-fb66-479c-a063-6701e152efb1,45729505-fc18-43ae-83d6-9e3928d4d5a1,demo,negative,CRM activity import,2025-06-16
c86aedb0-9a76-4934-91b7-c4323a38e0ce,b86c4a1c-2db4-46ef-aee0-207fe1c37410,e4d095e6-f88c-41b4-9f30-3da49209a2dd,follow_up,neutral,CRM activity import,2025-12-16
e00a2855-6a54-443f-96cc-5b688ea5c10e,b86c4a1c-2db4-46ef-aee0-207fe1c37410,e4d095e6-f88c-41b4-9f30-3da49209a2dd,follow_up,neutral,CRM activity import,2025-06-07
4599265c-14e4-4fc7-9f2f-09e7947fcd2b,b86c4a1c-2db4-46ef-aee0-207fe1c37410,e4d095e6-f88c-41b4-9f30-3da49209a2dd,follow_up,no_response,CRM activity import,2025-11-09
2145e0b6-b850-4d0d-9e41-454bfb33b3ab,b86c4a1c-2db4-46ef-aee0-207fe1c37410,e4d095e6-f88c-41b4-9f30-3da49209a2dd,demo,negative,CRM activity import,2025-05-28
6d91ac14-f537-4837-ab5a-45a1a3570332,b86c4a1c-2db4-46ef-aee0-207fe1c37410,e4d095e6-f88c-41b4-9f30-3da49209a2dd,meeting,negative,CRM activity import,2025-04-09
fb26fb93-bf52-4148-9c1c-df12dedc29f8,b86c4a1c-2db4-46ef-aee0-207fe1c37410,e4d095e6-f88c-41b4-9f30-3da49209a2dd,email,negative,CRM activity import,2025-02-10
7d5ec492-14ac-400b-9fdc-cbc8f95a62f8,02e5955a-de0c-4654-8699-952a9be78be0,3c023c25-2678-4bea-92c5-7662f1a7ca75,meeting,no_response,CRM activity import,2025-11-19
eba31467-42d8-4fd8-839f-1ea97eba0bea,02e5955a-de0c-4654-8699-952a9be78be0,3c023c25-2678-4bea-92c5-7662f1a7ca75,email,no_response,CRM activity import,2025-02-13
0b6a7b1d-0caf-43ab-8097-4e0f8798f30f,02e5955a-de0c-4654-8699-952a9be78be0,3c023c25-2678-4bea-92c5-7662f1a7ca75,email,no_response,CRM activity import,2025-02-15
08ded562-6f08-4812-a087-d8792554372a,02e5955a-de0c-4654-8699-952a9be78be0,3c023c25-2678-4bea-92c5-7662f1a7ca75,follow_up,no_response,CRM activity import,2025-04-02
ec989280-3a85-496b-936f-dd934c9b361a,8daa66de-52e6-410d-ab80-66610a4b6fd7,11c317d5-9177-43e8-8435-10259cc49bf8,follow_up,no_response,CRM activity import,2025-10-18
19af41d2-004d-4963-aa82-2d96ac6a0bea,8daa66de-52e6-410d-ab80-66610a4b6fd7,11c317d5-9177-43e8-8435-10259cc49bf8,follow_up,neutral,CRM activity import,2025-01-04
4afd796a-f952-45db-82fb-3387291859e5,8c5a5968-5e19-485b-a8a7-c9169d648137,8855c974-d62f-4d15-a655-0091e8a316de,meeting,no_response,CRM activity import,2025-09-08
a65f62ac-02b2-4695-a4e2-1bbb645f57d8,8c5a5968-5e19-485b-a8a7-c9169d648137,8855c974-d62f-4d15-a655-0091e8a316de,follow_up,negative,CRM activity import,2025-04-22
446b75dc-430e-45d2-b937-8029500e0e81,8c5a5968-5e19-485b-a8a7-c9169d648137,8855c974-d62f-4d15-a655-0091e8a316de,meeting,negative,CRM activity import,2025-10-27
8a7b960a-a0ae-4221-835a-1bed0b6fab06,8c5a5968-5e19-485b-a8a7-c9169d648137,8855c974-d62f-4d15-a655-0091e8a316de,demo,positive,CRM activity import,2025-02-04
d1092341-2279-4aa7-bd12-9fd4676001c6,85515ae4-ac10-42bf-b63c-4f8b6ec88096,11c317d5-9177-43e8-8435-10259cc49bf8,email,neutral,CRM activity import,2025-09-07
e287dbba-a158-4d0b-bcd8-d05e736bd861,85515ae4-ac10-42bf-b63c-4f8b6ec88096,11c317d5-9177-43e8-8435-10259cc49bf8,call,neutral,CRM activity import,2025-09-18
1f173e1d-a5ae-4eb5-923a-923636eca541,85515ae4-ac10-42bf-b63c-4f8b6ec88096,11c317d5-9177-43e8-8435-10259cc49bf8,follow_up,neutral,CRM activity import,2025-12-12
fcc5fa82-c334-4e07-bfed-022d9d925752,85515ae4-ac10-42bf-b63c-4f8b6ec88096,11c317d5-9177-43e8-8435-10259cc49bf8,email,negative,CRM activity import,2025-03-27
cb610000-93e7-4609-9939-b8628628e9a3,85515ae4-ac10-42bf-b63c-4f8b6ec88096,11c317d5-9177-43e8-8435-10259cc49bf8,call,negative,CRM activity import,2025-06-09
0798b0ed-6a03-4873-9321-90b39773be00,85515ae4-ac10-42bf-b63c-4f8b6ec88096,11c317d5-9177-43e8-8435-10259cc49bf8,call,positive,CRM activity import,2025-04-17
f48b354d-fd66-4494-b51c-f84104a0449d,85515ae4-ac10-42bf-b63c-4f8b6ec88096,11c317d5-9177-43e8-8435-10259cc49bf8,meeting,negative,CRM activity import,2025-07-21
