id,account_id,rep_id,name,product,stage,amount,close_probability,expected_close_date,actual_close_date,created_at
30439b87-d2fa-4387-b46f-b85e0933a53d,3969a37e-a0e7-4a14-b31b-728698d2d434,11c40c5b-04c7-4c16-84b5-9ac7c6e7600d,Whiteboard Vertical Interfaces Deal,Enterprise Suite,Qualification,192928.83,34,2024-03-08,,2023-11-15T18:06:04
eb9ff29a-a2f8-49b0-9e07-2d859e5b7499,d30b4e49-efbf-4fd7-927e-34b2b0ad3f97,11c40c5b-04c7-4c16-84b5-9ac7c6e7600d,Deliver Interactive Partnerships Deal,Pro Platform,Closed Lost,222598.76,0,2026-09-07,2026-08-19,2026-05-12T05:28:53
7672c534-190c-4776-bfb0-24ff7fdc1666,4e8b6031-344e-4356-a903-91dc89356daa,1ef60c0f-33de-4df6-8bf5-d57fe5f6cdc6,Exploit Strategic Infrastructures Deal,Growth Package,Closed Won,141656.36,99,2025-11-07,2025-11-04,2025-09-18T21:06:56
808f2d21-22fc-486c-8545-8851a32e38dc,ee7a8393-f251-4771-97b7-477d034ee7c5,1ef60c0f-33de-4df6-8bf5-d57fe5f6cdc6,Strategize Back-End Communities Deal,Starter Plan,Closed Won,55753.02,100,2024-08-24,2024-08-09,2024-06-07T06:43:40
7eb65338-b5b5-4906-b779-93e46845791b,4e8b6031-344e-4356-a903-91dc89356daa,11c40c5b-04c7-4c16-84b5-9ac7c6e7600d,Optimize Vertical Initiatives Deal,Data Add-on,Closed Won,31683.75,98,2025-10-17,2025-10-12,2025-08-27T01:00:21
6f6cc34e-be8c-46ed-8917-4ceb3ad72327,c7606c21-6987-4082-99d0-8830d717d687,020f1c21-41c0-4acc-863e-aeaf7cb93291,Incentivize Web-Enabled Partnerships Deal,AI Insights,Proposal,118367.99,39,2023-12-18,,2023-09-19T17:02:53
2d6d174b-c2a0-44da-b4b7-cd2d68c57597,59bcadb5-6ab3-4f0d-b96f-0a2d189bfdc3,2190b3dc-d9a5-406a-884e-de17fc65dbc9,Visualize Cross-Media E-Commerce Deal,Enterprise Suite,Qualification,226765.74,16,2026-05-11,,2026-02-28T11:13:43
ada074df-ef32-438a-adad-a47a8edf7a16,c3d107a3-6a6c-40ab-a150-89bbc44c23ea,0a1351d0-8987-443c-9d8c-2cfb370390bc,Enable Clicks-And-Mortar Web-Readiness Deal,Pro Platform,Closed Won,113466.8,97,2025-08-26,2025-08-26,2025-07-05T05:51:51
b2752f75-d4fb-41be-bce6-adabbada623a,59bcadb5-6ab3-4f0d-b96f-0a2d189bfdc3,2190b3dc-d9a5-406a-884e-de17fc65dbc9,Revolutionize Synergistic Action-Items Deal,Growth Package,Closed Lost,199948.89,0,2025-05-02,2025-04-20,2024-12-22T08:10:50
d0cfc82f-5268-47ff-85a0-c5f71b7232c2,802cbefb-48cc-450d-bb22-ea15b620af89,1ef60c0f-33de-4df6-8bf5-d57fe5f6cdc6,Facilitate Viral Web-Readiness Deal,Starter Plan,Closed Won,71159.76,100,2026-05-13,2026-05-13,2026-03-15T09:52:50
f6d941fb-8398-4c3b-8fd2-addecec2b1f6,79edb43b-b891-4ea7-8ed0-827c532a46e1,020f1c21-41c0-4acc-863e-aeaf7cb93291,Utilize Granular Initiatives Deal,Data Add-on,Proposal,84078.7,43,2024-02-24,,2023-11-25T11:41:32
2c5ec392-c797-4480-8ecd-f8cb8cfa4085,a5d618ec-d02e-4997-98ab-fb72b19278bb,1ef60c0f-33de-4df6-8bf5-d57fe5f6cdc6,Scale Ubiquitous Synergies Deal,AI Insights,Prospecting,243192.14,8,2024-07-17,,2024-03-31T01:06:38
e6026de0-4d02-41d9-9db6-6c43c6f591b8,4e29bc8a-3038-476e-85ec-1e599c7c75f4,0a1351d0-8987-443c-9d8c-2cfb370390bc,Orchestrate Revolutionary Functionalities Deal,Enterprise Suite,Proposal,246374.25,53,2024-04-27,,2023-12-29T06:16:02
b039201b-935a-48e7-9fda-ad2319ce983b,54d079ec-de1c-4569-8ec9-bc60d15a9ada,32cd3c94-d0a1-4377-9ee8-33ebfdfc52c4,Engage Frictionless Metrics Deal,Pro Platform,Closed Won,177977.14,96,2026-12-05,2026-11-16,2026-07-24T11:27:04
2e043284-9b55-46d4-96ef-a60ca93631a7,b9026f38-9090-4b83-844c-2a492bae0515,11c40c5b-04c7-4c16-84b5-9ac7c6e7600d,Synergize E-Business Action-Items Deal,Growth Package,Closed Won,185543.48,100,2024-09-21,2024-09-15,2024-07-10T10:25:44
dd95f644-743c-4322-859f-a5cd51bea8ca,d30b4e49-efbf-4fd7-927e-34b2b0ad3f97,58bb7dcd-7371-45f0-b775-f61c779bdd5f,Exploit Intuitive Info-Mediaries Deal,Starter Plan,Closed Lost,175783.13,8,2026-07-29,2026-07-20,2026-06-20T09:25:35
46586ed0-64ce-4d7d-a489-759e93532e16,e7fae673-2593-4753-8d68-edac9bbb6172,11c40c5b-04c7-4c16-84b5-9ac7c6e7600d,Benchmark Revolutionary Roi Deal,Data Add-on,Closed Won,159532.16,100,2024-12-04,2024-11-13,2024-08-15T21:13:32
d70dd212-8e25-4787-bb64-47def5b77498,c7606c21-6987-4082-99d0-8830d717d687,2190b3dc-d9a5-406a-884e-de17fc65dbc9,Drive Distributed Markets Deal,AI Insights,Proposal,165576.4,42,2024-11-21,,2024-09-27T21:19:14
899e2d1f-38e0-4fa9-af04-ce1585490fca,7f598352-14dd-41df-8bbc-bcfede1374bb,d4992c06-934d-4fbb-a32c-578342bada59,Transform Value-Added Synergies Deal,Enterprise Suite,Closed Lost,160593.01,3,2026-04-28,2026-04-13,2025-12-15T20:36:12
8ab348c2-d7de-43e7-8190-90a124e37104,29ca244e-cf4a-4bc0-877b-8142c019fccb,58bb7dcd-7371-45f0-b775-f61c779bdd5f,Disintermediate Back-End Metrics Deal,Pro Platform,Prospecting,178153.16,3,2026-10-08,,2026-05-28T13:14:11
e15a50ab-98b6-4820-8010-e2be776f2f18,3acf070e-4a96-4cb3-8bb0-e1e9e2b9edf7,d4992c06-934d-4fbb-a32c-578342bada59,Re-Contextualize Collaborative E-Commerce Deal,Growth Package,Qualification,215117.36,29,2025-06-11,,2025-01-26T21:33:35
7ad04872-f5c7-4f86-91a4-2bd8915f2136,f92d7f7e-5264-4510-b80b-2d43c69106dc,0a1351d0-8987-443c-9d8c-2cfb370390bc,Generate Mission-Critical Supply-Chains Deal,Starter Plan,Proposal,207451.5,52,2026-08-20,,2026-05-14T14:57:10
1a869c4d-b835-47ee-9756-f971c037be2f,fc19103f-5dfc-4b8c-82b7-b00b1c87c9d3,0a1351d0-8987-443c-9d8c-2cfb370390bc,Whiteboard Integrated Portals Deal,Data Add-on,Closed Won,83781.61,100,2026-03-03,2026-02-24,2026-01-16T07:17:28
addb3e85-a999-484e-ad88-2358f43568ce,6aaf7690-b378-4760-b672-7e8fa7aab337,11c40c5b-04c7-4c16-84b5-9ac7c6e7600d,Revolutionize Efficient Systems Deal,AI Insights,Qualification,144235.01,27,2024-03-18,,2024-01-08T22:09:45
c8c9ebd8-1008-4629-8efe-11bd95015c7e,3970c3f2-1ff7-447b-963b-b745bde8ae32,58bb7dcd-7371-45f0-b775-f61c779bdd5f,Engage Efficient Schemas Deal,Enterprise Suite,Proposal,115628.07,47,2024-08-10,,2024-04-14T18:44:01
96c2731b-7702-4527-8356-4b5ee922e574,802cbefb-48cc-450d-bb22-ea15b620af89,3072876d-f481-473a-a2f9-7920a2f43361,Integrate Open-Source Networks Deal,Pro Platform,Qualification,193299.28,28,2026-08-19,,2026-04-27T17:47:47
97deedb0-b156-43f3-b962-e916dd238838,b9026f38-9090-4b83-844c-2a492bae0515,11c40c5b-04c7-4c16-84b5-9ac7c6e7600d,Whiteboard Sticky E-Tailers Deal,Growth Package,Proposal,26675.71,47,2025-01-08,,2024-09-22T23:10:53
20cf4a16-4be3-4e24-bfa8-964b177ec9d8,61128e24-0d9b-4889-9d21-7ca97f309b22,32cd3c94-d0a1-4377-9ee8-33ebfdfc52c4,Incentivize Rich Convergence Deal,Starter Plan,Closed Lost,156135.34,10,2025-12-02,2025-12-01,2025-09-03T13:08:55
9b019e95-beb1-47e3-8130-94b47279e434,c25faa15-16a7-4cbd-8306-0a2f43de5c7a,11c40c5b-04c7-4c16-84b5-9ac7c6e7600d,Syndicate Proactive Solutions Deal,Data Add-on,Qualification,124580.84,27,2025-01-16,,2024-09-29T08:48:53
2b9b452b-906a-48d1-8820-f3afccc135df,d020153d-1698-4c4c-bb37-c2bd00ee2160,2190b3dc-d9a5-406a-884e-de17fc65dbc9,Implement Seamless Experiences Deal,AI Insights,Prospecting,144066.38,7,2027-01-17,,2026-09-02T20:04:49
97ad0c6f-581d-445d-b905-572401a94d70,3969a37e-a0e7-4a14-b31b-728698d2d434,5df1bdd4-bd0c-4d1b-8184-16811d4bf499,Enable Killer Infrastructures Deal,Enterprise Suite,Qualification,213022.63,19,2025-11-01,,2025-07-08T15:42:07
ef46f616-4015-4f60-87ee-159d63d4f2c1,47c742f7-7b92-405c-a137-e46b92102cf8,020f1c21-41c0-4acc-863e-aeaf7cb93291,Orchestrate Back-End Paradigms Deal,Pro Platform,Closed Won,58591.5,93,2025-12-04,2025-11-05,2025-07-24T05:19:06
2b8d3728-6c2a-4436-ba53-ae04279c1c91,d69a473a-3e25-4066-8f01-90e6c5995fdd,11c40c5b-04c7-4c16-84b5-9ac7c6e7600d,Empower Leading-Edge E-Business Deal,Growth Package,Negotiation,240379.75,71,2025-03-16,,2024-11-23T02:37:44
bbe37167-8c88-4155-b76d-a519bced2c7c,f4121299-68b3-4bba-97ea-c780ffaa2ac7,020f1c21-41c0-4acc-863e-aeaf7cb93291,Maximize Seamless Portals Deal,Starter Plan,Qualification,177379.58,33,2026-05-23,,2026-02-26T01:22:34
fd0bfacf-177e-493b-8bc9-b613ec2c51c9,f35f9a19-cc28-4138-88d4-55a3dea17411,32cd3c94-d0a1-4377-9ee8-33ebfdfc52c4,Drive Seamless E-Tailers Deal,Data Add-on,Qualification,215402.39,28,2026-06-13,,2026-03-04T11:40:57
3485f682-6be3-4482-95d1-1dee194acd9b,cab0f672-178b-4d4a-965f-b85510138cb3,2190b3dc-d9a5-406a-884e-de17fc65dbc9,Re-Intermediate Plug-And-Play Portals Deal,AI Insights,Proposal,169605.21,52,2025-11-22,,2025-07-30T15:29:27
6cacfdc7-3004-4b4c-8198-031968f67ed3,ab146f5e-d230-4ca3-9142-3d0451dfe7f4,0a1351d0-8987-443c-9d8c-2cfb370390bc,Synergize Ubiquitous Channels Deal,Enterprise Suite,Closed Won,39932.47,100,2026-07-25,2026-07-25,2026-05-08T18:39:42
e7fd43db-c467-4180-92f0-77213beae0b4,91db0335-1b9f-4aff-b639-9d9c4464565e,32cd3c94-d0a1-4377-9ee8-33ebfdfc52c4,Exploit Revolutionary Channels Deal,Pro Platform,Qualification,132136.48,25,2025-02-22,,2024-10-09T08:56:38
e81a28f6-266f-47c7-846c-7dd3d424e13a,1af66f33-5128-45db-a795-9f8c9b910043,5df1bdd4-bd0c-4d1b-8184-16811d4bf499,Extend Seamless Experiences Deal,Growth Package,Closed Lost,39690.98,7,2026-03-22,2026-03-08,2025-11-16T07:44:30
9b07edc3-5d7d-4b8c-b73f-34d7f31c4568,a5d618ec-d02e-4997-98ab-fb72b19278bb,0a1351d0-8987-443c-9d8c-2cfb370390bc,E-Enable Sticky Metrics Deal,Starter Plan,Prospecting,70967.17,18,2026-01-28,,2025-10-10T11:30:35
2aa21bcb-3186-4b8e-9054-5f5aa01d7fb9,3acf070e-4a96-4cb3-8bb0-e1e9e2b9edf7,1ef60c0f-33de-4df6-8bf5-d57fe5f6cdc6,Monetize Impactful Vortals Deal,Data Add-on,Negotiation,100916.42,73,2025-03-08,,2025-01-10T07:07:46
af50e02b-592d-4b94-af86-ef64e2842e5d,fc19103f-5dfc-4b8c-82b7-b00b1c87c9d3,020f1c21-41c0-4acc-863e-aeaf7cb93291,Benchmark Collaborative Portals Deal,AI Insights,Closed Lost,178737.62,5,2024-07-02,2024-06-29,2024-03-24T08:46:37
21a75125-638f-493e-8524-5171d47b6864,5d22a924-50b7-4eb3-9b81-c66dee72ddf1,0a1351d0-8987-443c-9d8c-2cfb370390bc,Harness Impactful Models Deal,Enterprise Suite,Qualification,103002.65,32,2024-10-20,,2024-08-23T04:17:02
e4adc1f3-d698-47ec-ae68-d84af155fc1a,ab146f5e-d230-4ca3-9142-3d0451dfe7f4,1ef60c0f-33de-4df6-8bf5-d57fe5f6cdc6,Repurpose Enterprise Portals Deal,Pro Platform,Negotiation,193142.2,83,2024-03-01,,2023-12-01T09:30:30
235f988e-41b9-4841-99a5-46a936edd0b9,cc17b34d-6e3f-419c-9851-0f9ebd7d92e9,1ef60c0f-33de-4df6-8bf5-d57fe5f6cdc6,Re-Intermediate Turn-Key Solutions Deal,Growth Package,Qualification,218196.28,27,2024-03-26,,2023-12-03T15:04:36
ac26e8dc-94a8-4a30-b29f-114030a15bfd,802cbefb-48cc-450d-bb22-ea15b620af89,2190b3dc-d9a5-406a-884e-de17fc65dbc9,Engineer Killer Portals Deal,Starter Plan,Proposal,89882.17,52,2027-01-12,,2026-09-01T13:38:38
335d9bca-bc11-4f91-9ab8-d91a07d6bb2e,ba7c4072-d1fc-489a-858a-edac82250645,32cd3c94-d0a1-4377-9ee8-33ebfdfc52c4,Deploy Synergistic Action-Items Deal,Data Add-on,Proposal,121825.83,44,2026-08-30,,2026-04-14T18:39:03
f5ac4b71-a765-407d-b5eb-0bd9bea4946a,c3d107a3-6a6c-40ab-a150-89bbc44c23ea,0a1351d0-8987-443c-9d8c-2cfb370390bc,Deploy Intuitive Partnerships Deal,AI Insights,Negotiation,80868.61,70,2023-12-22,,2023-11-08T17:04:10
6d90d1da-17a2-4eda-a753-69c4fd22676d,e00b0f83-bf8a-4492-8807-6b4c31d429fe,020f1c21-41c0-4acc-863e-aeaf7cb93291,Strategize Compelling Systems Deal,Enterprise Suite,Proposal,27507.17,49,2024-09-24,,2024-07-10T02:43:14
29c97812-52ae-40fe-9bbb-091e19cc0edb,fc19103f-5dfc-4b8c-82b7-b00b1c87c9d3,2190b3dc-d9a5-406a-884e-de17fc65dbc9,Seize Next-Generation Info-Mediaries Deal,Pro Platform,Qualification,54267.56,17,2024-08-27,,2024-06-05T01:10:50
2cd32d0d-56fb-450b-8233-4a2b601dd8cd,d020153d-1698-4c4c-bb37-c2bd00ee2160,2190b3dc-d9a5-406a-884e-de17fc65dbc9,Deploy B2B E-Services Deal,Growth Package,Negotiation,180938.75,82,2026-11-28,,2026-07-17T15:28:05
c157fa99-fb6b-40e7-a742-c880ea4df8d9,cab0f672-178b-4d4a-965f-b85510138cb3,58bb7dcd-7371-45f0-b775-f61c779bdd5f,Incubate Robust Vortals Deal,Starter Plan,Qualification,77584.62,33,2024-05-13,,2023-12-31T18:01:48
784e4f38-2e88-438a-8500-824464c37f9c,1af66f33-5128-45db-a795-9f8c9b910043,d4992c06-934d-4fbb-a32c-578342bada59,Visualize Customized Solutions Deal,Data Add-on,Closed Won,128215.19,98,2026-01-21,2026-01-19,2025-09-30T05:37:27
bc9d4e93-851c-48fe-8f8b-0a40c25d2db9,35960480-113a-4941-899d-d8f906425099,32cd3c94-d0a1-4377-9ee8-33ebfdfc52c4,Productize Killer Web Services Deal,AI Insights,Proposal,93843.4,45,2024-03-07,,2023-12-06T13:44:31
9ae77567-dad3-4e00-a44e-1769b8e229c8,b20046ef-b335-4ece-acf3-0ffe1883360a,0a1351d0-8987-443c-9d8c-2cfb370390bc,Morph Virtual Paradigms Deal,Enterprise Suite,Prospecting,40253.75,12,2024-10-10,,2024-06-04T16:52:00
5072bb30-1ad0-4343-a355-2b177eefd1c2,b9026f38-9090-4b83-844c-2a492bae0515,58bb7dcd-7371-45f0-b775-f61c779bdd5f,Monetize Cross-Media Initiatives Deal,Pro Platform,Qualification,103209.25,29,2026-04-29,,2025-12-21T01:13:17
5b69737c-6112-43df-ab36-b84071b3427f,d7cdfccf-5c25-4497-8c43-f2beb5af3c58,11c40c5b-04c7-4c16-84b5-9ac7c6e7600d,Brand Leading-Edge Content Deal,Growth Package,Closed Won,131483.71,100,2023-12-23,2023-12-06,2023-09-28T07:45:10
dfa5fb81-a87d-46dd-a43e-97aee5f949bf,5d22a924-50b7-4eb3-9b81-c66dee72ddf1,58bb7dcd-7371-45f0-b775-f61c779bdd5f,Transform Killer Deliverables Deal,Starter Plan,Qualification,213523.31,18,2024-04-18,,2023-12-31T20:53:09
37b1473b-8429-47b3-bc0d-28a285bd5ae3,e70f3db7-2ffa-4f91-b85a-b273c7108625,020f1c21-41c0-4acc-863e-aeaf7cb93291,Grow Clicks-And-Mortar Interfaces Deal,Data Add-on,Proposal,130974.9,52,2025-06-24,,2025-02-15T04:24:12
a9c90ef1-7104-41d4-b1b8-2988a8658cca,fc19103f-5dfc-4b8c-82b7-b00b1c87c9d3,1ef60c0f-33de-4df6-8bf5-d57fe5f6cdc6,Strategize One-To-One Metrics Deal,AI Insights,Closed Won,83536.9,100,2026-03-08,2026-02-13,2026-01-14T16:17:52
e89bc10e-3c32-45a8-83f1-8282a758af4f,b20046ef-b335-4ece-acf3-0ffe1883360a,11c40c5b-04c7-4c16-84b5-9ac7c6e7600d,Engage Clicks-And-Mortar Metrics Deal,Enterprise Suite,Negotiation,249747.54,79,2025-04-30,,2025-02-05T17:30:22
c3bc14d0-36b1-4cee-aeb0-a3c27c651637,d020153d-1698-4c4c-bb37-c2bd00ee2160,32cd3c94-d0a1-4377-9ee8-33ebfdfc52c4,Aggregate World-Class Content Deal,Pro Platform,Qualification,63390.05,27,2026-01-19,,2025-10-19T07:54:49
a0412587-b661-4015-a0ed-c740028331b3,ee7a8393-f251-4771-97b7-477d034ee7c5,0a1351d0-8987-443c-9d8c-2cfb370390bc,Visualize 24/7 Web-Readiness Deal,Growth Package,Closed Won,206624.05,100,2025-02-06,2025-01-07,2024-11-22T04:31:02
e4473894-d36c-45c2-a4ff-8287408bc94b,f35f9a19-cc28-4138-88d4-55a3dea17411,a705a42e-730b-40ef-9610-f6ea1590aad7,Revolutionize Virtual Applications Deal,Starter Plan,Closed Won,221063.79,100,2025-03-11,2025-03-09,2024-12-17T00:46:09
619cac35-056a-42ed-88c1-934bb16bb8a3,3970c3f2-1ff7-447b-963b-b745bde8ae32,32cd3c94-d0a1-4377-9ee8-33ebfdfc52c4,Deploy Compelling Experiences Deal,Data Add-on,Closed Lost,97869.08,0,2026-02-26,2026-01-27,2025-10-21T10:54:43
26771b8c-2afa-4de7-940f-595d2999507f,fc19103f-5dfc-4b8c-82b7-b00b1c87c9d3,11c40c5b-04c7-4c16-84b5-9ac7c6e7600d,Benchmark Transparent Relationships Deal,AI Insights,Closed Won,194662.42,100,2026-09-03,2026-08-27,2026-05-02T02:15:40
24609140-69fe-4a9f-89f9-2f9a8a83c2ca,47c742f7-7b92-405c-a137-e46b92102cf8,0a1351d0-8987-443c-9d8c-2cfb370390bc,Facilitate Sticky Infrastructures Deal,Enterprise Suite,Proposal,42641.92,38,2025-11-05,,2025-08-28T14:10:44
82c09361-1de7-4939-a236-262505f17819,e7fae673-2593-4753-8d68-edac9bbb6172,58bb7dcd-7371-45f0-b775-f61c779bdd5f,Brand B2C Schemas Deal,Pro Platform,Prospecting,102446.57,16,2025-02-04,,2024-12-08T13:36:43
dd4fa686-ae57-4680-8e0f-036a0cd25907,c25faa15-16a7-4cbd-8306-0a2f43de5c7a,2190b3dc-d9a5-406a-884e-de17fc65dbc9,E-Enable 24/365 Relationships Deal,Growth Package,Closed Won,162533.38,100,2024-10-02,2024-09-18,2024-05-30T04:14:29
5a053a15-4d7c-4a3c-ab70-98e85f688535,d30b4e49-efbf-4fd7-927e-34b2b0ad3f97,11c40c5b-04c7-4c16-84b5-9ac7c6e7600d,Enhance Bricks-And-Clicks Niches Deal,Starter Plan,Prospecting,205065.61,17,2026-09-24,,2026-06-22T05:04:28
ad75dbd8-47bd-4483-b5c6-ba21951a0b8f,69012580-74c6-497c-aa17-497e40eef739,1ef60c0f-33de-4df6-8bf5-d57fe5f6cdc6,Whiteboard Scalable Niches Deal,Data Add-on,Closed Won,125072.24,100,2024-12-12,2024-11-24,2024-08-13T03:15:24
cc72dfe1-61e6-4ed4-a973-6491ac7f4f3d,cc17b34d-6e3f-419c-9851-0f9ebd7d92e9,11c40c5b-04c7-4c16-84b5-9ac7c6e7600d,Extend Virtual Vortals Deal,AI Insights,Closed Won,25046.11,98,2026-08-06,2026-07-08,2026-03-13T00:36:55
a23a96f8-3f4c-41f6-a70e-d9e7c1a7b5a6,91a562ed-874f-4371-ae4d-25b69dbb3e2b,a705a42e-730b-40ef-9610-f6ea1590aad7,Synthesize Wireless Info-Mediaries Deal,Enterprise Suite,Proposal,227955.72,42,2024-10-11,,2024-07-26T19:51:22
6d0c5a52-3746-42d4-aa8b-6d93135eb904,d020153d-1698-4c4c-bb37-c2bd00ee2160,11c40c5b-04c7-4c16-84b5-9ac7c6e7600d,Architect Proactive Platforms Deal,Pro Platform,Closed Won,196518.28,100,2026-02-03,2026-01-25,2025-10-05T03:57:40
6335ef69-e429-4b63-ab1c-3acbcf530eeb,e00b0f83-bf8a-4492-8807-6b4c31d429fe,0a1351d0-8987-443c-9d8c-2cfb370390bc,Redefine Turn-Key Technologies Deal,Growth Package,Prospecting,103918.08,9,2024-03-26,,2024-01-30T10:47:26
ef01b7f7-91c9-4a99-b2ce-3d6f0af7a20c,5d22a924-50b7-4eb3-9b81-c66dee72ddf1,0a1351d0-8987-443c-9d8c-2cfb370390bc,Brand Cutting-Edge Experiences Deal,Starter Plan,Closed Won,104147.23,95,2025-07-01,2025-06-08,2025-03-09T08:58:52
6638bc4f-14b9-44bf-9182-911402b5604d,c637537f-3e50-46ec-8035-aaae16159bc4,0a1351d0-8987-443c-9d8c-2cfb370390bc,Mesh Customized Metrics Deal,Data Add-on,Closed Won,127716.22,97,2024-02-15,2024-02-13,2023-11-25T21:46:43
4859ed30-305a-478d-b3f8-f57799c7acb7,f4121299-68b3-4bba-97ea-c780ffaa2ac7,0a1351d0-8987-443c-9d8c-2cfb370390bc,Utilize Impactful Applications Deal,AI Insights,Prospecting,143411.63,8,2025-05-16,,2025-01-22T18:24:52
91f17002-2c20-4790-baf0-9b5a288da4d9,f1c81569-6205-4101-a4a1-b32d24cf98c0,020f1c21-41c0-4acc-863e-aeaf7cb93291,Harness Extensible Communities Deal,Enterprise Suite,Proposal,162495.78,54,2026-11-28,,2026-07-11T07:41:04
f3c21aa6-f9bd-48e7-bb09-16edeebf2a88,79edb43b-b891-4ea7-8ed0-827c532a46e1,020f1c21-41c0-4acc-863e-aeaf7cb93291,Harness Leading-Edge Technologies Deal,Pro Platform,Negotiation,46835.47,74,2023-12-05,,2023-10-02T15:07:06
c70a7fd1-d2ca-4afc-b3ab-fca73e6491fc,d888d4cd-1d94-4497-ab6b-bc366bb90cfd,58bb7dcd-7371-45f0-b775-f61c779bdd5f,Exploit 24/365 Experiences Deal,Growth Package,Proposal,238357.58,48,2025-12-26,,2025-10-18T18:47:46
b3e788fd-49a2-4f26-9fd5-869e5b8789fc,c637537f-3e50-46ec-8035-aaae16159bc4,2190b3dc-d9a5-406a-884e-de17fc65dbc9,Streamline Bleeding-Edge E-Commerce Deal,Starter Plan,Proposal,113866.65,46,2026-10-04,,2026-08-02T06:28:28
340de952-99eb-4760-baff-5e5439d60171,834cacf7-6d0f-4612-b5f3-b1c18272bcfe,1ef60c0f-33de-4df6-8bf5-d57fe5f6cdc6,Disintermediate Dot-Com Roi Deal,Data Add-on,Proposal,227390.13,47,2025-11-19,,2025-08-02T08:12:07
8b18f069-8b7e-4a27-8c3b-a02c48635cf0,6aaf7690-b378-4760-b672-7e8fa7aab337,11c40c5b-04c7-4c16-84b5-9ac7c6e7600d,Grow Compelling E-Services Deal,AI Insights,Negotiation,243351.46,72,2024-01-01,,2023-10-11T04:50:36
2772a31c-5b04-4e3e-9e40-466e88e9c5ac,b9026f38-9090-4b83-844c-2a492bae0515,0a1351d0-8987-443c-9d8c-2cfb370390bc,Unleash Leading-Edge Methodologies Deal,Enterprise Suite,Qualification,69668.81,19,2026-06-15,,2026-04-11T19:00:17
ad67c6b0-b648-46f2-a682-8b81fc02f0b9,50fdcf0f-efe5-46f7-8715-dbf4143535ba,11c40c5b-04c7-4c16-84b5-9ac7c6e7600d,Unleash Viral Content Deal,Pro Platform,Qualification,172043.26,26,2023-10-28,,2023-09-18T07:37:20
36de4636-9f1f-4007-be93-ad7ff946e8e9,f92d7f7e-5264-4510-b80b-2d43c69106dc,d4992c06-934d-4fbb-a32c-578342bada59,Transform Bricks-And-Clicks E-Business Deal,Growth Package,Closed Won,140999.67,100,2026-02-13,2026-01-28,2025-12-16T11:32:37
3c5ee4c8-4482-4f51-9af6-7932db1451e3,658dd6a4-8c9b-4330-8546-b08055f982dd,11c40c5b-04c7-4c16-84b5-9ac7c6e7600d,Engage Viral Methodologies Deal,Starter Plan,Negotiation,187265.89,81,2026-08-09,,2026-06-22T09:29:41
c462f8dc-12b0-4cb5-8d26-654f39c2a868,6aaf7690-b378-4760-b672-7e8fa7aab337,0a1351d0-8987-443c-9d8c-2cfb370390bc,Extend Sticky Schemas Deal,Data Add-on,Proposal,44831.22,37,2026-01-06,,2025-11-15T02:20:38
2e402bef-8529-4668-9859-0033b73fc98e,4e29bc8a-3038-476e-85ec-1e599c7c75f4,11c40c5b-04c7-4c16-84b5-9ac7c6e7600d,Revolutionize Integrated E-Services Deal,AI Insights,Negotiation,146121.98,81,2025-01-08,,2024-09-20T09:29:32
ef401618-28e2-40e5-857e-12791ac6c329,c3d107a3-6a6c-40ab-a150-89bbc44c23ea,0a1351d0-8987-443c-9d8c-2cfb370390bc,Matrix Out-Of-The-Box Infrastructures Deal,Enterprise Suite,Prospecting,170583.98,6,2026-07-26,,2026-05-18T13:28:56
751760b5-d842-43a7-9378-81237b87cf92,6aaf7690-b378-4760-b672-7e8fa7aab337,0a1351d0-8987-443c-9d8c-2cfb370390bc,Engage Leading-Edge Web-Readiness Deal,Pro Platform,Proposal,187810.88,43,2024-11-11,,2024-08-11T11:09:43
1fdf9ad6-49c4-4547-8d8b-8eee7017dc71,54d079ec-de1c-4569-8ec9-bc60d15a9ada,0a1351d0-8987-443c-9d8c-2cfb370390bc,Innovate Scalable Interfaces Deal,Growth Package,Prospecting,42209.82,4,2026-04-27,,2025-12-26T17:03:37
80efaa88-9a99-48fc-ad0c-e7927bfc4212,59bcadb5-6ab3-4f0d-b96f-0a2d189bfdc3,2190b3dc-d9a5-406a-884e-de17fc65dbc9,Seize Out-Of-The-Box Systems Deal,Starter Plan,Qualification,173028.32,16,2026-03-31,,2025-12-28T09:38:19
36e331aa-dda1-463b-b71d-2398674e387b,802cbefb-48cc-450d-bb22-ea15b620af89,32cd3c94-d0a1-4377-9ee8-33ebfdfc52c4,Cultivate Global E-Tailers Deal,Data Add-on,Qualification,130903.56,32,2026-06-10,,2026-03-12T11:07:48
070e766c-034e-4f32-850e-7e31bfde3845,cab0f672-178b-4d4a-965f-b85510138cb3,58bb7dcd-7371-45f0-b775-f61c779bdd5f,Iterate Strategic Initiatives Deal,AI Insights,Negotiation,196509.48,85,2025-11-13,,2025-07-22T17:01:38
cb127aed-bed9-45ad-b44d-7e26d98d316d,6aaf7690-b378-4760-b672-7e8fa7aab337,2190b3dc-d9a5-406a-884e-de17fc65dbc9,Harness Visionary Platforms Deal,Enterprise Suite,Negotiation,91066.48,70,2024-11-25,,2024-09-01T04:36:42
9ef2f134-2fdf-4b14-a578-30ac67d4d14c,695954f7-213f-42ea-9857-80ba2b528bb4,020f1c21-41c0-4acc-863e-aeaf7cb93291,Iterate Back-End Communities Deal,Pro Platform,Closed Lost,41104.27,3,2025-07-22,2025-06-29,2025-04-13T14:21:10
c97fbad5-9c5b-4a60-8963-c5e9f1d36686,cab0f672-178b-4d4a-965f-b85510138cb3,58bb7dcd-7371-45f0-b775-f61c779bdd5f,Streamline Real-Time E-Tailers Deal,Growth Package,Closed Lost,157131.47,0,2026-06-28,2026-06-14,2026-05-05T19:03:43
bcb43d36-8b12-4bce-8ffb-621c0d0ca375,fc19103f-5dfc-4b8c-82b7-b00b1c87c9d3,020f1c21-41c0-4acc-863e-aeaf7cb93291,Productize Holistic Supply-Chains Deal,Starter Plan,Proposal,121670.16,51,2024-08-29,,2024-06-25T03:22:27
cd4ecc18-aa96-4fa2-a69b-8f89a894c446,3969a37e-a0e7-4a14-b31b-728698d2d434,020f1c21-41c0-4acc-863e-aeaf7cb93291,Morph Global Mindshare Deal,Data Add-on,Proposal,173440.49,54,2024-01-13,,2023-10-13T01:00:13
b3f50d32-b7ac-4526-b936-32b5cb0fa325,e0220320-7a72-4f75-836c-d521221a3e77,2190b3dc-d9a5-406a-884e-de17fc65dbc9,Expedite Granular Synergies Deal,AI Insights,Qualification,95468.14,28,2024-01-21,,2023-09-29T05:08:24
4f7075df-61ba-4566-a180-01496b74b799,3acf070e-4a96-4cb3-8bb0-e1e9e2b9edf7,32cd3c94-d0a1-4377-9ee8-33ebfdfc52c4,Enable Viral Applications Deal,Enterprise Suite,Negotiation,101458.45,66,2025-01-20,,2024-11-24T13:01:29
cfdc8c77-62ce-4046-a024-71bea477a31b,d6de0898-6526-463b-9489-d16568e7cfcf,58bb7dcd-7371-45f0-b775-f61c779bdd5f,Optimize Bricks-And-Clicks Markets Deal,Pro Platform,Proposal,167232.58,35,2024-11-25,,2024-07-13T10:10:51
a78e6235-5d10-4ed6-97f0-5304e80a01b3,695954f7-213f-42ea-9857-80ba2b528bb4,020f1c21-41c0-4acc-863e-aeaf7cb93291,Re-Intermediate Killer Web-Readiness Deal,Growth Package,Proposal,120443.71,53,2024-03-26,,2023-12-14T12:33:05
b35e7bbe-099f-4017-8033-b0696b514258,a5d618ec-d02e-4997-98ab-fb72b19278bb,58bb7dcd-7371-45f0-b775-f61c779bdd5f,Strategize Collaborative Metrics Deal,Starter Plan,Qualification,58670.52,31,2025-06-09,,2025-03-04T16:12:57
0f9154d0-2d2d-4023-ac92-6e3d5680a99e,c66c05f6-db70-40ec-9775-dd3900b0ce8b,1ef60c0f-33de-4df6-8bf5-d57fe5f6cdc6,Cultivate Front-End Methodologies Deal,Data Add-on,Negotiation,53968.66,71,2024-04-05,,2023-12-09T05:38:09
98e49705-2fd7-40dc-ba0d-f5271115479f,ca7273e7-179a-43af-9d51-9d1bcc2eb80f,1ef60c0f-33de-4df6-8bf5-d57fe5f6cdc6,Harness Extensible Channels Deal,AI Insights,Negotiation,126709.21,79,2025-09-25,,2025-05-19T21:59:56
f8a79b6b-7e2a-4952-b748-8965cb1674e1,ee7a8393-f251-4771-97b7-477d034ee7c5,1ef60c0f-33de-4df6-8bf5-d57fe5f6cdc6,Engage B2B Networks Deal,Enterprise Suite,Qualification,121145.45,24,2025-04-08,,2025-01-21T08:37:03
dba33b6d-efd1-4a62-8517-00bb54557d06,7f598352-14dd-41df-8bbc-bcfede1374bb,11c40c5b-04c7-4c16-84b5-9ac7c6e7600d,Aggregate Web-Enabled Partnerships Deal,Pro Platform,Proposal,33084.71,55,2026-06-19,,2026-03-03T02:39:38
e5aaf16f-a6fb-46e4-81ba-2300999a0f66,8d1a1c33-6983-4b1a-ac9d-eeb235875368,a705a42e-730b-40ef-9610-f6ea1590aad7,Drive Bleeding-Edge Partnerships Deal,Growth Package,Closed Lost,189951.84,8,2024-03-01,2024-02-14,2023-10-30T20:12:20
31af3c50-6149-488b-90fa-887a051da640,d69a473a-3e25-4066-8f01-90e6c5995fdd,2190b3dc-d9a5-406a-884e-de17fc65dbc9,Evolve Plug-And-Play Applications Deal,Starter Plan,Prospecting,43805.43,2,2026-08-07,,2026-06-11T16:41:11
eecc4569-31cf-42f1-a4e6-4d4cb7721b24,cc17b34d-6e3f-419c-9851-0f9ebd7d92e9,58bb7dcd-7371-45f0-b775-f61c779bdd5f,Innovate Enterprise Networks Deal,Data Add-on,Proposal,140232.05,44,2024-05-20,,2024-02-12T12:26:49
35fee2ef-ef2f-4709-903f-af22fd67fb28,f35f9a19-cc28-4138-88d4-55a3dea17411,020f1c21-41c0-4acc-863e-aeaf7cb93291,Expedite Cross-Media Vortals Deal,AI Insights,Qualification,95828.87,24,2025-09-14,,2025-05-13T08:46:54
f39e3c5e-e338-4245-b892-6b4ffa215b44,695954f7-213f-42ea-9857-80ba2b528bb4,2190b3dc-d9a5-406a-884e-de17fc65dbc9,Monetize Collaborative E-Tailers Deal,Enterprise Suite,Negotiation,230851.68,77,2024-10-17,,2024-08-21T04:38:45
5a571b46-b6fd-4469-8045-af484530915e,e70f3db7-2ffa-4f91-b85a-b273c7108625,58bb7dcd-7371-45f0-b775-f61c779bdd5f,Drive World-Class Action-Items Deal,Pro Platform,Closed Won,207032.5,100,2025-12-31,2025-12-20,2025-09-27T02:41:42
e0d0d763-d49f-423b-906e-b2fa09f9273a,c66c05f6-db70-40ec-9775-dd3900b0ce8b,5df1bdd4-bd0c-4d1b-8184-16811d4bf499,Transition Strategic Roi Deal,Growth Package,Qualification,238768.94,30,2024-11-22,,2024-09-25T06:14:08
e7a0ae1a-576a-4f69-a1d6-d7e120b87012,b9026f38-9090-4b83-844c-2a492bae0515,0a1351d0-8987-443c-9d8c-2cfb370390bc,Streamline Ubiquitous Vortals Deal,Starter Plan,Prospecting,197301.19,16,2026-08-04,,2026-03-29T01:42:21
46123718-6555-4798-857e-f131a68c75de,c637537f-3e50-46ec-8035-aaae16159bc4,58bb7dcd-7371-45f0-b775-f61c779bdd5f,Engineer Sticky Initiatives Deal,Data Add-on,Qualification,211209.36,20,2026-04-08,,2025-12-26T23:28:02
8fe47501-328a-48d6-816b-2dc6819d15f5,8d1a1c33-6983-4b1a-ac9d-eeb235875368,020f1c21-41c0-4acc-863e-aeaf7cb93291,Benchmark Clicks-And-Mortar Architectures Deal,AI Insights,Closed Lost,160436.95,4,2026-04-02,2026-03-05,2025-12-26T07:34:15
8f407804-818e-4ece-baa9-f76bef53a3cd,a3df3aa9-9e62-44b8-adc4-3b5d771079f5,0a1351d0-8987-443c-9d8c-2cfb370390bc,Integrate User-Centric E-Business Deal,Enterprise Suite,Proposal,237839.94,44,2026-12-20,,2026-09-02T12:32:33
b54d3ab2-3ac6-418f-a3c8-3563984324e9,0f587a8c-094a-4c10-aadb-c4630c19a0c8,11c40c5b-04c7-4c16-84b5-9ac7c6e7600d,Matrix Cutting-Edge Vortals Deal,Pro Platform,Negotiation,220790.44,76,2024-01-29,,2023-10-16T17:59:06
8e6f6f65-e0b4-438b-a397-a10d1d6bf9d3,a5d618ec-d02e-4997-98ab-fb72b19278bb,2190b3dc-d9a5-406a-884e-de17fc65dbc9,Integrate End-To-End Architectures Deal,Growth Package,Qualification,123343.42,28,2025-07-21,,2025-03-27T02:58:14
e10e3e29-b56d-4e4d-b04f-111a56c22aba,54d079ec-de1c-4569-8ec9-bc60d15a9ada,5df1bdd4-bd0c-4d1b-8184-16811d4bf499,Seize Front-End Roi Deal,Starter Plan,Prospecting,135461.64,11,2024-07-09,,2024-05-03T07:01:20
56dff297-09d4-4e55-aa8e-2c3737292283,8f7d0c5e-3513-497d-b6ec-c549bbd8a013,2190b3dc-d9a5-406a-884e-de17fc65dbc9,Empower Transparent Models Deal,Data Add-on,Prospecting,231001.12,4,2025-07-13,,2025-02-27T22:30:28
a2681ad9-f6f3-4a05-a8de-9b77f0d38688,6dc977d1-26f3-45ad-bd65-79fe14eec458,2190b3dc-d9a5-406a-884e-de17fc65dbc9,Syndicate Back-End Metrics Deal,AI Insights,Qualification,212041.51,34,2025-08-07,,2025-05-24T16:27:07
507f49b8-7cb9-4066-b513-bf8c3df7e9fb,e70f3db7-2ffa-4f91-b85a-b273c7108625,2190b3dc-d9a5-406a-884e-de17fc65dbc9,Cultivate Rich Users Deal,Enterprise Suite,Qualification,166958.9,18,2025-08-22,,2025-07-03T15:38:34
ef8da497-82b4-477e-b43e-5956fa23529c,30eb762c-f7a9-4453-ad0b-25a535e8793e,11c40c5b-04c7-4c16-84b5-9ac7c6e7600d,Repurpose Compelling E-Commerce Deal,Pro Platform,Prospecting,118724.95,18,2025-11-16,,2025-07-08T13:11:42
5134efe4-4320-43ec-968f-0dc0b95f8f4d,d020153d-1698-4c4c-bb37-c2bd00ee2160,1ef60c0f-33de-4df6-8bf5-d57fe5f6cdc6,Utilize Back-End Portals Deal,Growth Package,Prospecting,140993.67,17,2025-07-05,,2025-03-17T00:24:55
08267429-9d1f-49eb-9df5-2d9a65e76854,59bcadb5-6ab3-4f0d-b96f-0a2d189bfdc3,58bb7dcd-7371-45f0-b775-f61c779bdd5f,Syndicate Visionary Mindshare Deal,Starter Plan,Proposal,191882.82,46,2025-02-14,,2024-10-03T07:46:42
d28efccf-c4af-4946-af64-883180a846ed,f1c81569-6205-4101-a4a1-b32d24cf98c0,a705a42e-730b-40ef-9610-f6ea1590aad7,Optimize Distributed Portals Deal,Data Add-on,Closed Won,50684.21,100,2025-01-28,2025-01-06,2024-09-11T05:53:49
b7df2b28-bf88-46d6-a010-fe0e1eb7cdb3,d020153d-1698-4c4c-bb37-c2bd00ee2160,32cd3c94-d0a1-4377-9ee8-33ebfdfc52c4,Strategize Robust Metrics Deal,AI Insights,Qualification,51016.09,16,2026-01-19,,2025-11-15T09:12:02
1422f66f-abe5-42c9-931c-8a032dddc897,cc17b34d-6e3f-419c-9851-0f9ebd7d92e9,1ef60c0f-33de-4df6-8bf5-d57fe5f6cdc6,Benchmark Clicks-And-Mortar Action-Items Deal,Enterprise Suite,Proposal,247498.22,36,2025-07-20,,2025-04-09T20:12:18
da69f02e-48ff-4cdb-bc31-99d1611597dc,47170763-2153-434d-bfc5-21f49c4c500f,020f1c21-41c0-4acc-863e-aeaf7cb93291,Re-Contextualize Real-Time Synergies Deal,Pro Platform,Qualification,203848.75,29,2025-03-27,,2024-12-13T12:21:11
aba96892-5940-4560-badc-9c5365318899,5d22a924-50b7-4eb3-9b81-c66dee72ddf1,1ef60c0f-33de-4df6-8bf5-d57fe5f6cdc6,Orchestrate Open-Source Channels Deal,Growth Package,Proposal,204264.06,48,2026-02-20,,2025-11-03T19:52:11
9478dc2a-634e-4fa6-baf7-81ac3a1b28b0,f92d7f7e-5264-4510-b80b-2d43c69106dc,2190b3dc-d9a5-406a-884e-de17fc65dbc9,Facilitate Holistic Architectures Deal,Starter Plan,Qualification,87997.19,28,2025-03-08,,2024-12-23T05:44:28
d070c439-19ec-471e-a68e-c5837085cd35,c637537f-3e50-46ec-8035-aaae16159bc4,020f1c21-41c0-4acc-863e-aeaf7cb93291,Redefine Value-Added Supply-Chains Deal,Data Add-on,Closed Lost,161415.84,0,2025-03-28,2025-03-12,2024-12-21T02:42:40
35ff9d5d-caf9-4ccb-92b8-9c8dea384ddb,c637537f-3e50-46ec-8035-aaae16159bc4,0a1351d0-8987-443c-9d8c-2cfb370390bc,Embrace Visionary Partnerships Deal,AI Insights,Negotiation,239141.56,79,2024-03-31,,2024-01-20T01:08:04
0d1ab5f1-21fc-4d96-a3d6-df867be5fe11,72f5a442-a330-41d9-9ab0-d1cc24e05568,58bb7dcd-7371-45f0-b775-f61c779bdd5f,Innovate Virtual Methodologies Deal,Enterprise Suite,Negotiation,159171.81,76,2025-12-25,,2025-10-31T11:28:48
09c8a882-a387-4e43-848b-c527e7410bb1,0f587a8c-094a-4c10-aadb-c4630c19a0c8,58bb7dcd-7371-45f0-b775-f61c779bdd5f,Envisioneer End-To-End Web Services Deal,Pro Platform,Qualification,84098.65,20,2026-11-18,,2026-08-01T15:33:24
4d4c4828-1898-4d88-bbac-e0072ec66820,f92d7f7e-5264-4510-b80b-2d43c69106dc,0a1351d0-8987-443c-9d8c-2cfb370390bc,Optimize Plug-And-Play Infrastructures Deal,Growth Package,Closed Won,69351.2,100,2025-09-05,2025-08-31,2025-07-23T06:07:08
4ab7ea0f-3c6f-43e4-b727-26cf5b289ffd,b20046ef-b335-4ece-acf3-0ffe1883360a,1ef60c0f-33de-4df6-8bf5-d57fe5f6cdc6,Re-Intermediate Out-Of-The-Box Web Services Deal,Starter Plan,Proposal,40191.87,45,2025-12-14,,2025-10-28T21:22:45
7fe3102c-d1fe-4872-824e-94e75a07dbc8,e00b0f83-bf8a-4492-8807-6b4c31d429fe,1ef60c0f-33de-4df6-8bf5-d57fe5f6cdc6,Mesh One-To-One Communities Deal,Data Add-on,Closed Won,183716.09,95,2026-08-30,2026-08-05,2026-06-21T11:32:14
6059f607-9d0a-4996-950c-095859467ed6,6aaf7690-b378-4760-b672-7e8fa7aab337,2190b3dc-d9a5-406a-884e-de17fc65dbc9,Innovate Granular Platforms Deal,AI Insights,Closed Won,26045.33,100,2025-07-01,2025-06-22,2025-05-12T17:08:39
ff57626d-17e0-4f77-8688-4e24af1f8ffb,c66c05f6-db70-40ec-9775-dd3900b0ce8b,58bb7dcd-7371-45f0-b775-f61c779bdd5f,Monetize Proactive Users Deal,Enterprise Suite,Closed Won,130092.98,100,2025-03-20,2025-03-06,2024-11-14T02:08:20
7b141481-4799-4527-8aac-1d3884ce7ffc,4e29bc8a-3038-476e-85ec-1e599c7c75f4,32cd3c94-d0a1-4377-9ee8-33ebfdfc52c4,Expedite Global Portals Deal,Pro Platform,Proposal,49516.96,55,2026-05-19,,2026-03-18T18:11:49
8b800f2f-fad5-40c9-a6fa-350823122584,a5d618ec-d02e-4997-98ab-fb72b19278bb,1ef60c0f-33de-4df6-8bf5-d57fe5f6cdc6,Grow Open-Source Roi Deal,Growth Package,Prospecting,48557.06,5,2024-05-04,,2024-02-06T10:59:45
90931515-b036-402e-9e6b-b3dec7ce66fd,79edb43b-b891-4ea7-8ed0-827c532a46e1,1ef60c0f-33de-4df6-8bf5-d57fe5f6cdc6,Transition Efficient Paradigms Deal,Starter Plan,Closed Won,214564.75,100,2024-08-30,2024-08-28,2024-06-21T08:08:40
b1020f20-1582-465f-bd10-2707de6e8cef,d020153d-1698-4c4c-bb37-c2bd00ee2160,32cd3c94-d0a1-4377-9ee8-33ebfdfc52c4,Monetize Frictionless Markets Deal,Data Add-on,Qualification,236569.61,34,2024-05-31,,2024-02-22T23:57:38
54e57d10-d334-495a-96f0-491014c8e28d,47c742f7-7b92-405c-a137-e46b92102cf8,0a1351d0-8987-443c-9d8c-2cfb370390bc,Exploit E-Business E-Tailers Deal,AI Insights,Prospecting,238165.78,20,2026-03-17,,2025-12-09T06:49:36
311759d9-ee62-485c-bac0-5e2067c87697,658dd6a4-8c9b-4330-8546-b08055f982dd,1ef60c0f-33de-4df6-8bf5-d57fe5f6cdc6,Enable Customized Synergies Deal,Enterprise Suite,Negotiation,167638.68,77,2024-12-09,,2024-08-08T09:29:04
b261a4ea-fc88-425a-bff4-918a0d720a6a,b9026f38-9090-4b83-844c-2a492bae0515,58bb7dcd-7371-45f0-b775-f61c779bdd5f,Monetize Dynamic Markets Deal,Pro Platform,Proposal,66925.29,45,2025-10-24,,2025-07-11T23:55:22
19ac5545-c09b-4e90-ac86-776077492f2b,5d22a924-50b7-4eb3-9b81-c66dee72ddf1,58bb7dcd-7371-45f0-b775-f61c779bdd5f,E-Enable Impactful Infrastructures Deal,Growth Package,Negotiation,93396.65,79,2025-03-16,,2025-01-09T07:09:06
44df2bc7-2960-4ecc-bdda-128fc2795836,a3df3aa9-9e62-44b8-adc4-3b5d771079f5,58bb7dcd-7371-45f0-b775-f61c779bdd5f,Generate Front-End Mindshare Deal,Starter Plan,Negotiation,77102.16,75,2026-06-14,,2026-04-06T18:46:20
9d5574f2-b86b-4173-a0c8-97f4eee09974,69012580-74c6-497c-aa17-497e40eef739,1ef60c0f-33de-4df6-8bf5-d57fe5f6cdc6,Target Front-End Methodologies Deal,Data Add-on,Proposal,222187.4,47,2025-04-30,,2025-03-03T16:29:15
351ff45d-250e-45a4-8428-e83ed573ebe4,4e29bc8a-3038-476e-85ec-1e599c7c75f4,d4992c06-934d-4fbb-a32c-578342bada59,Strategize Proactive Info-Mediaries Deal,AI Insights,Proposal,222938.08,44,2025-11-02,,2025-09-16T17:00:54
5b5e0be8-3381-43ba-a547-079caefb49aa,fc19103f-5dfc-4b8c-82b7-b00b1c87c9d3,1ef60c0f-33de-4df6-8bf5-d57fe5f6cdc6,Engineer 24/7 E-Services Deal,Enterprise Suite,Closed Won,195687.06,91,2024-12-30,2024-12-28,2024-10-13T18:35:12
3855b90c-c2a3-4397-bb9b-1e573479a63a,f4121299-68b3-4bba-97ea-c780ffaa2ac7,58bb7dcd-7371-45f0-b775-f61c779bdd5f,Harness Extensible Relationships Deal,Pro Platform,Proposal,146467.13,54,2026-07-03,,2026-03-20T03:08:06
5f3c59cb-9a2d-4915-82c4-ee3162eabff0,03766900-10ee-44e0-bbf7-5b46917656a8,1ef60c0f-33de-4df6-8bf5-d57fe5f6cdc6,Revolutionize Global E-Tailers Deal,Growth Package,Negotiation,104089.47,81,2024-02-28,,2024-01-20T12:32:02
726858a9-4edf-4747-822b-33c24764cece,3acf070e-4a96-4cb3-8bb0-e1e9e2b9edf7,020f1c21-41c0-4acc-863e-aeaf7cb93291,Streamline Proactive Technologies Deal,Starter Plan,Closed Won,139446.52,100,2024-06-21,2024-06-16,2024-02-29T04:20:59
5d94fed5-e462-480f-beb5-1ee8dd45b090,91a562ed-874f-4371-ae4d-25b69dbb3e2b,3072876d-f481-473a-a2f9-7920a2f43361,Drive Enterprise Methodologies Guaranteed Deal,Enterprise Suite,Closed Won,67436.33,100,2026-01-06,2026-01-06,2025-10-19T00:00:00
35f32b31-84aa-4ad5-ab06-9b63530f7d32,8d1a1c33-6983-4b1a-ac9d-eeb235875368,5df1bdd4-bd0c-4d1b-8184-16811d4bf499,Mesh 24/365 Roi Guaranteed Deal,Enterprise Suite,Closed Won,56729.72,100,2025-10-18,2025-10-18,2025-08-21T00:00:00
a80c98c4-8d3b-4549-9d2a-06998b8cac1d,e7fae673-2593-4753-8d68-edac9bbb6172,d4992c06-934d-4fbb-a32c-578342bada59,Aggregate B2B Infrastructures Guaranteed Deal,Enterprise Suite,Closed Won,136726.76,100,2024-12-03,2024-12-03,2024-08-10T00:00:00
07637a16-aeb9-4563-bd33-a8b5b0ea717d,8d1a1c33-6983-4b1a-ac9d-eeb235875368,2190b3dc-d9a5-406a-884e-de17fc65dbc9,Matrix Back-End Vortals Guaranteed Deal,Enterprise Suite,Closed Won,127370.69,100,2024-05-15,2024-05-15,2024-02-04T00:00:00
5abb6739-b064-4d9d-9236-d77e211d5122,61128e24-0d9b-4889-9d21-7ca97f309b22,11c40c5b-04c7-4c16-84b5-9ac7c6e7600d,Architect Value-Added Metrics Guaranteed Deal,Enterprise Suite,Closed Won,26168.07,100,2025-11-20,2025-11-20,2025-09-18T00:00:00
db546c79-206a-4401-8ce3-c4b310467adf,69012580-74c6-497c-aa17-497e40eef739,58bb7dcd-7371-45f0-b775-f61c779bdd5f,Scale Wireless Networks Guaranteed Deal,Enterprise Suite,Closed Won,142463.12,100,2025-09-18,2025-09-18,2025-07-08T00:00:00
963628d2-e488-44fe-a00b-f848bad763c3,54d079ec-de1c-4569-8ec9-bc60d15a9ada,32cd3c94-d0a1-4377-9ee8-33ebfdfc52c4,Unleash Collaborative Communities Guaranteed Deal,Enterprise Suite,Closed Won,39712.57,100,2025-02-06,2025-02-06,2024-11-29T00:00:00
c07bb316-d515-4986-b564-06243281cc1e,0f587a8c-094a-4c10-aadb-c4630c19a0c8,a705a42e-730b-40ef-9610-f6ea1590aad7,Facilitate Interactive Schemas Guaranteed Deal,Enterprise Suite,Closed Won,60778.91,100,2024-10-10,2024-10-10,2024-06-28T00:00:00
c2e35fac-e455-4f0e-86f5-5f11f67cbaba,c66c05f6-db70-40ec-9775-dd3900b0ce8b,020f1c21-41c0-4acc-863e-aeaf7cb93291,Orchestrate Collaborative Convergence Guaranteed Deal,Enterprise Suite,Closed Won,74816.19,100,2025-07-20,2025-07-20,2025-03-31T00:00:00
b584038b-c9bc-4af9-9bbb-1abdd5e8c7aa,3970c3f2-1ff7-447b-963b-b745bde8ae32,0a1351d0-8987-443c-9d8c-2cfb370390bc,Expedite Killer Deliverables Guaranteed Deal,Enterprise Suite,Closed Won,75055.19,100,2025-03-23,2025-03-23,2025-01-28T00:00:00
e289222e-4a55-421d-80e3-3291e9fa4f3e,f35f9a19-cc28-4138-88d4-55a3dea17411,1ef60c0f-33de-4df6-8bf5-d57fe5f6cdc6,Strategize Killer E-Markets Guaranteed Deal,Enterprise Suite,Closed Won,83237.07,100,2024-01-18,2024-01-18,2023-10-28T00:00:00
8bd0f553-824f-4be5-bc14-840b59f2d7b8,d6de0898-6526-463b-9489-d16568e7cfcf,3072876d-f481-473a-a2f9-7920a2f43361,Aggregate User-Centric Deliverables Floor Deal,Enterprise Suite,Closed Won,17098.92,100,2025-12-13,2025-12-13,2025-10-19T00:00:00
5435ca60-8310-43e1-a450-ef9328e899d6,54d079ec-de1c-4569-8ec9-bc60d15a9ada,3072876d-f481-473a-a2f9-7920a2f43361,Scale Integrated E-Commerce Floor Deal,Enterprise Suite,Closed Won,17145.79,100,2026-06-08,2026-06-08,2026-04-16T00:00:00
9f09950b-4940-41bd-a987-d066ca16a834,8f7d0c5e-3513-497d-b6ec-c549bbd8a013,3072876d-f481-473a-a2f9-7920a2f43361,Visualize Scalable Info-Mediaries Floor Deal,Enterprise Suite,Closed Won,21048.26,100,2025-11-23,2025-11-23,2025-10-02T00:00:00
22bd7e01-e33e-4f3b-8ab8-293892e7b1e2,a3df3aa9-9e62-44b8-adc4-3b5d771079f5,5df1bdd4-bd0c-4d1b-8184-16811d4bf499,Enable One-To-One Methodologies Floor Deal,Enterprise Suite,Closed Won,33661.79,100,2026-05-01,2026-05-01,2026-03-06T00:00:00
151e9e0a-3251-47dd-8003-4647d003cca5,f4a21699-f69d-461a-bed3-da2ee32e4e46,5df1bdd4-bd0c-4d1b-8184-16811d4bf499,Reinvent Strategic Eyeballs Floor Deal,Enterprise Suite,Closed Won,34176.91,100,2025-08-24,2025-08-24,2025-07-14T00:00:00
13eef613-af73-473e-b8b1-fa2a9122143f,79edb43b-b891-4ea7-8ed0-827c532a46e1,5df1bdd4-bd0c-4d1b-8184-16811d4bf499,Architect Proactive E-Tailers Floor Deal,Enterprise Suite,Closed Won,32993.79,100,2026-01-01,2026-01-01,2025-10-02T00:00:00
88700704-fc55-4062-8b7b-8abcc082778b,935e3eac-a224-49d7-a8c4-79687556bbd9,d4992c06-934d-4fbb-a32c-578342bada59,Grow Impactful Models Floor Deal,Enterprise Suite,Closed Won,30193.56,100,2026-08-19,2026-08-19,2026-06-03T00:00:00
1d010e1c-0ea7-4add-a101-8cebebdaa089,802cbefb-48cc-450d-bb22-ea15b620af89,d4992c06-934d-4fbb-a32c-578342bada59,Target Seamless Initiatives Floor Deal,Enterprise Suite,Closed Won,30072.24,100,2025-10-22,2025-10-22,2025-06-28T00:00:00
ba98eaf7-feaa-4e64-b586-2ca72f5b3a5e,7f598352-14dd-41df-8bbc-bcfede1374bb,d4992c06-934d-4fbb-a32c-578342bada59,Cultivate Innovative Portals Floor Deal,Enterprise Suite,Closed Won,36976.71,100,2025-12-17,2025-12-17,2025-10-04T00:00:00
776a009c-84d7-4879-b6ad-161f09204551,d020153d-1698-4c4c-bb37-c2bd00ee2160,2190b3dc-d9a5-406a-884e-de17fc65dbc9,Matrix Innovative Networks Floor Deal,Enterprise Suite,Closed Won,85914.51,100,2025-11-04,2025-11-04,2025-08-27T00:00:00
9268757b-5ab9-4229-9513-2ace04004bb1,935e3eac-a224-49d7-a8c4-79687556bbd9,2190b3dc-d9a5-406a-884e-de17fc65dbc9,Scale Turn-Key E-Commerce Floor Deal,Enterprise Suite,Closed Won,78874.3,100,2026-02-22,2026-02-22,2025-12-17T00:00:00
3fb80cc3-11e9-48a9-8cb3-db8dc3c756ca,1af66f33-5128-45db-a795-9f8c9b910043,2190b3dc-d9a5-406a-884e-de17fc65dbc9,Benchmark 24/365 Metrics Floor Deal,Enterprise Suite,Closed Won,80234.5,100,2026-08-06,2026-08-06,2026-04-11T00:00:00
ca2d2c7e-f9bf-494e-813f-f02814334bd2,35960480-113a-4941-899d-d8f906425099,11c40c5b-04c7-4c16-84b5-9ac7c6e7600d,Empower Synergistic E-Tailers Floor Deal,Enterprise Suite,Closed Won,80969.49,100,2025-10-23,2025-10-23,2025-08-30T00:00:00
294d0f5a-3cb0-433d-9873-d632eca4a31d,3969a37e-a0e7-4a14-b31b-728698d2d434,11c40c5b-04c7-4c16-84b5-9ac7c6e7600d,Drive B2B Schemas Floor Deal,Enterprise Suite,Closed Won,69296.36,100,2026-05-02,2026-05-02,2026-03-05T00:00:00
38243cf2-7cd1-486d-a956-df36f0ed78c1,c637537f-3e50-46ec-8035-aaae16159bc4,11c40c5b-04c7-4c16-84b5-9ac7c6e7600d,Optimize Seamless Web Services Floor Deal,Enterprise Suite,Closed Won,93833.51,100,2026-03-19,2026-03-19,2025-12-04T00:00:00
de15eb52-34e2-407a-b826-b0e4c8d087f2,c25faa15-16a7-4cbd-8306-0a2f43de5c7a,58bb7dcd-7371-45f0-b775-f61c779bdd5f,Enable Next-Generation Vortals Floor Deal,Enterprise Suite,Closed Won,93045.3,100,2025-12-25,2025-12-25,2025-11-21T00:00:00
1b421c2b-0d0e-4810-b321-05bb16b3b884,59bcadb5-6ab3-4f0d-b96f-0a2d189bfdc3,58bb7dcd-7371-45f0-b775-f61c779bdd5f,Deploy 24/365 Solutions Floor Deal,Enterprise Suite,Closed Won,95109.29,100,2025-10-14,2025-10-14,2025-06-27T00:00:00
b33092cb-ff47-4654-911f-b6009c9a409a,d888d4cd-1d94-4497-ab6b-bc366bb90cfd,58bb7dcd-7371-45f0-b775-f61c779bdd5f,Synthesize Scalable Systems Floor Deal,Enterprise Suite,Closed Won,91070.44,100,2025-07-29,2025-07-29,2025-06-27T00:00:00
113d41ea-d384-41a3-abbb-9eb5215a12c3,f35f9a19-cc28-4138-88d4-55a3dea17411,32cd3c94-d0a1-4377-9ee8-33ebfdfc52c4,Monetize 24/365 Initiatives Floor Deal,Enterprise Suite,Closed Won,83888.87,100,2026-03-02,2026-03-02,2026-01-16T00:00:00
a8f0d1e5-24ec-45ed-9e82-620e952f5c0f,d888d4cd-1d94-4497-ab6b-bc366bb90cfd,32cd3c94-d0a1-4377-9ee8-33ebfdfc52c4,Integrate Intuitive Portals Floor Deal,Enterprise Suite,Closed Won,75692.59,100,2026-04-06,2026-04-06,2025-12-10T00:00:00
a1644df6-78af-4610-9bf5-9ce84c5c94d8,72f5a442-a330-41d9-9ab0-d1cc24e05568,32cd3c94-d0a1-4377-9ee8-33ebfdfc52c4,Re-Intermediate Cross-Media E-Markets Floor Deal,Enterprise Suite,Closed Won,91348.33,100,2026-04-13,2026-04-13,2025-12-20T00:00:00
f482c11e-eed9-44eb-8f9b-f72858e55fc6,0f587a8c-094a-4c10-aadb-c4630c19a0c8,a705a42e-730b-40ef-9610-f6ea1590aad7,Deploy Distributed Solutions Floor Deal,Enterprise Suite,Closed Won,20753.52,100,2026-02-01,2026-02-01,2025-12-20T00:00:00
dc8f19b6-eb69-46d7-bddd-558369db438f,e00b0f83-bf8a-4492-8807-6b4c31d429fe,a705a42e-730b-40ef-9610-f6ea1590aad7,Architect Holistic Portals Floor Deal,Enterprise Suite,Closed Won,19585.62,100,2026-02-01,2026-02-01,2025-12-20T00:00:00
45af319f-7d16-4d44-8f68-feac65665573,c3d107a3-6a6c-40ab-a150-89bbc44c23ea,a705a42e-730b-40ef-9610-f6ea1590aad7,Whiteboard Next-Generation Bandwidth Floor Deal,Enterprise Suite,Closed Won,23834.89,100,2026-08-16,2026-08-16,2026-05-12T00:00:00
05574060-34da-4808-982b-45d9d347849d,14e32f3b-9dba-4bee-9ced-d44da03ea9a3,020f1c21-41c0-4acc-863e-aeaf7cb93291,Extend Distributed Content Floor Deal,Enterprise Suite,Closed Won,78776.45,100,2026-03-06,2026-03-06,2026-01-30T00:00:00
8efa119c-dd41-4683-b891-083d79381b9b,d7cdfccf-5c25-4497-8c43-f2beb5af3c58,020f1c21-41c0-4acc-863e-aeaf7cb93291,Cultivate Value-Added Relationships Floor Deal,Enterprise Suite,Closed Won,92259.16,100,2025-12-31,2025-12-31,2025-10-01T00:00:00
99a648cd-c450-4ad3-afab-8b43af4fc623,47170763-2153-434d-bfc5-21f49c4c500f,020f1c21-41c0-4acc-863e-aeaf7cb93291,Deploy Back-End Portals Floor Deal,Enterprise Suite,Closed Won,91690.45,100,2026-07-05,2026-07-05,2026-05-22T00:00:00
d5cb656f-ebd7-41bc-bf53-e53a1dad0a32,ba7c4072-d1fc-489a-858a-edac82250645,0a1351d0-8987-443c-9d8c-2cfb370390bc,Synergize Next-Generation Functionalities Floor Deal,Enterprise Suite,Closed Won,73758.64,100,2026-05-14,2026-05-14,2026-04-03T00:00:00
d082242a-3f86-4c5a-aed3-d63fb15a628b,4e8b6031-344e-4356-a903-91dc89356daa,0a1351d0-8987-443c-9d8c-2cfb370390bc,Disintermediate Turn-Key Initiatives Floor Deal,Enterprise Suite,Closed Won,99692.03,100,2025-12-31,2025-12-31,2025-09-10T00:00:00
39d8bac1-c849-4154-b2c9-fda43b48459f,d020153d-1698-4c4c-bb37-c2bd00ee2160,0a1351d0-8987-443c-9d8c-2cfb370390bc,Repurpose Ubiquitous Interfaces Floor Deal,Enterprise Suite,Closed Won,84574.0,100,2026-07-09,2026-07-09,2026-05-28T00:00:00
ce923b21-1727-4d08-906f-215282fd17c6,f4a21699-f69d-461a-bed3-da2ee32e4e46,1ef60c0f-33de-4df6-8bf5-d57fe5f6cdc6,Extend Leading-Edge Technologies Floor Deal,Enterprise Suite,Closed Won,97889.17,100,2026-06-26,2026-06-26,2026-04-11T00:00:00
c476794b-fe98-44f1-91e6-833d704ab2f4,d020153d-1698-4c4c-bb37-c2bd00ee2160,1ef60c0f-33de-4df6-8bf5-d57fe5f6cdc6,Engage Sticky Roi Floor Deal,Enterprise Suite,Closed Won,93986.7,100,2026-07-10,2026-07-10,2026-05-29T00:00:00
907d207f-80a3-45df-844b-204283e91933,54d079ec-de1c-4569-8ec9-bc60d15a9ada,1ef60c0f-33de-4df6-8bf5-d57fe5f6cdc6,Re-Intermediate Strategic Vortals Floor Deal,Enterprise Suite,Closed Won,68971.95,100,2026-04-22,2026-04-22,2026-03-06T00:00:00
