id,user_id,plan_id,effective_start_date,effective_end_date,source_system,mapping_basis,evidence_score,created_at
15945db9-2dc0-42dc-98f3-759cf5e60743,27970e72-6a85-42bd-a115-9679cd9d9c5e,127eed16-1a4c-4b0d-a2cc-6600078f5163,2026-01-01,,generated,role-based,0.95,2026-07-01T20:34:22.619218+00:00
885f5dab-8f9f-439f-8e55-9a963ac35427,be18bc63-d8f5-4ad3-9d73-d387ea127264,127eed16-1a4c-4b0d-a2cc-6600078f5163,2026-01-01,,generated,role-based,0.95,2026-07-01T20:34:22.619227+00:00
bed0573d-67b6-4aa9-9e46-56aa558688a3,bfb2132f-e072-450c-b199-0ced7708a4df,127eed16-1a4c-4b0d-a2cc-6600078f5163,2026-01-01,,generated,role-based,0.95,2026-07-01T20:34:22.619235+00:00
3fa1659f-775f-45e3-a561-3defae6fb336,9e34d7c1-a3e0-4ecd-ad59-b683077f0eef,127eed16-1a4c-4b0d-a2cc-6600078f5163,2026-01-01,,generated,role-based,0.95,2026-07-01T20:34:22.619243+00:00
1cd6a486-dab3-4fd8-a298-f3193853eeb2,541c974f-914a-4151-bf51-e9bcd734563b,127eed16-1a4c-4b0d-a2cc-6600078f5163,2026-01-01,,generated,role-based,0.95,2026-07-01T20:34:22.619251+00:00
64b97535-49cf-4fb5-b8c9-3124df747f0f,44a4e15b-1846-4dd6-b1ad-2a785dd1f7bf,127eed16-1a4c-4b0d-a2cc-6600078f5163,2026-01-01,,generated,role-based,0.95,2026-07-01T20:34:22.619259+00:00
6c7e8314-0641-465c-a8d7-76864945f279,3dd50d3b-21af-4575-a7d3-905ccffd4869,127eed16-1a4c-4b0d-a2cc-6600078f5163,2026-01-01,,generated,role-based,0.95,2026-07-01T20:34:22.619268+00:00
23d2678c-e0c5-4377-937a-70877d401626,aa0d501b-3d2e-421d-803e-ffc03ddf38c0,127eed16-1a4c-4b0d-a2cc-6600078f5163,2026-01-01,,generated,role-based,0.95,2026-07-01T20:34:22.619275+00:00
52962760-8430-4f66-ab0f-ddf787309f24,2bc9192e-e8c5-49e4-a088-57abfe6e105c,127eed16-1a4c-4b0d-a2cc-6600078f5163,2026-01-01,,generated,role-based,0.95,2026-07-01T20:34:22.619283+00:00
