id,rep_id,period,grain,revenue,quota,attainment_pct,snapshot_date
07cba371-ca34-42fe-a608-5a6c44a782a7,9454ed17-4a77-4280-93f1-080b65699d5a,2025-11,monthly,6574.49,5546.09,118.5427,2026-09-01
3b59e946-034c-41e7-83ef-e8d66c074461,9454ed17-4a77-4280-93f1-080b65699d5a,2025-12,monthly,11197.78,5546.09,201.9039,2026-09-01
ac75ca15-fd8b-4a4d-a600-dc2d61060e5e,9454ed17-4a77-4280-93f1-080b65699d5a,2026-01,monthly,11896.25,13249.86,89.784,2026-09-01
3a4eac8d-6cea-4ebc-929c-769c5dd0768d,9454ed17-4a77-4280-93f1-080b65699d5a,2026-02,monthly,11197.78,13249.86,84.5125,2026-09-01
8661f3a1-b942-462e-9d75-c5cd78d3b2de,9454ed17-4a77-4280-93f1-080b65699d5a,2026-03,monthly,11197.78,13249.86,84.5125,2026-09-01
46ba2768-f08c-40b3-9aff-a64081004419,9454ed17-4a77-4280-93f1-080b65699d5a,2026-04,monthly,18461.66,17000.0,108.598,2026-09-01
23054e13-c966-4475-8099-51c22c6b2668,9454ed17-4a77-4280-93f1-080b65699d5a,2026-05,monthly,22176.12,17000.0,130.4477,2026-09-01
b535cb6e-5a3b-4b6b-91b8-9febcdfc6756,9454ed17-4a77-4280-93f1-080b65699d5a,2026-06,monthly,22176.12,17000.0,130.4477,2026-09-01
11ba3971-8f76-4dc7-ad6c-1b7bc0ee2cb5,9454ed17-4a77-4280-93f1-080b65699d5a,2026-07,monthly,22176.12,20783.21,106.7021,2026-09-01
4b11f77e-f6ff-45de-bfdd-367ad13ac85b,9454ed17-4a77-4280-93f1-080b65699d5a,2026-08,monthly,22176.12,20783.21,106.7021,2026-09-01
b795e034-7e9d-4a51-a7d9-f98a00a772c4,9454ed17-4a77-4280-93f1-080b65699d5a,2026-09,monthly,23044.87,20783.21,110.8822,2026-09-01
54394760-4704-4f50-a3ce-0bd607f0e06e,37c91720-936f-438f-91eb-d7375b79b897,2026-05,monthly,24021.43,27153.95,88.4639,2026-09-01
7b3676a8-2b65-4950-bdee-4f4c4061f3f4,37c91720-936f-438f-91eb-d7375b79b897,2026-06,monthly,23558.69,27153.95,86.7597,2026-09-01
39588401-5d90-4ee8-b0aa-b96698d4ee2a,37c91720-936f-438f-91eb-d7375b79b897,2026-07,monthly,27037.45,27087.83,99.814,2026-09-01
1b316e2e-cd90-4106-bf12-9a6d3b3f4e8a,37c91720-936f-438f-91eb-d7375b79b897,2026-08,monthly,26866.93,27087.83,99.1845,2026-09-01
70612a8a-ec8b-4668-b360-d8925f406b9e,37c91720-936f-438f-91eb-d7375b79b897,2026-09,monthly,26866.93,27087.83,99.1845,2026-09-01
154d5eca-46b7-4552-b0a3-9e0210e11f26,3e7e796c-a084-440e-97d5-135b721f3e2f,2024-09,monthly,6114.72,2744.24,222.8202,2026-09-01
a9e186be-9f38-4a92-b7dd-f40e52c4dd35,3e7e796c-a084-440e-97d5-135b721f3e2f,2024-10,monthly,6114.72,4401.38,138.9274,2026-09-01
598a9013-d1de-47ac-b406-a29c0089a1fe,3e7e796c-a084-440e-97d5-135b721f3e2f,2024-11,monthly,6114.72,4401.38,138.9274,2026-09-01
138b7950-ffa2-4f3c-9a98-969e5db7e574,3e7e796c-a084-440e-97d5-135b721f3e2f,2024-12,monthly,6114.72,4401.38,138.9274,2026-09-01
cc4e983b-5c8a-4d82-b03a-de965cd6e482,3e7e796c-a084-440e-97d5-135b721f3e2f,2025-01,monthly,6114.72,12679.45,48.2254,2026-09-01
4cbb4e36-46ad-45d0-913e-ec1cbbf9848f,3e7e796c-a084-440e-97d5-135b721f3e2f,2025-02,monthly,12288.72,12679.45,96.9184,2026-09-01
a1e8f937-2c37-49e7-8c6a-b49cbf83f4dc,3e7e796c-a084-440e-97d5-135b721f3e2f,2025-03,monthly,12754.17,12679.45,100.5893,2026-09-01
fc867658-319e-4a3e-9b5c-047657e3bb12,3e7e796c-a084-440e-97d5-135b721f3e2f,2025-04,monthly,12288.72,11792.1,104.2114,2026-09-01
d3c62340-499d-4002-9012-7cceb6292a62,3e7e796c-a084-440e-97d5-135b721f3e2f,2025-05,monthly,12288.72,11792.1,104.2114,2026-09-01
0aa1b2aa-5863-4f19-9e10-1570875bc685,3e7e796c-a084-440e-97d5-135b721f3e2f,2025-06,monthly,12288.72,11792.1,104.2114,2026-09-01
ca655413-3680-44ba-9b68-4bf8edb997fc,3e7e796c-a084-440e-97d5-135b721f3e2f,2025-07,monthly,19546.52,21052.07,92.8484,2026-09-01
46bb73bb-d9db-4104-92a7-e32fd159dc6b,3e7e796c-a084-440e-97d5-135b721f3e2f,2025-08,monthly,18244.74,21052.07,86.6648,2026-09-01
724dc729-575f-4980-a536-78e877cac934,3e7e796c-a084-440e-97d5-135b721f3e2f,2025-09,monthly,22129.78,21052.07,105.1193,2026-09-01
5f90cb13-5cd8-485c-80f7-761f2607dc08,3e7e796c-a084-440e-97d5-135b721f3e2f,2025-10,monthly,22129.78,36358.39,60.8657,2026-09-01
835fed30-c265-4d5a-bf3f-206978363a89,3e7e796c-a084-440e-97d5-135b721f3e2f,2025-11,monthly,22129.78,36358.39,60.8657,2026-09-01
e2880138-12d7-4614-97c8-15370c7e0bc4,3e7e796c-a084-440e-97d5-135b721f3e2f,2025-12,monthly,22129.78,36358.39,60.8657,2026-09-01
635d4d30-228a-4327-9818-a90619b05702,3e7e796c-a084-440e-97d5-135b721f3e2f,2026-01,monthly,22129.78,28573.67,77.4481,2026-09-01
774e38b8-68e2-43be-8050-6d5ba16f6fcb,3e7e796c-a084-440e-97d5-135b721f3e2f,2026-02,monthly,30545.91,28573.67,106.9023,2026-09-01
5ba5c4b2-b9df-4ff0-8d8f-6041c351c707,3e7e796c-a084-440e-97d5-135b721f3e2f,2026-03,monthly,30545.91,28573.67,106.9023,2026-09-01
0663261d-d11d-4e40-9bf3-f49d7983d526,3e7e796c-a084-440e-97d5-135b721f3e2f,2026-04,monthly,30545.91,28022.29,109.0058,2026-09-01
e38067f8-052f-4631-b707-9f510471068f,3e7e796c-a084-440e-97d5-135b721f3e2f,2026-05,monthly,30545.91,28022.29,109.0058,2026-09-01
c6950cf9-e0c9-46bb-a33d-2b4ded3f0209,3e7e796c-a084-440e-97d5-135b721f3e2f,2026-06,monthly,30545.91,28022.29,109.0058,2026-09-01
48bf6866-4181-4d66-a1a1-7361ea58c8e9,3e7e796c-a084-440e-97d5-135b721f3e2f,2026-07,monthly,30545.91,20375.37,149.9158,2026-09-01
a17da791-b28f-47b3-bb9c-77561e5d0327,3e7e796c-a084-440e-97d5-135b721f3e2f,2026-08,monthly,30545.91,20375.37,149.9158,2026-09-01
88ee8591-49e1-4298-8bfd-5b548faa56b7,3e7e796c-a084-440e-97d5-135b721f3e2f,2026-09,monthly,30545.91,20375.37,149.9158,2026-09-01
01bcaf86-d2e2-40f2-9d51-7ab4c45cb5bf,37c91720-936f-438f-91eb-d7375b79b897,2024-01,monthly,5280.17,9979.41,52.9106,2026-09-01
8c9e7ee6-f864-4a07-836a-07ffbaa2bd23,37c91720-936f-438f-91eb-d7375b79b897,2024-02,monthly,10724.55,9979.41,107.4668,2026-09-01
8c21ed50-3a81-4c01-99ec-5d15f08481f0,37c91720-936f-438f-91eb-d7375b79b897,2024-03,monthly,10295.55,9979.41,103.1679,2026-09-01
77e823ef-b339-4efe-a3d7-1e07d5c28828,37c91720-936f-438f-91eb-d7375b79b897,2024-04,monthly,11466.61,9111.8,125.8435,2026-09-01
549f1298-f081-4159-abea-b39aa831749b,37c91720-936f-438f-91eb-d7375b79b897,2024-05,monthly,11466.61,9111.8,125.8435,2026-09-01
968b54b5-b4fe-49c3-bd68-1ad432437ad0,37c91720-936f-438f-91eb-d7375b79b897,2024-06,monthly,11466.61,9111.8,125.8435,2026-09-01
cf323a1a-ef3d-4452-88e7-4b17b17a7844,37c91720-936f-438f-91eb-d7375b79b897,2024-07,monthly,11466.61,20114.89,57.0056,2026-09-01
96e769fc-83f4-47e9-ba8f-a724b87fd6b5,37c91720-936f-438f-91eb-d7375b79b897,2024-08,monthly,11466.61,20114.89,57.0056,2026-09-01
d16db9f0-023b-4ce1-b118-4fde104768da,37c91720-936f-438f-91eb-d7375b79b897,2024-09,monthly,11466.61,20114.89,57.0056,2026-09-01
b02234df-c26d-4184-8f6a-7de9a7464a16,37c91720-936f-438f-91eb-d7375b79b897,2024-10,monthly,11466.61,13676.56,83.8413,2026-09-01
989e5ae0-ae86-4893-8f88-0c3877362329,37c91720-936f-438f-91eb-d7375b79b897,2024-11,monthly,11466.61,13676.56,83.8413,2026-09-01
488a708a-dd9d-4eb9-80ea-897ebad50ba4,37c91720-936f-438f-91eb-d7375b79b897,2024-12,monthly,15609.54,13676.56,114.1335,2026-09-01
0e54438d-3f29-45b8-b335-fa167180a242,a7be73f0-3ccf-46aa-b3a1-a7edd9b3e944,2026-02,monthly,32421.32,23936.63,135.4465,2026-09-01
2336e367-11bc-4e82-af5c-480d0bbbb444,a7be73f0-3ccf-46aa-b3a1-a7edd9b3e944,2026-03,monthly,32983.03,23936.63,137.7931,2026-09-01
938d5aec-07f6-4183-b02d-9848e9c10dba,a7be73f0-3ccf-46aa-b3a1-a7edd9b3e944,2026-04,monthly,38227.22,57532.1,66.445,2026-09-01
8ebb277a-b97f-442f-b4e2-725881966ddd,a7be73f0-3ccf-46aa-b3a1-a7edd9b3e944,2026-05,monthly,37162.65,57532.1,64.5946,2026-09-01
cd4b8af1-6f6a-42a9-a1d0-bf94d4e7e9d8,a7be73f0-3ccf-46aa-b3a1-a7edd9b3e944,2026-06,monthly,42118.71,57532.1,73.2091,2026-09-01
b3bad3fc-42a7-4a19-a4e3-8089f4c8be5d,a7be73f0-3ccf-46aa-b3a1-a7edd9b3e944,2026-07,monthly,42623.5,44300.87,96.2137,2026-09-01
3c652948-6e87-4b12-bd63-bbb6ad083705,a7be73f0-3ccf-46aa-b3a1-a7edd9b3e944,2026-08,monthly,46256.65,44300.87,104.4148,2026-09-01
496a98f5-dc13-4031-b31b-0004b3669c71,a7be73f0-3ccf-46aa-b3a1-a7edd9b3e944,2026-09,monthly,48161.51,44300.87,108.7146,2026-09-01
c634c3a9-0540-406f-b05a-02f60db82a79,a7be73f0-3ccf-46aa-b3a1-a7edd9b3e944,2025-11,monthly,24569.5,24903.03,98.6607,2026-09-01
6f15793f-a9bc-4102-976f-bed8c06be94c,a7be73f0-3ccf-46aa-b3a1-a7edd9b3e944,2025-12,monthly,24214.05,24903.03,97.2334,2026-09-01
06046af9-d4af-47af-83bc-d08016c181a5,a7be73f0-3ccf-46aa-b3a1-a7edd9b3e944,2026-01,monthly,24682.6,23936.63,103.1164,2026-09-01
b9040ed2-816d-4eda-853e-da9f9702864b,37c91720-936f-438f-91eb-d7375b79b897,2025-01,monthly,10329.37,8215.06,125.7369,2026-09-01
6fa4a3a7-dc11-4b21-b1ca-82b12841455d,37c91720-936f-438f-91eb-d7375b79b897,2025-02,monthly,10329.37,8215.06,125.7369,2026-09-01
c4235624-2187-401b-a927-7ff6572bb98f,37c91720-936f-438f-91eb-d7375b79b897,2025-03,monthly,13828.71,8215.06,168.3336,2026-09-01
a2a816de-76e1-4226-b85a-8e2205d1d7ae,37c91720-936f-438f-91eb-d7375b79b897,2025-04,monthly,13828.71,16938.12,81.6425,2026-09-01
e62fdf9f-8ace-4452-a499-bb889d5f0d59,37c91720-936f-438f-91eb-d7375b79b897,2025-05,monthly,13828.71,16938.12,81.6425,2026-09-01
7e1ff0a1-aab9-47f3-b638-3d9f99c89c06,37c91720-936f-438f-91eb-d7375b79b897,2025-06,monthly,17264.95,16938.12,101.9295,2026-09-01
e62eb64a-90c7-428f-805e-403ed3d0bfd7,37c91720-936f-438f-91eb-d7375b79b897,2025-07,monthly,17264.95,30159.14,57.2462,2026-09-01
91e47f8c-bd85-4dfb-a255-f1e2f15bc755,37c91720-936f-438f-91eb-d7375b79b897,2025-08,monthly,14865.6,30159.14,49.2905,2026-09-01
a18870e2-91e6-43e7-8c2f-0aeea1a6c955,37c91720-936f-438f-91eb-d7375b79b897,2025-09,monthly,17965.1,30159.14,59.5677,2026-09-01
3c102abc-ca3b-4141-ae51-ab00764a9d04,37c91720-936f-438f-91eb-d7375b79b897,2025-10,monthly,18409.1,20871.84,88.2007,2026-09-01
ee0269d9-db4b-4ebb-ac2c-0fe53958bc25,37c91720-936f-438f-91eb-d7375b79b897,2025-11,monthly,22154.58,20871.84,106.1458,2026-09-01
b1eadd5c-066f-4ec4-b6b9-296a9d0044d1,37c91720-936f-438f-91eb-d7375b79b897,2025-12,monthly,22154.58,20871.84,106.1458,2026-09-01
11a0efea-9c0e-48e0-b11e-535aebd32367,37c91720-936f-438f-91eb-d7375b79b897,2026-01,monthly,22154.58,20440.82,108.384,2026-09-01
06ef3276-cc14-4861-9505-46c23ec7c856,37c91720-936f-438f-91eb-d7375b79b897,2026-02,monthly,15968.14,20440.82,78.1189,2026-09-01
532ff739-99e7-4622-b38e-aa85a9d0d917,37c91720-936f-438f-91eb-d7375b79b897,2026-03,monthly,12468.8,20440.82,60.9995,2026-09-01
d2fe10bf-bb5e-488b-966e-124930a837cf,37c91720-936f-438f-91eb-d7375b79b897,2026-04,monthly,17025.89,27153.95,62.7013,2026-09-01
6ab4401a-1415-4f3a-be73-3093e13f1ae1,a7be73f0-3ccf-46aa-b3a1-a7edd9b3e944,2025-06,monthly,18979.06,11869.6,159.8964,2026-09-01
77707d41-87e6-4c3d-979a-627ceb2bd8b1,a7be73f0-3ccf-46aa-b3a1-a7edd9b3e944,2025-07,monthly,18979.06,17279.04,109.8386,2026-09-01
b5c4f450-118f-470a-be7e-872a62d211a6,a7be73f0-3ccf-46aa-b3a1-a7edd9b3e944,2025-08,monthly,18979.06,17279.04,109.8386,2026-09-01
b8a2e11e-a3c1-4027-8635-5f9f90387655,a7be73f0-3ccf-46aa-b3a1-a7edd9b3e944,2025-09,monthly,18979.06,17279.04,109.8386,2026-09-01
82c24c35-1975-411c-bdaf-0ca095966d66,a7be73f0-3ccf-46aa-b3a1-a7edd9b3e944,2025-10,monthly,18979.06,24903.03,76.2119,2026-09-01
7ffbd578-299c-47f3-b6ab-8739172a1ebc,8caaa8ca-69fa-4924-906d-642d1b98e019,2026-01,monthly,10724.41,11723.49,91.478,2026-09-01
8f49ccb4-2cc7-4bbd-af73-0aa1a5ea983d,8caaa8ca-69fa-4924-906d-642d1b98e019,2026-02,monthly,10501.24,11723.49,89.5744,2026-09-01
990f558a-855c-4212-b23e-c61602b7708d,8caaa8ca-69fa-4924-906d-642d1b98e019,2026-03,monthly,10501.24,11723.49,89.5744,2026-09-01
83c1d886-c55f-4bee-8c40-d9848a98441e,8caaa8ca-69fa-4924-906d-642d1b98e019,2026-04,monthly,10501.24,9875.0,106.3417,2026-09-01
f8284139-d9cd-4ff6-9e16-aaee18620eb8,8caaa8ca-69fa-4924-906d-642d1b98e019,2026-05,monthly,14210.68,9875.0,143.9057,2026-09-01
a823c5c9-22f5-41cb-aa1f-bb78af4a04a7,8caaa8ca-69fa-4924-906d-642d1b98e019,2026-06,monthly,14210.68,9875.0,143.9057,2026-09-01
d3e9735f-ca86-4173-a40f-c4afe3c53131,8caaa8ca-69fa-4924-906d-642d1b98e019,2026-07,monthly,14210.68,13176.82,107.846,2026-09-01
53798845-1c97-401c-b393-3c698b92ba33,8caaa8ca-69fa-4924-906d-642d1b98e019,2026-08,monthly,14210.68,13176.82,107.846,2026-09-01
fded3ab7-8174-4191-957b-7ba8a56e643c,8caaa8ca-69fa-4924-906d-642d1b98e019,2026-09,monthly,15366.05,13176.82,116.6142,2026-09-01
0edbd577-80de-48d6-9fce-de1bc9759867,6e73bb15-6226-4fe0-ba64-22e193e22b81,2026-07,monthly,23527.38,31409.49,74.9053,2026-09-01
afe80484-0c16-45e3-83db-4f3abc3c05ba,6e73bb15-6226-4fe0-ba64-22e193e22b81,2026-08,monthly,26674.08,31409.49,84.9236,2026-09-01
9519bdb2-58a9-43f7-a9b7-1736af1eed0b,6e73bb15-6226-4fe0-ba64-22e193e22b81,2026-09,monthly,26674.08,31409.49,84.9236,2026-09-01
f21e9b8d-7b0a-41eb-8230-02c5e9c1a430,a7be73f0-3ccf-46aa-b3a1-a7edd9b3e944,2023-11,monthly,7412.48,4239.27,174.8527,2026-09-01
1a6d592a-84b8-4e5c-a7ed-3348e5d07ac8,a7be73f0-3ccf-46aa-b3a1-a7edd9b3e944,2023-12,monthly,7412.48,4239.27,174.8527,2026-09-01
dccfa420-14c8-49fd-964c-4dca28802fce,a7be73f0-3ccf-46aa-b3a1-a7edd9b3e944,2024-01,monthly,7412.48,7860.63,94.2988,2026-09-01
834e818f-bc9f-4a93-987d-da3203dcb617,a7be73f0-3ccf-46aa-b3a1-a7edd9b3e944,2024-02,monthly,7412.48,7860.63,94.2988,2026-09-01
13cd9138-6e6d-434c-ab65-078f027a1a5e,a7be73f0-3ccf-46aa-b3a1-a7edd9b3e944,2024-03,monthly,7412.48,7860.63,94.2988,2026-09-01
df8d1c55-be8f-4686-a6df-c726abc3ac63,a7be73f0-3ccf-46aa-b3a1-a7edd9b3e944,2024-04,monthly,7412.48,5391.51,137.4842,2026-09-01
a6a74fb1-9d2c-4d0f-bd02-c3f1b5839d6d,a7be73f0-3ccf-46aa-b3a1-a7edd9b3e944,2024-05,monthly,7412.48,5391.51,137.4842,2026-09-01
53c26255-ef32-44fc-90a7-4d444e8248c2,a7be73f0-3ccf-46aa-b3a1-a7edd9b3e944,2024-06,monthly,7412.48,5391.51,137.4842,2026-09-01
847aa803-eedb-480a-abbe-8b621b8d3edf,a7be73f0-3ccf-46aa-b3a1-a7edd9b3e944,2024-07,monthly,7412.48,7143.08,103.7714,2026-09-01
b040ccce-f6e0-428e-b23c-a052b7ef8306,a7be73f0-3ccf-46aa-b3a1-a7edd9b3e944,2024-08,monthly,7412.48,7143.08,103.7714,2026-09-01
9e760aee-eb38-4e5d-88d0-84ff307dff10,a7be73f0-3ccf-46aa-b3a1-a7edd9b3e944,2024-09,monthly,7412.48,7143.08,103.7714,2026-09-01
f0f7c956-1c27-4a3c-8824-a41d4f9145f9,a7be73f0-3ccf-46aa-b3a1-a7edd9b3e944,2024-10,monthly,7412.48,6393.63,115.9353,2026-09-01
4d83a1f3-7987-4571-9a46-68f8af5af7fe,a7be73f0-3ccf-46aa-b3a1-a7edd9b3e944,2024-11,monthly,7412.48,6393.63,115.9353,2026-09-01
133b6179-a85a-4435-803c-c8afaa793f56,a7be73f0-3ccf-46aa-b3a1-a7edd9b3e944,2024-12,monthly,7412.48,6393.63,115.9353,2026-09-01
89191fa2-f60a-4792-b261-d49957015977,a7be73f0-3ccf-46aa-b3a1-a7edd9b3e944,2025-01,monthly,7412.48,7924.65,93.537,2026-09-01
596ab596-92a2-4fd4-9720-4aa052593082,a7be73f0-3ccf-46aa-b3a1-a7edd9b3e944,2025-02,monthly,14009.5,7924.65,176.7838,2026-09-01
27890797-c283-4072-bc3e-30d31a857e51,a7be73f0-3ccf-46aa-b3a1-a7edd9b3e944,2025-03,monthly,14695.07,7924.65,185.4349,2026-09-01
b77b9b4b-7257-44bc-aafa-06f891cde85c,a7be73f0-3ccf-46aa-b3a1-a7edd9b3e944,2025-04,monthly,14009.5,11869.6,118.0284,2026-09-01
6f570920-5482-4093-84b1-fda0e2016516,a7be73f0-3ccf-46aa-b3a1-a7edd9b3e944,2025-05,monthly,14009.5,11869.6,118.0284,2026-09-01
d3fe0750-96cc-4b21-b787-d619147b3cb2,6e73bb15-6226-4fe0-ba64-22e193e22b81,2024-04,monthly,6821.6,6410.5,106.4129,2026-09-01
5aabed94-c810-4628-a36e-1d47f63b7b35,6e73bb15-6226-4fe0-ba64-22e193e22b81,2024-05,monthly,6821.6,6410.5,106.4129,2026-09-01
5f637f98-2b74-4671-b044-bcc39edf1f2e,6e73bb15-6226-4fe0-ba64-22e193e22b81,2024-06,monthly,6821.6,6410.5,106.4129,2026-09-01
a6d08d5a-b588-43ea-9ee4-4279eb57497a,6e73bb15-6226-4fe0-ba64-22e193e22b81,2024-07,monthly,7596.79,5856.52,129.7152,2026-09-01
0009c531-97ec-4bd5-beac-b3d1f3f4d722,6e73bb15-6226-4fe0-ba64-22e193e22b81,2024-08,monthly,6821.6,5856.52,116.4788,2026-09-01
c8603819-284e-4139-a0e6-9a36deb442a4,6e73bb15-6226-4fe0-ba64-22e193e22b81,2024-09,monthly,5612.56,5856.52,95.8344,2026-09-01
6ff9dae4-f208-4f4e-b9cb-54bdc173745d,6e73bb15-6226-4fe0-ba64-22e193e22b81,2024-10,monthly,14054.59,21171.79,66.3836,2026-09-01
9aa635b4-ef0c-4829-b6a4-b937dc33ab19,6e73bb15-6226-4fe0-ba64-22e193e22b81,2024-11,monthly,14054.59,21171.79,66.3836,2026-09-01
96cdc2e6-a93b-4fca-b743-1934f3533798,6e73bb15-6226-4fe0-ba64-22e193e22b81,2024-12,monthly,14054.59,21171.79,66.3836,2026-09-01
dcd2130d-7d19-4364-b1b9-59dc10a8ae8b,6e73bb15-6226-4fe0-ba64-22e193e22b81,2025-01,monthly,14054.59,23470.6,59.8817,2026-09-01
c0ec4e12-ee3e-4a7c-9012-c6bea0c0454a,6e73bb15-6226-4fe0-ba64-22e193e22b81,2025-02,monthly,13022.3,23470.6,55.4834,2026-09-01
648565bc-e95d-4942-9c4d-194113e06ff2,6e73bb15-6226-4fe0-ba64-22e193e22b81,2025-03,monthly,14054.59,23470.6,59.8817,2026-09-01
b01b49e9-122c-4d1a-a02b-699e2a6d874d,6e73bb15-6226-4fe0-ba64-22e193e22b81,2025-04,monthly,14054.59,16779.59,83.76,2026-09-01
3a2e9853-52e2-4b9a-b02b-4ef2fa126d9e,6e73bb15-6226-4fe0-ba64-22e193e22b81,2025-05,monthly,14054.59,16779.59,83.76,2026-09-01
1f516fc2-c516-4c6d-aeab-0b185f659855,6e73bb15-6226-4fe0-ba64-22e193e22b81,2025-06,monthly,14054.59,16779.59,83.76,2026-09-01
ba05d26d-5b58-4fcb-b0de-f713e883cdf7,6e73bb15-6226-4fe0-ba64-22e193e22b81,2025-07,monthly,14054.59,13669.29,102.8187,2026-09-01
f3be592d-a059-4793-bc51-bdfa1eed99e0,6e73bb15-6226-4fe0-ba64-22e193e22b81,2025-08,monthly,15933.97,13669.29,116.5676,2026-09-01
6355eff2-ae91-4829-8cd9-c3a7d098e271,6e73bb15-6226-4fe0-ba64-22e193e22b81,2025-09,monthly,15382.09,13669.29,112.5303,2026-09-01
1090fa16-c9f0-4d0d-8f02-b685dc58abe9,6e73bb15-6226-4fe0-ba64-22e193e22b81,2025-10,monthly,14054.59,14844.55,94.6785,2026-09-01
44dc6ebb-d984-4821-8752-31930bf3387d,6e73bb15-6226-4fe0-ba64-22e193e22b81,2025-11,monthly,16450.24,14844.55,110.8167,2026-09-01
a43c1926-d8a0-479d-9896-84ab0334e283,6e73bb15-6226-4fe0-ba64-22e193e22b81,2025-12,monthly,16450.24,14844.55,110.8167,2026-09-01
7bfdb8ee-292c-4b7f-9275-13297b14ba0d,6e73bb15-6226-4fe0-ba64-22e193e22b81,2026-01,monthly,16450.24,11548.62,142.4433,2026-09-01
d8b431a6-309e-4776-a6af-e1a42a3ade2d,6e73bb15-6226-4fe0-ba64-22e193e22b81,2026-02,monthly,17172.72,11548.62,148.6993,2026-09-01
5f0c953a-41de-4eaa-8d5f-987df89ba083,6e73bb15-6226-4fe0-ba64-22e193e22b81,2026-03,monthly,16450.24,11548.62,142.4433,2026-09-01
6e27307e-555d-4d5a-938f-738c856dbd34,6e73bb15-6226-4fe0-ba64-22e193e22b81,2026-04,monthly,18542.25,17390.47,106.623,2026-09-01
2e257868-0e38-4df2-b1be-943198f9e44b,6e73bb15-6226-4fe0-ba64-22e193e22b81,2026-05,monthly,20477.38,17390.47,117.7506,2026-09-01
6a23f6b8-5574-4c89-a4b6-a4658ff734ee,6e73bb15-6226-4fe0-ba64-22e193e22b81,2026-06,monthly,18542.25,17390.47,106.623,2026-09-01
d5b5f494-94a3-4914-a3c2-09e5f3dd6bc0,15b4ba21-a596-4e13-a1e1-c68f2602f414,2025-01,monthly,11269.88,8907.95,126.5148,2026-09-01
0fd8dedd-a0c4-445a-840d-dba3c32d5b2d,15b4ba21-a596-4e13-a1e1-c68f2602f414,2025-02,monthly,10071.46,8907.95,113.0614,2026-09-01
8a5a0a7a-0603-433b-82d3-e3a4d59b6dc0,15b4ba21-a596-4e13-a1e1-c68f2602f414,2025-03,monthly,10071.46,8907.95,113.0614,2026-09-01
88d23b27-4f78-4d0e-8482-ead0e2974007,15b4ba21-a596-4e13-a1e1-c68f2602f414,2025-04,monthly,10071.46,9549.67,105.4639,2026-09-01
a7876661-5388-4fbf-aecd-4fc5aa1376ab,15b4ba21-a596-4e13-a1e1-c68f2602f414,2025-05,monthly,10071.46,9549.67,105.4639,2026-09-01
ac81ff15-3af6-4234-bb9e-85a9c926fc98,15b4ba21-a596-4e13-a1e1-c68f2602f414,2025-06,monthly,11122.0,9549.67,116.4647,2026-09-01
5b80a894-aa7f-4174-bdc2-e302d32d338e,15b4ba21-a596-4e13-a1e1-c68f2602f414,2025-07,monthly,10071.46,7114.04,141.5715,2026-09-01
03ec6aa5-980b-4d6e-be15-1854c714b551,15b4ba21-a596-4e13-a1e1-c68f2602f414,2025-08,monthly,10071.46,7114.04,141.5715,2026-09-01
41ebd2ea-f052-438c-9e2f-39ebae44b338,15b4ba21-a596-4e13-a1e1-c68f2602f414,2025-09,monthly,10071.46,7114.04,141.5715,2026-09-01
de4fb13a-9245-4261-aac1-713d7733db88,15b4ba21-a596-4e13-a1e1-c68f2602f414,2025-10,monthly,10071.46,9978.75,100.9291,2026-09-01
c5f9a253-31be-415e-ad80-f751fb59459a,15b4ba21-a596-4e13-a1e1-c68f2602f414,2025-11,monthly,10071.46,9978.75,100.9291,2026-09-01
4323e569-f7cc-4465-8035-2473e03dee1d,15b4ba21-a596-4e13-a1e1-c68f2602f414,2025-12,monthly,10602.29,9978.75,106.2487,2026-09-01
37e62cd1-9177-4868-a1b4-92ef55e3b49c,15b4ba21-a596-4e13-a1e1-c68f2602f414,2026-08,monthly,15331.48,11870.5,129.1561,2026-09-01
ea77e62c-3311-464a-b774-0997aba21140,15b4ba21-a596-4e13-a1e1-c68f2602f414,2026-09,monthly,15331.48,11870.5,129.1561,2026-09-01
a4e3a92b-3346-45dc-8b81-f4419ab750d4,8f6622df-c77a-4e88-a19d-4c4bc1661772,2024-02,monthly,6241.67,0.0,0.0,2026-09-01
e45976e3-5e65-40a7-8b5b-c577c73b8d72,8f6622df-c77a-4e88-a19d-4c4bc1661772,2024-03,monthly,6854.99,0.0,0.0,2026-09-01
b69e52ae-a460-4c4e-9149-90a17e986f6a,8f6622df-c77a-4e88-a19d-4c4bc1661772,2024-04,monthly,6241.67,0.0,0.0,2026-09-01
bd9e5690-52a9-44c8-a719-0a1b2fbf1017,8f6622df-c77a-4e88-a19d-4c4bc1661772,2024-05,monthly,6241.67,0.0,0.0,2026-09-01
ed10685f-a118-422e-89cc-5cc7707ebe5f,8f6622df-c77a-4e88-a19d-4c4bc1661772,2024-06,monthly,6241.67,0.0,0.0,2026-09-01
d0197812-91c2-42de-8921-8dc7b90c13da,8f6622df-c77a-4e88-a19d-4c4bc1661772,2024-07,monthly,6241.67,0.0,0.0,2026-09-01
b0b26f30-9131-4947-8f5b-d6096d1a7706,8f6622df-c77a-4e88-a19d-4c4bc1661772,2024-08,monthly,6241.67,0.0,0.0,2026-09-01
dc7490e6-6348-4444-aa8f-cf7e9599aa53,8f6622df-c77a-4e88-a19d-4c4bc1661772,2024-09,monthly,6847.14,0.0,0.0,2026-09-01
d61ea914-8ccb-424a-89eb-df7ae59ee090,8f6622df-c77a-4e88-a19d-4c4bc1661772,2024-10,monthly,6241.67,0.0,0.0,2026-09-01
d7a6db23-f985-4bf2-8c95-be6a7eebc852,8f6622df-c77a-4e88-a19d-4c4bc1661772,2024-11,monthly,6501.48,0.0,0.0,2026-09-01
1a07e986-b74a-4e4a-a4a8-2bbc73f40df5,8f6622df-c77a-4e88-a19d-4c4bc1661772,2024-12,monthly,6241.67,0.0,0.0,2026-09-01
6737a22f-0b9d-4370-876a-90aec6f142a0,8f6622df-c77a-4e88-a19d-4c4bc1661772,2025-01,monthly,6241.67,0.0,0.0,2026-09-01
f3bb2238-6c14-47c6-a718-7d45246563d1,8f6622df-c77a-4e88-a19d-4c4bc1661772,2025-02,monthly,6241.67,0.0,0.0,2026-09-01
ec45132d-dda0-4a92-9f45-3a7e3505b1c5,8f6622df-c77a-4e88-a19d-4c4bc1661772,2025-03,monthly,6241.67,0.0,0.0,2026-09-01
0ca67fa3-9dbb-4465-99dc-2d56e076440c,8f6622df-c77a-4e88-a19d-4c4bc1661772,2025-04,monthly,6241.67,0.0,0.0,2026-09-01
5755a756-f5ee-467c-a476-892a5e865e10,8f6622df-c77a-4e88-a19d-4c4bc1661772,2025-05,monthly,6241.67,0.0,0.0,2026-09-01
7112985c-a9f5-408e-b9ec-1eebcd190f11,8f6622df-c77a-4e88-a19d-4c4bc1661772,2025-06,monthly,6241.67,0.0,0.0,2026-09-01
176a1ea1-19c6-4fad-9a6f-ca101d67548d,8f6622df-c77a-4e88-a19d-4c4bc1661772,2025-07,monthly,6839.27,0.0,0.0,2026-09-01
b9af2371-1fec-4167-b0c6-1d507c0782ab,8f6622df-c77a-4e88-a19d-4c4bc1661772,2025-08,monthly,6241.67,0.0,0.0,2026-09-01
1a201c43-d31c-4388-bdb3-c61f786bec35,8f6622df-c77a-4e88-a19d-4c4bc1661772,2025-09,monthly,6922.8,0.0,0.0,2026-09-01
b7b70121-7442-48c4-821c-1b5f77b6e9a1,8f6622df-c77a-4e88-a19d-4c4bc1661772,2025-10,monthly,6241.67,0.0,0.0,2026-09-01
6beb3b78-cafc-46af-b01f-cae788856e0b,8f6622df-c77a-4e88-a19d-4c4bc1661772,2025-11,monthly,6241.67,0.0,0.0,2026-09-01
d890acf1-e076-49a6-b128-9511c9eb18a1,8f6622df-c77a-4e88-a19d-4c4bc1661772,2025-12,monthly,6790.64,0.0,0.0,2026-09-01
33653e5b-b1d6-431f-a086-fe314df885fd,8f6622df-c77a-4e88-a19d-4c4bc1661772,2026-01,monthly,6241.67,0.0,0.0,2026-09-01
37e8427b-0561-4597-8aff-51b8d55a3b3a,60a6708d-6583-4a02-821f-0753fd73ab00,2026-03,monthly,7869.73,5960.76,132.0256,2026-09-01
5e17debf-7580-4e45-a916-29a00b923931,60a6708d-6583-4a02-821f-0753fd73ab00,2026-04,monthly,7869.73,6772.55,116.2003,2026-09-01
3737ef14-0f4b-43c4-96f1-24f161c6c299,60a6708d-6583-4a02-821f-0753fd73ab00,2026-05,monthly,7869.73,6772.55,116.2003,2026-09-01
079e32ba-4786-4254-ad4b-8fbbcd46d1c9,60a6708d-6583-4a02-821f-0753fd73ab00,2026-06,monthly,7869.73,6772.55,116.2003,2026-09-01
ee1d1675-47ab-4572-b6a3-4275389b7e90,60a6708d-6583-4a02-821f-0753fd73ab00,2026-07,monthly,10784.93,10357.87,104.123,2026-09-01
d12159a5-4132-4a8b-86ae-e693177dfa02,60a6708d-6583-4a02-821f-0753fd73ab00,2026-08,monthly,10784.93,10357.87,104.123,2026-09-01
036cdb71-e99c-4633-a79c-67406f6b8b5d,60a6708d-6583-4a02-821f-0753fd73ab00,2026-09,monthly,5528.24,10357.87,53.3723,2026-09-01
e9c97ef3-2873-4c5d-9717-b00cdd20c6d8,8caaa8ca-69fa-4924-906d-642d1b98e019,2024-10,monthly,1585.55,1158.41,136.8726,2026-09-01
60993157-0fb7-462f-89b7-bcb5f42c7044,8caaa8ca-69fa-4924-906d-642d1b98e019,2024-11,monthly,1585.55,1158.41,136.8726,2026-09-01
38bceb76-ab4f-42c2-80a3-e5e052fae00b,8caaa8ca-69fa-4924-906d-642d1b98e019,2024-12,monthly,1585.55,1158.41,136.8726,2026-09-01
34eff7ec-05d8-46b1-a535-62058c1fc820,8caaa8ca-69fa-4924-906d-642d1b98e019,2025-01,monthly,1585.55,1088.8,145.6232,2026-09-01
00e74fc4-03e2-40c0-9c52-84d838a7e4f6,8caaa8ca-69fa-4924-906d-642d1b98e019,2025-02,monthly,1585.55,1088.8,145.6232,2026-09-01
1d6b058b-a71d-4cae-b623-6c13361a0ec5,8caaa8ca-69fa-4924-906d-642d1b98e019,2025-03,monthly,1585.55,1088.8,145.6232,2026-09-01
cac7bc69-bd1c-4f79-ba1b-6258274aef08,8caaa8ca-69fa-4924-906d-642d1b98e019,2025-04,monthly,1585.55,1374.3,115.3717,2026-09-01
ba178f60-6df4-427f-869e-cd8ca9d5f3d6,8caaa8ca-69fa-4924-906d-642d1b98e019,2025-05,monthly,1585.55,1374.3,115.3717,2026-09-01
f4ed73a2-c373-4dc4-8b48-fc696feebadb,8caaa8ca-69fa-4924-906d-642d1b98e019,2025-06,monthly,1740.58,1374.3,126.6524,2026-09-01
86fcb82c-a884-484c-a8a6-8bf9502fe233,8caaa8ca-69fa-4924-906d-642d1b98e019,2025-07,monthly,1585.55,2198.76,72.1111,2026-09-01
cfa80520-6960-4d16-af01-f0efe198b19c,8caaa8ca-69fa-4924-906d-642d1b98e019,2025-08,monthly,1468.83,2198.76,66.8027,2026-09-01
e9c57c5d-7d0c-4210-903b-839f35dcd189,8caaa8ca-69fa-4924-906d-642d1b98e019,2025-09,monthly,1585.55,2198.76,72.1111,2026-09-01
9f179c46-2b05-4417-abc4-eaf687c746ae,9454ed17-4a77-4280-93f1-080b65699d5a,2025-05,monthly,1230.09,542.23,226.859,2026-09-01
2e2f60a2-75c4-426a-96d2-45db73903168,9454ed17-4a77-4280-93f1-080b65699d5a,2025-06,monthly,1230.09,542.23,226.859,2026-09-01
943d9130-9104-4297-bad6-64431c0f2e1f,9454ed17-4a77-4280-93f1-080b65699d5a,2025-07,monthly,1230.09,1139.93,107.9093,2026-09-01
d0190e69-84ee-4787-8a99-6d82e0c5ed7c,9454ed17-4a77-4280-93f1-080b65699d5a,2025-08,monthly,1230.09,1139.93,107.9093,2026-09-01
cca5506e-a6ff-4ecf-b28e-a1dd6327562e,9454ed17-4a77-4280-93f1-080b65699d5a,2025-09,monthly,1230.09,1139.93,107.9093,2026-09-01
c7a2da53-ecb9-441a-9e19-0442a17d6676,9454ed17-4a77-4280-93f1-080b65699d5a,2025-10,monthly,1230.09,5546.09,22.1794,2026-09-01
9702909e-8a1d-447b-874a-75e847c488f7,f4040e67-58f6-4870-a447-f5df54bd90ed,2025-02,monthly,3498.71,2890.19,121.0547,2026-09-01
a42d62d5-fe40-435b-baec-b0dc209fdafd,f4040e67-58f6-4870-a447-f5df54bd90ed,2025-03,monthly,3498.71,2890.19,121.0547,2026-09-01
85cc1978-41fe-4733-b6ef-d67864937cf9,f4040e67-58f6-4870-a447-f5df54bd90ed,2025-04,monthly,3498.71,5132.44,68.1686,2026-09-01
e6846170-3bcc-442c-8d28-15ad92992e8b,f4040e67-58f6-4870-a447-f5df54bd90ed,2025-05,monthly,3498.71,5132.44,68.1686,2026-09-01
1091fd77-da2c-4de8-9d1b-b4cd63e1a145,f4040e67-58f6-4870-a447-f5df54bd90ed,2025-06,monthly,3498.71,5132.44,68.1686,2026-09-01
079b81ad-7b3c-4001-81da-96c43fd0561e,f4040e67-58f6-4870-a447-f5df54bd90ed,2025-07,monthly,3961.58,3355.59,118.0592,2026-09-01
413cadc8-f985-4a8d-bb3b-de4654f97667,f4040e67-58f6-4870-a447-f5df54bd90ed,2025-08,monthly,3498.71,3355.59,104.2652,2026-09-01
43ea7d3a-6dd0-4110-ae4e-ebd306d91d42,f4040e67-58f6-4870-a447-f5df54bd90ed,2025-09,monthly,3498.71,3355.59,104.2652,2026-09-01
9f814c91-dc7d-4127-a92b-4a6478abccf3,f4040e67-58f6-4870-a447-f5df54bd90ed,2025-10,monthly,3498.71,4136.22,84.5871,2026-09-01
7529a104-0598-449b-95ec-d036cf952e8c,f4040e67-58f6-4870-a447-f5df54bd90ed,2025-11,monthly,3498.71,4136.22,84.5871,2026-09-01
acaf8eae-6d97-4c3c-8542-ee86ab57cf4f,f4040e67-58f6-4870-a447-f5df54bd90ed,2025-12,monthly,3498.71,4136.22,84.5871,2026-09-01
f04d81c9-f69d-4b81-b7ba-78a97403f8a4,f4040e67-58f6-4870-a447-f5df54bd90ed,2026-01,monthly,3119.57,5444.78,57.2947,2026-09-01
45157955-3f74-4fbe-8725-9d33a94e2984,f4040e67-58f6-4870-a447-f5df54bd90ed,2026-02,monthly,3498.71,5444.78,64.258,2026-09-01
ca3348d9-d32f-4714-abf4-036fae5af84c,f4040e67-58f6-4870-a447-f5df54bd90ed,2026-03,monthly,6169.84,5444.78,113.3165,2026-09-01
e9766e7b-4177-438c-aed9-31664356001a,f4040e67-58f6-4870-a447-f5df54bd90ed,2026-04,monthly,8619.39,12234.32,70.4525,2026-09-01
6d371f4b-370b-4afa-9181-5c9477c2a5ce,f4040e67-58f6-4870-a447-f5df54bd90ed,2026-05,monthly,8619.39,12234.32,70.4525,2026-09-01
231c2806-4218-4e8c-a2c0-f78674c87f28,f4040e67-58f6-4870-a447-f5df54bd90ed,2026-06,monthly,8619.39,12234.32,70.4525,2026-09-01
40c53374-bc17-4ea0-a1cb-c3327925dcf1,f4040e67-58f6-4870-a447-f5df54bd90ed,2026-07,monthly,8619.39,7108.08,121.2619,2026-09-01
cf7c0f55-ba30-4015-b63d-38f3f846ce40,f4040e67-58f6-4870-a447-f5df54bd90ed,2026-08,monthly,8619.39,7108.08,121.2619,2026-09-01
e66856db-e11b-4dfb-a520-6f31d8e505d4,f4040e67-58f6-4870-a447-f5df54bd90ed,2026-09,monthly,8333.29,7108.08,117.2369,2026-09-01
55e05699-08b6-42c5-b606-e358a5b2568b,15b4ba21-a596-4e13-a1e1-c68f2602f414,2024-01,monthly,4649.09,8482.66,54.807,2026-09-01
09190486-7389-4440-929a-324302d46a55,15b4ba21-a596-4e13-a1e1-c68f2602f414,2024-02,monthly,5652.98,8482.66,66.6416,2026-09-01
ca5c885a-4dfb-4809-9788-4b3643ef9b1b,15b4ba21-a596-4e13-a1e1-c68f2602f414,2024-03,monthly,5652.98,8482.66,66.6416,2026-09-01
22804a2a-0988-48ea-b2ac-b2ce2c7cf2f8,15b4ba21-a596-4e13-a1e1-c68f2602f414,2024-04,monthly,5652.98,5407.35,104.5426,2026-09-01
82c41c57-0890-489d-8811-bdfb640bfa57,15b4ba21-a596-4e13-a1e1-c68f2602f414,2024-05,monthly,5652.98,5407.35,104.5426,2026-09-01
fe332812-dab4-4be8-9dbb-30364f4def3b,15b4ba21-a596-4e13-a1e1-c68f2602f414,2024-06,monthly,5652.98,5407.35,104.5426,2026-09-01
89da168d-79f3-49d1-8fab-8589dae459b3,15b4ba21-a596-4e13-a1e1-c68f2602f414,2024-07,monthly,5652.98,4783.43,118.1785,2026-09-01
e74e4d76-8087-4b03-834a-f70a26024bad,15b4ba21-a596-4e13-a1e1-c68f2602f414,2024-08,monthly,5652.98,4783.43,118.1785,2026-09-01
5073c875-061f-48e7-be90-3b4bf929f456,15b4ba21-a596-4e13-a1e1-c68f2602f414,2024-09,monthly,5652.98,4783.43,118.1785,2026-09-01
a9fd98e1-f5b0-4d19-bd84-966b827251f8,15b4ba21-a596-4e13-a1e1-c68f2602f414,2024-10,monthly,4773.7,4751.85,100.4598,2026-09-01
cdd6b7e7-5861-48ff-8998-947f23920b9e,15b4ba21-a596-4e13-a1e1-c68f2602f414,2024-11,monthly,5652.98,4751.85,118.9637,2026-09-01
6a9bd557-62ea-4f9f-b8d5-ec02d80621e9,15b4ba21-a596-4e13-a1e1-c68f2602f414,2024-12,monthly,5652.98,4751.85,118.9637,2026-09-01
83a03049-d31c-43f5-b671-88fd12a067e0,8f6622df-c77a-4e88-a19d-4c4bc1661772,2026-07,monthly,2796.37,0.0,0.0,2026-09-01
a3bf240c-a871-4a43-a2ec-e0461d3d78cf,8f6622df-c77a-4e88-a19d-4c4bc1661772,2026-08,monthly,2916.38,0.0,0.0,2026-09-01
d5590ba4-10d5-42e1-b6d1-cb9aaef62358,8f6622df-c77a-4e88-a19d-4c4bc1661772,2026-09,monthly,2796.37,0.0,0.0,2026-09-01
b50f7b8e-4582-497d-a090-00bb2789d838,8f6622df-c77a-4e88-a19d-4c4bc1661772,2026-03,monthly,1383.71,0.0,0.0,2026-09-01
e60bbe7d-2bf5-40be-9b93-28ef720b9eaf,8f6622df-c77a-4e88-a19d-4c4bc1661772,2026-04,monthly,1383.71,0.0,0.0,2026-09-01
4dedc2bf-b895-4c2f-bdbc-3010e16e2fff,8f6622df-c77a-4e88-a19d-4c4bc1661772,2026-05,monthly,1383.71,0.0,0.0,2026-09-01
9cae48cb-c2f7-4637-bf8d-2e1dd19692c4,8f6622df-c77a-4e88-a19d-4c4bc1661772,2026-06,monthly,1278.19,0.0,0.0,2026-09-01
e1aeaaef-1c40-4639-a421-61e0dfbb82c7,60a6708d-6583-4a02-821f-0753fd73ab00,2025-09,monthly,3954.37,1181.78,334.6113,2026-09-01
51f137df-c7ac-4a11-b641-47bdc8be4c1e,60a6708d-6583-4a02-821f-0753fd73ab00,2025-10,monthly,3954.37,4225.13,93.5918,2026-09-01
5a6f518b-6a41-40ed-bd75-524c5805757e,60a6708d-6583-4a02-821f-0753fd73ab00,2025-11,monthly,3954.37,4225.13,93.5918,2026-09-01
c36fb4a1-1797-4505-a47f-b750d01de312,60a6708d-6583-4a02-821f-0753fd73ab00,2025-12,monthly,3954.37,4225.13,93.5918,2026-09-01
babca550-9e0a-4ade-96c2-177ae09ec210,60a6708d-6583-4a02-821f-0753fd73ab00,2026-01,monthly,3954.37,5960.76,66.34,2026-09-01
9334e9e0-14a0-430f-8f59-4bed4fdf5617,60a6708d-6583-4a02-821f-0753fd73ab00,2026-02,monthly,3954.37,5960.76,66.34,2026-09-01
40315333-100f-4fea-a35b-b91561359422,8caaa8ca-69fa-4924-906d-642d1b98e019,2025-10,monthly,3628.97,2632.03,137.8772,2026-09-01
bf51d8ef-87c0-498d-90a7-86f088370baf,8caaa8ca-69fa-4924-906d-642d1b98e019,2025-11,monthly,3628.97,2632.03,137.8772,2026-09-01
9bc0ab7e-285e-4b8c-981a-ddbc6bc5a7b1,8caaa8ca-69fa-4924-906d-642d1b98e019,2025-12,monthly,3628.97,2632.03,137.8772,2026-09-01
edfef10c-3a59-4d01-b155-6fb7d953f7ac,15b4ba21-a596-4e13-a1e1-c68f2602f414,2026-03,monthly,4345.08,920.21,472.1835,2026-09-01
1f2b66b4-a35e-4003-bb7d-869ad6d8e064,15b4ba21-a596-4e13-a1e1-c68f2602f414,2026-04,monthly,4345.08,3133.0,138.6877,2026-09-01
6912c70a-fb61-4dae-955c-970eb064084e,15b4ba21-a596-4e13-a1e1-c68f2602f414,2026-05,monthly,4345.08,3133.0,138.6877,2026-09-01
defbd6c2-8eed-4743-a2f4-799d0c09f398,15b4ba21-a596-4e13-a1e1-c68f2602f414,2026-06,monthly,4345.08,3133.0,138.6877,2026-09-01
b24721e0-8093-4362-9555-37df953d979b,15b4ba21-a596-4e13-a1e1-c68f2602f414,2026-07,monthly,4345.08,11870.5,36.604,2026-09-01
c4de505b-67d7-475d-b311-11dd0dcb9763,60a6708d-6583-4a02-821f-0753fd73ab00,2026-Q3,quarterly,27098.1,31073.62,87.2061,2026-09-01
a9520137-19b8-45be-bf07-2e08838ac180,60a6708d-6583-4a02-821f-0753fd73ab00,2026-Q2,quarterly,23609.19,20317.66,116.2003,2026-09-01
459bf5a9-8ce8-4395-a583-40f8231694da,60a6708d-6583-4a02-821f-0753fd73ab00,2026-Q1,quarterly,15778.47,17882.28,88.2352,2026-09-01
755e5561-c962-4891-a77f-d8e3b8db0b2e,60a6708d-6583-4a02-821f-0753fd73ab00,2025-Q4,quarterly,11863.11,12675.38,93.5918,2026-09-01
b41ae2fb-beb7-4d93-91a0-1a998b56ea37,60a6708d-6583-4a02-821f-0753fd73ab00,2025-Q3,quarterly,3954.37,3545.34,111.5371,2026-09-01
e050002f-c8cc-44a6-b638-84a8e555b782,60a6708d-6583-4a02-821f-0753fd73ab00,2025-Q2,quarterly,0.0,17339.8,0.0,2026-09-01
b010f691-c19b-452a-b7b2-dc8d7aa62ff7,60a6708d-6583-4a02-821f-0753fd73ab00,2025-Q1,quarterly,0.0,16163.88,0.0,2026-09-01
e4b3ead3-01c3-45d4-924b-8fc94bdc9ecf,60a6708d-6583-4a02-821f-0753fd73ab00,2024-Q4,quarterly,0.0,16228.23,0.0,2026-09-01
a6d69b87-6bb0-400f-a6a4-33046d98aa0c,60a6708d-6583-4a02-821f-0753fd73ab00,2024-Q3,quarterly,0.0,16528.33,0.0,2026-09-01
d7cc064e-9597-4506-877d-c607a2f615b9,60a6708d-6583-4a02-821f-0753fd73ab00,2024-Q2,quarterly,0.0,17468.74,0.0,2026-09-01
8bf36ded-5bc7-4403-b2ac-825f31d8a58f,60a6708d-6583-4a02-821f-0753fd73ab00,2024-Q1,quarterly,0.0,16375.28,0.0,2026-09-01
e0dd8acb-2027-4ea8-89fe-96a9cca71349,60a6708d-6583-4a02-821f-0753fd73ab00,2023-Q4,quarterly,0.0,16946.63,0.0,2026-09-01
3786d326-6969-4c24-9635-76b0080f47d0,8caaa8ca-69fa-4924-906d-642d1b98e019,2026-Q3,quarterly,43787.41,39530.47,110.7688,2026-09-01
592f275b-aeae-4261-ba3f-8b5955516cb7,8caaa8ca-69fa-4924-906d-642d1b98e019,2026-Q2,quarterly,38922.6,29624.99,131.3843,2026-09-01
5033dd6d-aa4b-475e-b061-579eab30cd60,8caaa8ca-69fa-4924-906d-642d1b98e019,2026-Q1,quarterly,31726.89,35170.47,90.2089,2026-09-01
43140df6-2737-4fc9-a5ca-34116e6a6120,8caaa8ca-69fa-4924-906d-642d1b98e019,2025-Q4,quarterly,10886.91,7896.09,137.8772,2026-09-01
ce57b70a-b724-471e-bf7c-4b784d9d060e,8caaa8ca-69fa-4924-906d-642d1b98e019,2025-Q3,quarterly,4639.93,6596.28,70.3416,2026-09-01
3c6f312c-95e1-4bcd-9327-238f66b564f6,8caaa8ca-69fa-4924-906d-642d1b98e019,2025-Q2,quarterly,4911.68,4122.89,119.132,2026-09-01
d918194b-d61b-4b61-ba79-71849033a6ec,8caaa8ca-69fa-4924-906d-642d1b98e019,2025-Q1,quarterly,4756.65,3266.41,145.6232,2026-09-01
b939ea74-a1ad-48e6-bbf6-2ba0d197355e,8caaa8ca-69fa-4924-906d-642d1b98e019,2024-Q4,quarterly,4756.65,3475.24,136.8726,2026-09-01
049c8c94-af3d-4c71-9780-ba54c3dce2eb,8caaa8ca-69fa-4924-906d-642d1b98e019,2024-Q3,quarterly,0.0,17437.36,0.0,2026-09-01
0feebaa9-7933-4c94-a0be-c1062b995c6b,8caaa8ca-69fa-4924-906d-642d1b98e019,2024-Q2,quarterly,0.0,16087.31,0.0,2026-09-01
12842ed2-f5ce-47f9-85c0-359641f20434,8caaa8ca-69fa-4924-906d-642d1b98e019,2024-Q1,quarterly,0.0,16106.65,0.0,2026-09-01
873f5245-4544-4d60-a2ec-e0261547ab93,8caaa8ca-69fa-4924-906d-642d1b98e019,2023-Q4,quarterly,0.0,16169.41,0.0,2026-09-01
73544a8b-8e32-4961-8634-7788f5beddcb,9454ed17-4a77-4280-93f1-080b65699d5a,2026-Q3,quarterly,67397.11,62349.62,108.0955,2026-09-01
8115b9c9-c222-4913-8024-79f7a0465a7b,9454ed17-4a77-4280-93f1-080b65699d5a,2026-Q2,quarterly,62813.9,51000.01,123.1645,2026-09-01
8f8311a8-2993-49ac-ae13-14cc3193eff2,9454ed17-4a77-4280-93f1-080b65699d5a,2026-Q1,quarterly,34291.81,39749.57,86.2696,2026-09-01
8ae2425b-9058-428c-844d-63ad64a6d64c,9454ed17-4a77-4280-93f1-080b65699d5a,2025-Q4,quarterly,19002.36,16638.28,114.2087,2026-09-01
2f9e1f94-4e12-4769-a04c-c4cf7d030586,9454ed17-4a77-4280-93f1-080b65699d5a,2025-Q3,quarterly,3690.27,3419.79,107.9093,2026-09-01
efea1f6b-5c74-40df-945f-74926ac42830,9454ed17-4a77-4280-93f1-080b65699d5a,2025-Q2,quarterly,2460.18,1626.68,151.2393,2026-09-01
5b1ba3c0-3a9a-4b6f-bb0f-895bb0d4b1c6,9454ed17-4a77-4280-93f1-080b65699d5a,2025-Q1,quarterly,0.0,39167.44,0.0,2026-09-01
41b5c3cc-1d85-4dd3-b843-30ea05931994,9454ed17-4a77-4280-93f1-080b65699d5a,2024-Q4,quarterly,0.0,45062.84,0.0,2026-09-01
90217ad8-03c7-4ddc-b8d3-e42dd7801b89,9454ed17-4a77-4280-93f1-080b65699d5a,2024-Q3,quarterly,0.0,41950.71,0.0,2026-09-01
e154fbee-4c3c-4f94-b529-01718c36254e,9454ed17-4a77-4280-93f1-080b65699d5a,2024-Q2,quarterly,0.0,38684.51,0.0,2026-09-01
f3805694-ff32-4d43-b965-d9e74622e378,9454ed17-4a77-4280-93f1-080b65699d5a,2024-Q1,quarterly,0.0,44399.64,0.0,2026-09-01
ddddf54c-2aa8-41ae-8e7e-94ed2a25db49,9454ed17-4a77-4280-93f1-080b65699d5a,2023-Q4,quarterly,0.0,45077.71,0.0,2026-09-01
c366e9d6-c851-4c89-8b42-76ba2b1fa9b5,3e7e796c-a084-440e-97d5-135b721f3e2f,2026-Q3,quarterly,91637.73,61126.12,149.9158,2026-09-01
b6110741-47c8-4b6b-8912-90f564e7b744,3e7e796c-a084-440e-97d5-135b721f3e2f,2026-Q2,quarterly,91637.73,84066.86,109.0058,2026-09-01
122c1607-165c-4a2a-a61e-dd5f4a4c13ef,3e7e796c-a084-440e-97d5-135b721f3e2f,2026-Q1,quarterly,83221.6,85721.02,97.0842,2026-09-01
9fa96b29-520d-46f5-b8f5-57ae99efdfd6,3e7e796c-a084-440e-97d5-135b721f3e2f,2025-Q4,quarterly,66389.34,109075.16,60.8657,2026-09-01
d2785047-7eab-46ec-851f-a6cddf5532f1,3e7e796c-a084-440e-97d5-135b721f3e2f,2025-Q3,quarterly,59921.04,63156.21,94.8775,2026-09-01
7a1b6f71-a3c1-407b-9db8-defe94a3d462,3e7e796c-a084-440e-97d5-135b721f3e2f,2025-Q2,quarterly,36866.16,35376.31,104.2114,2026-09-01
11605ee1-1baa-4c34-8b92-1da28319860e,3e7e796c-a084-440e-97d5-135b721f3e2f,2025-Q1,quarterly,31157.61,38038.34,81.9111,2026-09-01
e94a9cf5-743f-4f9c-9ae3-d731b1def6e9,3e7e796c-a084-440e-97d5-135b721f3e2f,2024-Q4,quarterly,18344.16,13204.13,138.9274,2026-09-01
2c504569-7a0a-453d-8497-521f28d3763f,3e7e796c-a084-440e-97d5-135b721f3e2f,2024-Q3,quarterly,6114.72,8232.72,74.2734,2026-09-01
18d6b7d8-256d-48cf-8e4d-ec0bae141e0d,3e7e796c-a084-440e-97d5-135b721f3e2f,2024-Q2,quarterly,0.0,42074.82,0.0,2026-09-01
250dede1-e55b-4c2a-83a9-fa15db91b6bf,3e7e796c-a084-440e-97d5-135b721f3e2f,2024-Q1,quarterly,0.0,41313.75,0.0,2026-09-01
31940cf1-db2a-4241-81d2-fe821917cd28,3e7e796c-a084-440e-97d5-135b721f3e2f,2023-Q4,quarterly,0.0,43681.14,0.0,2026-09-01
9952a4ca-9a29-4f14-a1a1-0196bb677c99,f4040e67-58f6-4870-a447-f5df54bd90ed,2026-Q3,quarterly,25572.07,21324.23,119.9203,2026-09-01
0817233d-8d91-4886-bae1-d43dc0eaf6de,f4040e67-58f6-4870-a447-f5df54bd90ed,2026-Q2,quarterly,25858.17,36702.96,70.4525,2026-09-01
a0aedd56-c7af-4eae-8040-b5aedf034fcc,f4040e67-58f6-4870-a447-f5df54bd90ed,2026-Q1,quarterly,12788.12,16334.35,78.2897,2026-09-01
f5e9a550-de67-4841-8edb-de3d97e08ced,f4040e67-58f6-4870-a447-f5df54bd90ed,2025-Q4,quarterly,10496.13,12408.66,84.5871,2026-09-01
487cb0d3-9e8e-47d3-b03a-41883bbce3b6,f4040e67-58f6-4870-a447-f5df54bd90ed,2025-Q3,quarterly,10959.0,10066.76,108.8632,2026-09-01
1005f533-c12e-454a-a687-d2056e3e95ae,f4040e67-58f6-4870-a447-f5df54bd90ed,2025-Q2,quarterly,10496.13,15397.32,68.1686,2026-09-01
2e47e7cd-2a4f-4474-98ef-3c385e21914c,f4040e67-58f6-4870-a447-f5df54bd90ed,2025-Q1,quarterly,6997.42,8670.57,80.7031,2026-09-01
d90f3313-e1ab-406c-86e2-b3796d222330,f4040e67-58f6-4870-a447-f5df54bd90ed,2024-Q4,quarterly,0.0,10963.52,0.0,2026-09-01
072d2703-7bf1-46d6-a459-526e37e69760,f4040e67-58f6-4870-a447-f5df54bd90ed,2024-Q3,quarterly,0.0,10428.09,0.0,2026-09-01
9cfa5c8c-bfd3-4b1c-a629-4244b0a592b6,f4040e67-58f6-4870-a447-f5df54bd90ed,2024-Q2,quarterly,0.0,9862.22,0.0,2026-09-01
5ac12d72-132a-4e35-873d-8eb43a1225d3,f4040e67-58f6-4870-a447-f5df54bd90ed,2024-Q1,quarterly,0.0,10530.58,0.0,2026-09-01
ad1cb54b-3c5a-4e2d-a0a9-7c0cc00a11f8,f4040e67-58f6-4870-a447-f5df54bd90ed,2023-Q4,quarterly,0.0,10190.29,0.0,2026-09-01
42abd834-afa3-4a94-95b8-73db0c0801a6,15b4ba21-a596-4e13-a1e1-c68f2602f414,2026-Q3,quarterly,35008.04,35611.5,98.3054,2026-09-01
dcd97602-43fb-4149-90e3-4fc77c10aabf,15b4ba21-a596-4e13-a1e1-c68f2602f414,2026-Q2,quarterly,13035.24,9398.99,138.6877,2026-09-01
d62ee7de-ec87-47b6-94d8-f62489ce24a2,15b4ba21-a596-4e13-a1e1-c68f2602f414,2026-Q1,quarterly,4345.08,2760.63,157.3945,2026-09-01
70a2581b-291d-46ad-b3f4-af5b9de623d5,15b4ba21-a596-4e13-a1e1-c68f2602f414,2025-Q4,quarterly,30745.21,29936.24,102.7023,2026-09-01
0e75721e-0c9e-4147-b5da-01e07dcb3057,15b4ba21-a596-4e13-a1e1-c68f2602f414,2025-Q3,quarterly,30214.38,21342.13,141.5715,2026-09-01
61f65786-0e8e-4ce4-89ad-847f9bb6dea7,15b4ba21-a596-4e13-a1e1-c68f2602f414,2025-Q2,quarterly,31264.92,28649.02,109.1309,2026-09-01
6cb1bfbe-fc95-4029-8c22-83a22eba3ace,15b4ba21-a596-4e13-a1e1-c68f2602f414,2025-Q1,quarterly,31412.8,26723.86,117.5459,2026-09-01
3fc1155c-df15-466d-ad93-ce5548c0d5f7,15b4ba21-a596-4e13-a1e1-c68f2602f414,2024-Q4,quarterly,16079.66,14255.56,112.7957,2026-09-01
f791dcff-dc6f-41fc-9d10-a408c6e6389d,15b4ba21-a596-4e13-a1e1-c68f2602f414,2024-Q3,quarterly,16958.94,14350.28,118.1785,2026-09-01
79bcbe71-56d6-44a2-93f4-da3fd4e03796,15b4ba21-a596-4e13-a1e1-c68f2602f414,2024-Q2,quarterly,16958.94,16222.04,104.5426,2026-09-01
9ae2b906-fe7c-4d10-94cc-ec32ceba52c9,15b4ba21-a596-4e13-a1e1-c68f2602f414,2024-Q1,quarterly,15955.05,25447.99,62.6967,2026-09-01
0d4c6b5f-7c69-4f81-8528-bc761fdf5173,15b4ba21-a596-4e13-a1e1-c68f2602f414,2023-Q4,quarterly,0.0,39875.9,0.0,2026-09-01
2ad83f70-77cf-4b27-9515-4199404415ea,a7be73f0-3ccf-46aa-b3a1-a7edd9b3e944,2026-Q3,quarterly,137041.66,132902.61,103.1143,2026-09-01
3d5cc1fd-a097-472c-ac5e-87082d0b4520,a7be73f0-3ccf-46aa-b3a1-a7edd9b3e944,2026-Q2,quarterly,117508.58,172596.3,68.0829,2026-09-01
56e6793b-367c-445a-9be2-38972082499c,a7be73f0-3ccf-46aa-b3a1-a7edd9b3e944,2026-Q1,quarterly,90086.95,71809.89,125.452,2026-09-01
285d933c-ec8b-40c6-9e04-57442e46e12d,a7be73f0-3ccf-46aa-b3a1-a7edd9b3e944,2025-Q4,quarterly,67762.61,74709.08,90.702,2026-09-01
963abf00-7a36-4606-9b4d-08f9ddaeb0a3,a7be73f0-3ccf-46aa-b3a1-a7edd9b3e944,2025-Q3,quarterly,56937.18,51837.12,109.8386,2026-09-01
02d708ce-7174-4242-9b6a-5158582bce1b,a7be73f0-3ccf-46aa-b3a1-a7edd9b3e944,2025-Q2,quarterly,46998.06,35608.79,131.9844,2026-09-01
64a94233-4a73-44f6-b171-76e1d9ad0411,a7be73f0-3ccf-46aa-b3a1-a7edd9b3e944,2025-Q1,quarterly,36117.05,23773.95,151.9186,2026-09-01
3e7a2961-3863-47ee-9b1b-b5bf4af70200,a7be73f0-3ccf-46aa-b3a1-a7edd9b3e944,2024-Q4,quarterly,22237.44,19180.9,115.9353,2026-09-01
9a51ec65-883a-4164-bed3-b62ac6e3d91a,a7be73f0-3ccf-46aa-b3a1-a7edd9b3e944,2024-Q3,quarterly,22237.44,21429.25,103.7714,2026-09-01
43320fde-a372-4721-b062-35463acc8272,a7be73f0-3ccf-46aa-b3a1-a7edd9b3e944,2024-Q2,quarterly,22237.44,16174.54,137.4842,2026-09-01
7595ff4f-4ab9-44c9-9c8c-4c46548f12b1,a7be73f0-3ccf-46aa-b3a1-a7edd9b3e944,2024-Q1,quarterly,22237.44,23581.9,94.2988,2026-09-01
616d832d-1c98-4ab3-814d-fa1ef9fd0112,a7be73f0-3ccf-46aa-b3a1-a7edd9b3e944,2023-Q4,quarterly,14824.96,12717.81,116.5685,2026-09-01
b604cdd0-f3ac-4a84-8f7b-94cd0e54e2f7,6e73bb15-6226-4fe0-ba64-22e193e22b81,2026-Q3,quarterly,76875.54,94228.47,81.5842,2026-09-01
7ba9d033-2cb4-411c-ab52-9c05c90e401d,6e73bb15-6226-4fe0-ba64-22e193e22b81,2026-Q2,quarterly,57561.88,52171.42,110.3322,2026-09-01
01424fa4-026c-4765-a164-75ff7cb71841,6e73bb15-6226-4fe0-ba64-22e193e22b81,2026-Q1,quarterly,50073.2,34645.86,144.5287,2026-09-01
4204e801-3af1-47f8-a2d4-6534fb387f2a,6e73bb15-6226-4fe0-ba64-22e193e22b81,2025-Q4,quarterly,46955.07,44533.64,105.4373,2026-09-01
21b7b858-967b-447f-b827-654ac43d2101,6e73bb15-6226-4fe0-ba64-22e193e22b81,2025-Q3,quarterly,45370.65,41007.87,110.6389,2026-09-01
6c93fe56-7eb9-48ab-b8c5-2032cc813afa,6e73bb15-6226-4fe0-ba64-22e193e22b81,2025-Q2,quarterly,42163.77,50338.78,83.76,2026-09-01
980a94ca-0224-4488-ab05-db3663c76152,6e73bb15-6226-4fe0-ba64-22e193e22b81,2025-Q1,quarterly,41131.48,70411.81,58.4156,2026-09-01
b7873a4e-6795-4269-b655-594402a36abe,6e73bb15-6226-4fe0-ba64-22e193e22b81,2024-Q4,quarterly,42163.77,63515.36,66.3836,2026-09-01
0cf3e258-d99b-4f89-a546-0db9d6f5aa6e,6e73bb15-6226-4fe0-ba64-22e193e22b81,2024-Q3,quarterly,20030.95,17569.55,114.0095,2026-09-01
cb59b6ea-061e-49ea-952d-2d5782d6da2a,6e73bb15-6226-4fe0-ba64-22e193e22b81,2024-Q2,quarterly,20464.8,19231.51,106.4129,2026-09-01
9f1642ef-8159-4d22-8d12-f1c1cf049331,6e73bb15-6226-4fe0-ba64-22e193e22b81,2024-Q1,quarterly,0.0,10719.5,0.0,2026-09-01
6bf0a7d3-e7f1-4d67-adcf-3c4a26e631e6,6e73bb15-6226-4fe0-ba64-22e193e22b81,2023-Q4,quarterly,0.0,10557.09,0.0,2026-09-01
6abb426b-611c-46f6-bd0d-b25329f0eeda,37c91720-936f-438f-91eb-d7375b79b897,2026-Q3,quarterly,80771.31,81263.5,99.3943,2026-09-01
b0bdf825-e899-40a3-bcbb-5b7cd8a5a778,37c91720-936f-438f-91eb-d7375b79b897,2026-Q2,quarterly,64606.01,81461.84,79.3083,2026-09-01
6a4c77b1-f436-4c40-890c-025dec63018a,37c91720-936f-438f-91eb-d7375b79b897,2026-Q1,quarterly,50591.52,61322.47,82.5008,2026-09-01
30cf0369-87ad-44cf-b019-8c31cffef554,37c91720-936f-438f-91eb-d7375b79b897,2025-Q4,quarterly,62718.26,62615.52,100.1641,2026-09-01
d6efd924-990a-4e17-bf72-b01c703485a7,37c91720-936f-438f-91eb-d7375b79b897,2025-Q3,quarterly,50095.65,90477.42,55.3681,2026-09-01
ea13e22c-af53-400d-ae05-6e1927cdb1c8,37c91720-936f-438f-91eb-d7375b79b897,2025-Q2,quarterly,44922.37,50814.37,88.4049,2026-09-01
335d19c8-88d4-4a1d-9ff6-8631553ff422,37c91720-936f-438f-91eb-d7375b79b897,2025-Q1,quarterly,34487.45,24645.19,139.9358,2026-09-01
56042c25-4693-459a-8ee3-eefb9adee7c8,37c91720-936f-438f-91eb-d7375b79b897,2024-Q4,quarterly,38542.76,41029.69,93.9387,2026-09-01
3249c824-25b6-464c-be51-0d6a1574917f,37c91720-936f-438f-91eb-d7375b79b897,2024-Q3,quarterly,34399.83,60344.67,57.0056,2026-09-01
dd5cc44e-beeb-4bee-b621-d844c5568fe7,37c91720-936f-438f-91eb-d7375b79b897,2024-Q2,quarterly,34399.83,27335.4,125.8435,2026-09-01
f40801b0-d9e0-4c9e-88aa-8590d3040eb4,37c91720-936f-438f-91eb-d7375b79b897,2024-Q1,quarterly,26300.27,29938.23,87.8484,2026-09-01
4eb0bd60-728e-4b0f-a4d2-2734d28194c1,37c91720-936f-438f-91eb-d7375b79b897,2023-Q4,quarterly,0.0,43643.67,0.0,2026-09-01
