rep_id,period,amount,account_id,deal_id,revenue_type,contract_term_months,recognition_start_date
9454ed17-4a77-4280-93f1-080b65699d5a,2025-11,5986.36,09c35006-40e8-4852-8ccb-14615da65d7d,957f27ea-e176-4c28-b381-e45ed9f2e194,renewal,36,2025-11-01
9454ed17-4a77-4280-93f1-080b65699d5a,2025-12,5986.36,09c35006-40e8-4852-8ccb-14615da65d7d,957f27ea-e176-4c28-b381-e45ed9f2e194,renewal,36,2025-12-01
9454ed17-4a77-4280-93f1-080b65699d5a,2026-01,5986.36,09c35006-40e8-4852-8ccb-14615da65d7d,957f27ea-e176-4c28-b381-e45ed9f2e194,renewal,36,2026-01-01
9454ed17-4a77-4280-93f1-080b65699d5a,2026-02,5986.36,09c35006-40e8-4852-8ccb-14615da65d7d,957f27ea-e176-4c28-b381-e45ed9f2e194,renewal,36,2026-02-01
9454ed17-4a77-4280-93f1-080b65699d5a,2026-03,5986.36,09c35006-40e8-4852-8ccb-14615da65d7d,957f27ea-e176-4c28-b381-e45ed9f2e194,renewal,36,2026-03-01
9454ed17-4a77-4280-93f1-080b65699d5a,2026-04,5986.36,09c35006-40e8-4852-8ccb-14615da65d7d,957f27ea-e176-4c28-b381-e45ed9f2e194,renewal,36,2026-04-01
9454ed17-4a77-4280-93f1-080b65699d5a,2026-05,5986.36,09c35006-40e8-4852-8ccb-14615da65d7d,957f27ea-e176-4c28-b381-e45ed9f2e194,renewal,36,2026-05-01
9454ed17-4a77-4280-93f1-080b65699d5a,2026-06,5986.36,09c35006-40e8-4852-8ccb-14615da65d7d,957f27ea-e176-4c28-b381-e45ed9f2e194,renewal,36,2026-06-01
9454ed17-4a77-4280-93f1-080b65699d5a,2026-07,5986.36,09c35006-40e8-4852-8ccb-14615da65d7d,957f27ea-e176-4c28-b381-e45ed9f2e194,renewal,36,2026-07-01
9454ed17-4a77-4280-93f1-080b65699d5a,2026-08,5986.36,09c35006-40e8-4852-8ccb-14615da65d7d,957f27ea-e176-4c28-b381-e45ed9f2e194,renewal,36,2026-08-01
9454ed17-4a77-4280-93f1-080b65699d5a,2026-09,5986.36,09c35006-40e8-4852-8ccb-14615da65d7d,957f27ea-e176-4c28-b381-e45ed9f2e194,renewal,36,2026-09-01
37c91720-936f-438f-91eb-d7375b79b897,2026-05,6532.8,9447cd4e-0f91-4e7a-88a8-d8383edf87dc,59f52d0a-b44f-49e2-9825-d126cba7c912,expansion,12,2026-05-01
37c91720-936f-438f-91eb-d7375b79b897,2026-06,6532.8,9447cd4e-0f91-4e7a-88a8-d8383edf87dc,59f52d0a-b44f-49e2-9825-d126cba7c912,expansion,12,2026-06-01
37c91720-936f-438f-91eb-d7375b79b897,2026-07,6532.8,9447cd4e-0f91-4e7a-88a8-d8383edf87dc,59f52d0a-b44f-49e2-9825-d126cba7c912,expansion,12,2026-07-01
37c91720-936f-438f-91eb-d7375b79b897,2026-08,6532.8,9447cd4e-0f91-4e7a-88a8-d8383edf87dc,59f52d0a-b44f-49e2-9825-d126cba7c912,expansion,12,2026-08-01
37c91720-936f-438f-91eb-d7375b79b897,2026-09,6532.8,9447cd4e-0f91-4e7a-88a8-d8383edf87dc,59f52d0a-b44f-49e2-9825-d126cba7c912,expansion,12,2026-09-01
3e7e796c-a084-440e-97d5-135b721f3e2f,2024-09,6114.72,b5654b07-e926-459e-bd36-4cc757275234,fb98a822-99d4-4162-8ea1-3b6fc0eaf7ee,expansion,36,2024-09-01
3e7e796c-a084-440e-97d5-135b721f3e2f,2024-10,6114.72,b5654b07-e926-459e-bd36-4cc757275234,fb98a822-99d4-4162-8ea1-3b6fc0eaf7ee,expansion,36,2024-10-01
3e7e796c-a084-440e-97d5-135b721f3e2f,2024-11,6114.72,b5654b07-e926-459e-bd36-4cc757275234,fb98a822-99d4-4162-8ea1-3b6fc0eaf7ee,expansion,36,2024-11-01
3e7e796c-a084-440e-97d5-135b721f3e2f,2024-12,6114.72,b5654b07-e926-459e-bd36-4cc757275234,fb98a822-99d4-4162-8ea1-3b6fc0eaf7ee,expansion,36,2024-12-01
3e7e796c-a084-440e-97d5-135b721f3e2f,2025-01,6114.72,b5654b07-e926-459e-bd36-4cc757275234,fb98a822-99d4-4162-8ea1-3b6fc0eaf7ee,expansion,36,2025-01-01
3e7e796c-a084-440e-97d5-135b721f3e2f,2025-02,6114.72,b5654b07-e926-459e-bd36-4cc757275234,fb98a822-99d4-4162-8ea1-3b6fc0eaf7ee,expansion,36,2025-02-01
3e7e796c-a084-440e-97d5-135b721f3e2f,2025-03,6114.72,b5654b07-e926-459e-bd36-4cc757275234,fb98a822-99d4-4162-8ea1-3b6fc0eaf7ee,expansion,36,2025-03-01
3e7e796c-a084-440e-97d5-135b721f3e2f,2025-04,6114.72,b5654b07-e926-459e-bd36-4cc757275234,fb98a822-99d4-4162-8ea1-3b6fc0eaf7ee,expansion,36,2025-04-01
3e7e796c-a084-440e-97d5-135b721f3e2f,2025-05,6114.72,b5654b07-e926-459e-bd36-4cc757275234,fb98a822-99d4-4162-8ea1-3b6fc0eaf7ee,expansion,36,2025-05-01
3e7e796c-a084-440e-97d5-135b721f3e2f,2025-06,6114.72,b5654b07-e926-459e-bd36-4cc757275234,fb98a822-99d4-4162-8ea1-3b6fc0eaf7ee,expansion,36,2025-06-01
3e7e796c-a084-440e-97d5-135b721f3e2f,2025-07,6114.72,b5654b07-e926-459e-bd36-4cc757275234,fb98a822-99d4-4162-8ea1-3b6fc0eaf7ee,expansion,36,2025-07-01
3e7e796c-a084-440e-97d5-135b721f3e2f,2025-08,6114.72,b5654b07-e926-459e-bd36-4cc757275234,fb98a822-99d4-4162-8ea1-3b6fc0eaf7ee,expansion,36,2025-08-01
3e7e796c-a084-440e-97d5-135b721f3e2f,2025-09,6114.72,b5654b07-e926-459e-bd36-4cc757275234,fb98a822-99d4-4162-8ea1-3b6fc0eaf7ee,expansion,36,2025-09-01
3e7e796c-a084-440e-97d5-135b721f3e2f,2025-10,6114.72,b5654b07-e926-459e-bd36-4cc757275234,fb98a822-99d4-4162-8ea1-3b6fc0eaf7ee,expansion,36,2025-10-01
3e7e796c-a084-440e-97d5-135b721f3e2f,2025-11,6114.72,b5654b07-e926-459e-bd36-4cc757275234,fb98a822-99d4-4162-8ea1-3b6fc0eaf7ee,expansion,36,2025-11-01
3e7e796c-a084-440e-97d5-135b721f3e2f,2025-12,6114.72,b5654b07-e926-459e-bd36-4cc757275234,fb98a822-99d4-4162-8ea1-3b6fc0eaf7ee,expansion,36,2025-12-01
3e7e796c-a084-440e-97d5-135b721f3e2f,2026-01,6114.72,b5654b07-e926-459e-bd36-4cc757275234,fb98a822-99d4-4162-8ea1-3b6fc0eaf7ee,expansion,36,2026-01-01
3e7e796c-a084-440e-97d5-135b721f3e2f,2026-02,6114.72,b5654b07-e926-459e-bd36-4cc757275234,fb98a822-99d4-4162-8ea1-3b6fc0eaf7ee,expansion,36,2026-02-01
3e7e796c-a084-440e-97d5-135b721f3e2f,2026-03,6114.72,b5654b07-e926-459e-bd36-4cc757275234,fb98a822-99d4-4162-8ea1-3b6fc0eaf7ee,expansion,36,2026-03-01
3e7e796c-a084-440e-97d5-135b721f3e2f,2026-04,6114.72,b5654b07-e926-459e-bd36-4cc757275234,fb98a822-99d4-4162-8ea1-3b6fc0eaf7ee,expansion,36,2026-04-01
3e7e796c-a084-440e-97d5-135b721f3e2f,2026-05,6114.72,b5654b07-e926-459e-bd36-4cc757275234,fb98a822-99d4-4162-8ea1-3b6fc0eaf7ee,expansion,36,2026-05-01
3e7e796c-a084-440e-97d5-135b721f3e2f,2026-06,6114.72,b5654b07-e926-459e-bd36-4cc757275234,fb98a822-99d4-4162-8ea1-3b6fc0eaf7ee,expansion,36,2026-06-01
3e7e796c-a084-440e-97d5-135b721f3e2f,2026-07,6114.72,b5654b07-e926-459e-bd36-4cc757275234,fb98a822-99d4-4162-8ea1-3b6fc0eaf7ee,expansion,36,2026-07-01
3e7e796c-a084-440e-97d5-135b721f3e2f,2026-08,6114.72,b5654b07-e926-459e-bd36-4cc757275234,fb98a822-99d4-4162-8ea1-3b6fc0eaf7ee,expansion,36,2026-08-01
3e7e796c-a084-440e-97d5-135b721f3e2f,2026-09,6114.72,b5654b07-e926-459e-bd36-4cc757275234,fb98a822-99d4-4162-8ea1-3b6fc0eaf7ee,expansion,36,2026-09-01
37c91720-936f-438f-91eb-d7375b79b897,2024-01,5280.17,bae529ba-e182-4e43-81b2-950478b48221,cb798bd8-2d5d-46bc-a99d-c822ea3cf39b,expansion,12,2024-01-01
37c91720-936f-438f-91eb-d7375b79b897,2024-02,5280.17,bae529ba-e182-4e43-81b2-950478b48221,cb798bd8-2d5d-46bc-a99d-c822ea3cf39b,expansion,12,2024-02-01
37c91720-936f-438f-91eb-d7375b79b897,2024-03,5280.17,bae529ba-e182-4e43-81b2-950478b48221,cb798bd8-2d5d-46bc-a99d-c822ea3cf39b,expansion,12,2024-03-01
37c91720-936f-438f-91eb-d7375b79b897,2024-04,5280.17,bae529ba-e182-4e43-81b2-950478b48221,cb798bd8-2d5d-46bc-a99d-c822ea3cf39b,expansion,12,2024-04-01
37c91720-936f-438f-91eb-d7375b79b897,2024-05,5280.17,bae529ba-e182-4e43-81b2-950478b48221,cb798bd8-2d5d-46bc-a99d-c822ea3cf39b,expansion,12,2024-05-01
37c91720-936f-438f-91eb-d7375b79b897,2024-06,5280.17,bae529ba-e182-4e43-81b2-950478b48221,cb798bd8-2d5d-46bc-a99d-c822ea3cf39b,expansion,12,2024-06-01
37c91720-936f-438f-91eb-d7375b79b897,2024-07,5280.17,bae529ba-e182-4e43-81b2-950478b48221,cb798bd8-2d5d-46bc-a99d-c822ea3cf39b,expansion,12,2024-07-01
37c91720-936f-438f-91eb-d7375b79b897,2024-08,5280.17,bae529ba-e182-4e43-81b2-950478b48221,cb798bd8-2d5d-46bc-a99d-c822ea3cf39b,expansion,12,2024-08-01
37c91720-936f-438f-91eb-d7375b79b897,2024-09,5280.17,bae529ba-e182-4e43-81b2-950478b48221,cb798bd8-2d5d-46bc-a99d-c822ea3cf39b,expansion,12,2024-09-01
37c91720-936f-438f-91eb-d7375b79b897,2024-10,5280.17,bae529ba-e182-4e43-81b2-950478b48221,cb798bd8-2d5d-46bc-a99d-c822ea3cf39b,expansion,12,2024-10-01
37c91720-936f-438f-91eb-d7375b79b897,2024-11,5280.17,bae529ba-e182-4e43-81b2-950478b48221,cb798bd8-2d5d-46bc-a99d-c822ea3cf39b,expansion,12,2024-11-01
37c91720-936f-438f-91eb-d7375b79b897,2024-12,5280.17,bae529ba-e182-4e43-81b2-950478b48221,cb798bd8-2d5d-46bc-a99d-c822ea3cf39b,expansion,12,2024-12-01
a7be73f0-3ccf-46aa-b3a1-a7edd9b3e944,2026-02,3918.07,a1a94535-5824-41a4-8f17-7d71063c2708,86a4ded6-a15f-4dfd-a230-6f63ec3cb24e,expansion,24,2026-02-01
a7be73f0-3ccf-46aa-b3a1-a7edd9b3e944,2026-03,3918.07,a1a94535-5824-41a4-8f17-7d71063c2708,86a4ded6-a15f-4dfd-a230-6f63ec3cb24e,expansion,24,2026-03-01
a7be73f0-3ccf-46aa-b3a1-a7edd9b3e944,2026-04,3918.07,a1a94535-5824-41a4-8f17-7d71063c2708,86a4ded6-a15f-4dfd-a230-6f63ec3cb24e,expansion,24,2026-04-01
a7be73f0-3ccf-46aa-b3a1-a7edd9b3e944,2026-05,3918.07,a1a94535-5824-41a4-8f17-7d71063c2708,86a4ded6-a15f-4dfd-a230-6f63ec3cb24e,expansion,24,2026-05-01
a7be73f0-3ccf-46aa-b3a1-a7edd9b3e944,2026-06,3918.07,a1a94535-5824-41a4-8f17-7d71063c2708,86a4ded6-a15f-4dfd-a230-6f63ec3cb24e,expansion,24,2026-06-01
a7be73f0-3ccf-46aa-b3a1-a7edd9b3e944,2026-07,3918.07,a1a94535-5824-41a4-8f17-7d71063c2708,86a4ded6-a15f-4dfd-a230-6f63ec3cb24e,expansion,24,2026-07-01
a7be73f0-3ccf-46aa-b3a1-a7edd9b3e944,2026-08,3918.07,a1a94535-5824-41a4-8f17-7d71063c2708,86a4ded6-a15f-4dfd-a230-6f63ec3cb24e,expansion,24,2026-08-01
a7be73f0-3ccf-46aa-b3a1-a7edd9b3e944,2026-09,3918.07,a1a94535-5824-41a4-8f17-7d71063c2708,86a4ded6-a15f-4dfd-a230-6f63ec3cb24e,expansion,24,2026-09-01
a7be73f0-3ccf-46aa-b3a1-a7edd9b3e944,2025-11,5234.99,91ae2fc2-0f56-4f0f-ae42-6a0f05d0d688,96fe94b8-3a32-4e2f-9088-225a186bc7e5,expansion,12,2025-11-01
a7be73f0-3ccf-46aa-b3a1-a7edd9b3e944,2025-12,5234.99,91ae2fc2-0f56-4f0f-ae42-6a0f05d0d688,96fe94b8-3a32-4e2f-9088-225a186bc7e5,expansion,12,2025-12-01
a7be73f0-3ccf-46aa-b3a1-a7edd9b3e944,2026-01,5234.99,91ae2fc2-0f56-4f0f-ae42-6a0f05d0d688,96fe94b8-3a32-4e2f-9088-225a186bc7e5,expansion,12,2026-01-01
a7be73f0-3ccf-46aa-b3a1-a7edd9b3e944,2026-02,5234.99,91ae2fc2-0f56-4f0f-ae42-6a0f05d0d688,96fe94b8-3a32-4e2f-9088-225a186bc7e5,expansion,12,2026-02-01
a7be73f0-3ccf-46aa-b3a1-a7edd9b3e944,2026-03,5234.99,91ae2fc2-0f56-4f0f-ae42-6a0f05d0d688,96fe94b8-3a32-4e2f-9088-225a186bc7e5,expansion,12,2026-03-01
a7be73f0-3ccf-46aa-b3a1-a7edd9b3e944,2026-04,5234.99,91ae2fc2-0f56-4f0f-ae42-6a0f05d0d688,96fe94b8-3a32-4e2f-9088-225a186bc7e5,expansion,12,2026-04-01
a7be73f0-3ccf-46aa-b3a1-a7edd9b3e944,2026-05,5234.99,91ae2fc2-0f56-4f0f-ae42-6a0f05d0d688,96fe94b8-3a32-4e2f-9088-225a186bc7e5,expansion,12,2026-05-01
a7be73f0-3ccf-46aa-b3a1-a7edd9b3e944,2026-06,5234.99,91ae2fc2-0f56-4f0f-ae42-6a0f05d0d688,96fe94b8-3a32-4e2f-9088-225a186bc7e5,expansion,12,2026-06-01
a7be73f0-3ccf-46aa-b3a1-a7edd9b3e944,2026-07,5234.99,91ae2fc2-0f56-4f0f-ae42-6a0f05d0d688,96fe94b8-3a32-4e2f-9088-225a186bc7e5,expansion,12,2026-07-01
a7be73f0-3ccf-46aa-b3a1-a7edd9b3e944,2026-08,5234.99,91ae2fc2-0f56-4f0f-ae42-6a0f05d0d688,96fe94b8-3a32-4e2f-9088-225a186bc7e5,expansion,12,2026-08-01
a7be73f0-3ccf-46aa-b3a1-a7edd9b3e944,2026-09,5234.99,91ae2fc2-0f56-4f0f-ae42-6a0f05d0d688,96fe94b8-3a32-4e2f-9088-225a186bc7e5,expansion,12,2026-09-01
37c91720-936f-438f-91eb-d7375b79b897,2026-07,3308.24,27260fa6-cda0-482a-a064-57cf871ebafc,18a839f7-2e48-4c9b-8ffc-27e666cb042b,renewal,12,2026-07-01
37c91720-936f-438f-91eb-d7375b79b897,2026-08,3308.24,27260fa6-cda0-482a-a064-57cf871ebafc,18a839f7-2e48-4c9b-8ffc-27e666cb042b,renewal,12,2026-08-01
37c91720-936f-438f-91eb-d7375b79b897,2026-09,3308.24,27260fa6-cda0-482a-a064-57cf871ebafc,18a839f7-2e48-4c9b-8ffc-27e666cb042b,renewal,12,2026-09-01
37c91720-936f-438f-91eb-d7375b79b897,2024-12,4142.93,3af97d4d-d6a6-48cf-9345-c1cef532f1f3,da385c00-d5de-4159-a947-c25e225245b0,expansion,24,2024-12-01
37c91720-936f-438f-91eb-d7375b79b897,2025-01,4142.93,3af97d4d-d6a6-48cf-9345-c1cef532f1f3,da385c00-d5de-4159-a947-c25e225245b0,expansion,24,2025-01-01
37c91720-936f-438f-91eb-d7375b79b897,2025-02,4142.93,3af97d4d-d6a6-48cf-9345-c1cef532f1f3,da385c00-d5de-4159-a947-c25e225245b0,expansion,24,2025-02-01
37c91720-936f-438f-91eb-d7375b79b897,2025-03,4142.93,3af97d4d-d6a6-48cf-9345-c1cef532f1f3,da385c00-d5de-4159-a947-c25e225245b0,expansion,24,2025-03-01
37c91720-936f-438f-91eb-d7375b79b897,2025-04,4142.93,3af97d4d-d6a6-48cf-9345-c1cef532f1f3,da385c00-d5de-4159-a947-c25e225245b0,expansion,24,2025-04-01
37c91720-936f-438f-91eb-d7375b79b897,2025-05,4142.93,3af97d4d-d6a6-48cf-9345-c1cef532f1f3,da385c00-d5de-4159-a947-c25e225245b0,expansion,24,2025-05-01
37c91720-936f-438f-91eb-d7375b79b897,2025-06,4142.93,3af97d4d-d6a6-48cf-9345-c1cef532f1f3,da385c00-d5de-4159-a947-c25e225245b0,expansion,24,2025-06-01
37c91720-936f-438f-91eb-d7375b79b897,2025-07,4142.93,3af97d4d-d6a6-48cf-9345-c1cef532f1f3,da385c00-d5de-4159-a947-c25e225245b0,expansion,24,2025-07-01
37c91720-936f-438f-91eb-d7375b79b897,2025-08,4142.93,3af97d4d-d6a6-48cf-9345-c1cef532f1f3,da385c00-d5de-4159-a947-c25e225245b0,expansion,24,2025-08-01
37c91720-936f-438f-91eb-d7375b79b897,2025-09,4142.93,3af97d4d-d6a6-48cf-9345-c1cef532f1f3,da385c00-d5de-4159-a947-c25e225245b0,expansion,24,2025-09-01
37c91720-936f-438f-91eb-d7375b79b897,2025-10,4142.93,3af97d4d-d6a6-48cf-9345-c1cef532f1f3,da385c00-d5de-4159-a947-c25e225245b0,expansion,24,2025-10-01
37c91720-936f-438f-91eb-d7375b79b897,2025-11,4142.93,3af97d4d-d6a6-48cf-9345-c1cef532f1f3,da385c00-d5de-4159-a947-c25e225245b0,expansion,24,2025-11-01
37c91720-936f-438f-91eb-d7375b79b897,2025-12,4142.93,3af97d4d-d6a6-48cf-9345-c1cef532f1f3,da385c00-d5de-4159-a947-c25e225245b0,expansion,24,2025-12-01
37c91720-936f-438f-91eb-d7375b79b897,2026-01,4142.93,3af97d4d-d6a6-48cf-9345-c1cef532f1f3,da385c00-d5de-4159-a947-c25e225245b0,expansion,24,2026-01-01
37c91720-936f-438f-91eb-d7375b79b897,2026-02,4142.93,3af97d4d-d6a6-48cf-9345-c1cef532f1f3,da385c00-d5de-4159-a947-c25e225245b0,expansion,24,2026-02-01
37c91720-936f-438f-91eb-d7375b79b897,2026-03,4142.93,3af97d4d-d6a6-48cf-9345-c1cef532f1f3,da385c00-d5de-4159-a947-c25e225245b0,expansion,24,2026-03-01
37c91720-936f-438f-91eb-d7375b79b897,2026-04,4142.93,3af97d4d-d6a6-48cf-9345-c1cef532f1f3,da385c00-d5de-4159-a947-c25e225245b0,expansion,24,2026-04-01
37c91720-936f-438f-91eb-d7375b79b897,2026-05,4142.93,3af97d4d-d6a6-48cf-9345-c1cef532f1f3,da385c00-d5de-4159-a947-c25e225245b0,expansion,24,2026-05-01
37c91720-936f-438f-91eb-d7375b79b897,2026-06,4142.93,3af97d4d-d6a6-48cf-9345-c1cef532f1f3,da385c00-d5de-4159-a947-c25e225245b0,expansion,24,2026-06-01
37c91720-936f-438f-91eb-d7375b79b897,2026-07,4142.93,3af97d4d-d6a6-48cf-9345-c1cef532f1f3,da385c00-d5de-4159-a947-c25e225245b0,expansion,24,2026-07-01
37c91720-936f-438f-91eb-d7375b79b897,2026-08,4142.93,3af97d4d-d6a6-48cf-9345-c1cef532f1f3,da385c00-d5de-4159-a947-c25e225245b0,expansion,24,2026-08-01
37c91720-936f-438f-91eb-d7375b79b897,2026-09,4142.93,3af97d4d-d6a6-48cf-9345-c1cef532f1f3,da385c00-d5de-4159-a947-c25e225245b0,expansion,24,2026-09-01
9454ed17-4a77-4280-93f1-080b65699d5a,2026-04,7263.88,4ebc6370-616f-4a04-9bfc-ab235ebd4c7a,edcb1e59-2c53-4c62-b5ba-1f361631c906,expansion,36,2026-04-01
9454ed17-4a77-4280-93f1-080b65699d5a,2026-05,7263.88,4ebc6370-616f-4a04-9bfc-ab235ebd4c7a,edcb1e59-2c53-4c62-b5ba-1f361631c906,expansion,36,2026-05-01
9454ed17-4a77-4280-93f1-080b65699d5a,2026-06,7263.88,4ebc6370-616f-4a04-9bfc-ab235ebd4c7a,edcb1e59-2c53-4c62-b5ba-1f361631c906,expansion,36,2026-06-01
9454ed17-4a77-4280-93f1-080b65699d5a,2026-07,7263.88,4ebc6370-616f-4a04-9bfc-ab235ebd4c7a,edcb1e59-2c53-4c62-b5ba-1f361631c906,expansion,36,2026-07-01
9454ed17-4a77-4280-93f1-080b65699d5a,2026-08,7263.88,4ebc6370-616f-4a04-9bfc-ab235ebd4c7a,edcb1e59-2c53-4c62-b5ba-1f361631c906,expansion,36,2026-08-01
9454ed17-4a77-4280-93f1-080b65699d5a,2026-09,7263.88,4ebc6370-616f-4a04-9bfc-ab235ebd4c7a,edcb1e59-2c53-4c62-b5ba-1f361631c906,expansion,36,2026-09-01
a7be73f0-3ccf-46aa-b3a1-a7edd9b3e944,2025-06,4969.56,cd172079-7a21-4d91-b75f-e053282aabf5,36697146-5b15-42d6-aa26-ac5d757fb7be,expansion,24,2025-06-01
a7be73f0-3ccf-46aa-b3a1-a7edd9b3e944,2025-07,4969.56,cd172079-7a21-4d91-b75f-e053282aabf5,36697146-5b15-42d6-aa26-ac5d757fb7be,expansion,24,2025-07-01
a7be73f0-3ccf-46aa-b3a1-a7edd9b3e944,2025-08,4969.56,cd172079-7a21-4d91-b75f-e053282aabf5,36697146-5b15-42d6-aa26-ac5d757fb7be,expansion,24,2025-08-01
a7be73f0-3ccf-46aa-b3a1-a7edd9b3e944,2025-09,4969.56,cd172079-7a21-4d91-b75f-e053282aabf5,36697146-5b15-42d6-aa26-ac5d757fb7be,expansion,24,2025-09-01
a7be73f0-3ccf-46aa-b3a1-a7edd9b3e944,2025-10,4969.56,cd172079-7a21-4d91-b75f-e053282aabf5,36697146-5b15-42d6-aa26-ac5d757fb7be,expansion,24,2025-10-01
a7be73f0-3ccf-46aa-b3a1-a7edd9b3e944,2025-11,4969.56,cd172079-7a21-4d91-b75f-e053282aabf5,36697146-5b15-42d6-aa26-ac5d757fb7be,expansion,24,2025-11-01
a7be73f0-3ccf-46aa-b3a1-a7edd9b3e944,2025-12,4969.56,cd172079-7a21-4d91-b75f-e053282aabf5,36697146-5b15-42d6-aa26-ac5d757fb7be,expansion,24,2025-12-01
a7be73f0-3ccf-46aa-b3a1-a7edd9b3e944,2026-01,4969.56,cd172079-7a21-4d91-b75f-e053282aabf5,36697146-5b15-42d6-aa26-ac5d757fb7be,expansion,24,2026-01-01
a7be73f0-3ccf-46aa-b3a1-a7edd9b3e944,2026-02,4969.56,cd172079-7a21-4d91-b75f-e053282aabf5,36697146-5b15-42d6-aa26-ac5d757fb7be,expansion,24,2026-02-01
a7be73f0-3ccf-46aa-b3a1-a7edd9b3e944,2026-03,4969.56,cd172079-7a21-4d91-b75f-e053282aabf5,36697146-5b15-42d6-aa26-ac5d757fb7be,expansion,24,2026-03-01
a7be73f0-3ccf-46aa-b3a1-a7edd9b3e944,2026-04,4969.56,cd172079-7a21-4d91-b75f-e053282aabf5,36697146-5b15-42d6-aa26-ac5d757fb7be,expansion,24,2026-04-01
a7be73f0-3ccf-46aa-b3a1-a7edd9b3e944,2026-05,4969.56,cd172079-7a21-4d91-b75f-e053282aabf5,36697146-5b15-42d6-aa26-ac5d757fb7be,expansion,24,2026-05-01
a7be73f0-3ccf-46aa-b3a1-a7edd9b3e944,2026-06,4969.56,cd172079-7a21-4d91-b75f-e053282aabf5,36697146-5b15-42d6-aa26-ac5d757fb7be,expansion,24,2026-06-01
a7be73f0-3ccf-46aa-b3a1-a7edd9b3e944,2026-07,4969.56,cd172079-7a21-4d91-b75f-e053282aabf5,36697146-5b15-42d6-aa26-ac5d757fb7be,expansion,24,2026-07-01
a7be73f0-3ccf-46aa-b3a1-a7edd9b3e944,2026-08,4969.56,cd172079-7a21-4d91-b75f-e053282aabf5,36697146-5b15-42d6-aa26-ac5d757fb7be,expansion,24,2026-08-01
a7be73f0-3ccf-46aa-b3a1-a7edd9b3e944,2026-09,4969.56,cd172079-7a21-4d91-b75f-e053282aabf5,36697146-5b15-42d6-aa26-ac5d757fb7be,expansion,24,2026-09-01
37c91720-936f-438f-91eb-d7375b79b897,2024-02,6186.44,707abf81-be35-4a22-81cb-a7ebde06331f,38d2488f-fda3-4962-b7b8-d16f96823852,renewal,24,2024-02-01
37c91720-936f-438f-91eb-d7375b79b897,2024-03,6186.44,707abf81-be35-4a22-81cb-a7ebde06331f,38d2488f-fda3-4962-b7b8-d16f96823852,renewal,24,2024-03-01
37c91720-936f-438f-91eb-d7375b79b897,2024-04,6186.44,707abf81-be35-4a22-81cb-a7ebde06331f,38d2488f-fda3-4962-b7b8-d16f96823852,renewal,24,2024-04-01
37c91720-936f-438f-91eb-d7375b79b897,2024-05,6186.44,707abf81-be35-4a22-81cb-a7ebde06331f,38d2488f-fda3-4962-b7b8-d16f96823852,renewal,24,2024-05-01
37c91720-936f-438f-91eb-d7375b79b897,2024-06,6186.44,707abf81-be35-4a22-81cb-a7ebde06331f,38d2488f-fda3-4962-b7b8-d16f96823852,renewal,24,2024-06-01
37c91720-936f-438f-91eb-d7375b79b897,2024-07,6186.44,707abf81-be35-4a22-81cb-a7ebde06331f,38d2488f-fda3-4962-b7b8-d16f96823852,renewal,24,2024-07-01
37c91720-936f-438f-91eb-d7375b79b897,2024-08,6186.44,707abf81-be35-4a22-81cb-a7ebde06331f,38d2488f-fda3-4962-b7b8-d16f96823852,renewal,24,2024-08-01
37c91720-936f-438f-91eb-d7375b79b897,2024-09,6186.44,707abf81-be35-4a22-81cb-a7ebde06331f,38d2488f-fda3-4962-b7b8-d16f96823852,renewal,24,2024-09-01
37c91720-936f-438f-91eb-d7375b79b897,2024-10,6186.44,707abf81-be35-4a22-81cb-a7ebde06331f,38d2488f-fda3-4962-b7b8-d16f96823852,renewal,24,2024-10-01
37c91720-936f-438f-91eb-d7375b79b897,2024-11,6186.44,707abf81-be35-4a22-81cb-a7ebde06331f,38d2488f-fda3-4962-b7b8-d16f96823852,renewal,24,2024-11-01
37c91720-936f-438f-91eb-d7375b79b897,2024-12,6186.44,707abf81-be35-4a22-81cb-a7ebde06331f,38d2488f-fda3-4962-b7b8-d16f96823852,renewal,24,2024-12-01
37c91720-936f-438f-91eb-d7375b79b897,2025-01,6186.44,707abf81-be35-4a22-81cb-a7ebde06331f,38d2488f-fda3-4962-b7b8-d16f96823852,renewal,24,2025-01-01
37c91720-936f-438f-91eb-d7375b79b897,2025-02,6186.44,707abf81-be35-4a22-81cb-a7ebde06331f,38d2488f-fda3-4962-b7b8-d16f96823852,renewal,24,2025-02-01
37c91720-936f-438f-91eb-d7375b79b897,2025-03,6186.44,707abf81-be35-4a22-81cb-a7ebde06331f,38d2488f-fda3-4962-b7b8-d16f96823852,renewal,24,2025-03-01
37c91720-936f-438f-91eb-d7375b79b897,2025-04,6186.44,707abf81-be35-4a22-81cb-a7ebde06331f,38d2488f-fda3-4962-b7b8-d16f96823852,renewal,24,2025-04-01
37c91720-936f-438f-91eb-d7375b79b897,2025-05,6186.44,707abf81-be35-4a22-81cb-a7ebde06331f,38d2488f-fda3-4962-b7b8-d16f96823852,renewal,24,2025-05-01
37c91720-936f-438f-91eb-d7375b79b897,2025-06,6186.44,707abf81-be35-4a22-81cb-a7ebde06331f,38d2488f-fda3-4962-b7b8-d16f96823852,renewal,24,2025-06-01
37c91720-936f-438f-91eb-d7375b79b897,2025-07,6186.44,707abf81-be35-4a22-81cb-a7ebde06331f,38d2488f-fda3-4962-b7b8-d16f96823852,renewal,24,2025-07-01
37c91720-936f-438f-91eb-d7375b79b897,2025-08,6186.44,707abf81-be35-4a22-81cb-a7ebde06331f,38d2488f-fda3-4962-b7b8-d16f96823852,renewal,24,2025-08-01
37c91720-936f-438f-91eb-d7375b79b897,2025-09,6186.44,707abf81-be35-4a22-81cb-a7ebde06331f,38d2488f-fda3-4962-b7b8-d16f96823852,renewal,24,2025-09-01
37c91720-936f-438f-91eb-d7375b79b897,2025-10,6186.44,707abf81-be35-4a22-81cb-a7ebde06331f,38d2488f-fda3-4962-b7b8-d16f96823852,renewal,24,2025-10-01
37c91720-936f-438f-91eb-d7375b79b897,2025-11,6186.44,707abf81-be35-4a22-81cb-a7ebde06331f,38d2488f-fda3-4962-b7b8-d16f96823852,renewal,24,2025-11-01
37c91720-936f-438f-91eb-d7375b79b897,2025-12,6186.44,707abf81-be35-4a22-81cb-a7ebde06331f,38d2488f-fda3-4962-b7b8-d16f96823852,renewal,24,2025-12-01
37c91720-936f-438f-91eb-d7375b79b897,2026-01,6186.44,707abf81-be35-4a22-81cb-a7ebde06331f,38d2488f-fda3-4962-b7b8-d16f96823852,renewal,24,2026-01-01
8caaa8ca-69fa-4924-906d-642d1b98e019,2026-01,6872.27,ed2a7e47-fa73-4b74-8994-3d504863447a,02885724-ecef-4d2c-ab4d-48530e4f01f6,renewal,24,2026-01-01
8caaa8ca-69fa-4924-906d-642d1b98e019,2026-02,6872.27,ed2a7e47-fa73-4b74-8994-3d504863447a,02885724-ecef-4d2c-ab4d-48530e4f01f6,renewal,24,2026-02-01
8caaa8ca-69fa-4924-906d-642d1b98e019,2026-03,6872.27,ed2a7e47-fa73-4b74-8994-3d504863447a,02885724-ecef-4d2c-ab4d-48530e4f01f6,renewal,24,2026-03-01
8caaa8ca-69fa-4924-906d-642d1b98e019,2026-04,6872.27,ed2a7e47-fa73-4b74-8994-3d504863447a,02885724-ecef-4d2c-ab4d-48530e4f01f6,renewal,24,2026-04-01
8caaa8ca-69fa-4924-906d-642d1b98e019,2026-05,6872.27,ed2a7e47-fa73-4b74-8994-3d504863447a,02885724-ecef-4d2c-ab4d-48530e4f01f6,renewal,24,2026-05-01
8caaa8ca-69fa-4924-906d-642d1b98e019,2026-06,6872.27,ed2a7e47-fa73-4b74-8994-3d504863447a,02885724-ecef-4d2c-ab4d-48530e4f01f6,renewal,24,2026-06-01
8caaa8ca-69fa-4924-906d-642d1b98e019,2026-07,6872.27,ed2a7e47-fa73-4b74-8994-3d504863447a,02885724-ecef-4d2c-ab4d-48530e4f01f6,renewal,24,2026-07-01
8caaa8ca-69fa-4924-906d-642d1b98e019,2026-08,6872.27,ed2a7e47-fa73-4b74-8994-3d504863447a,02885724-ecef-4d2c-ab4d-48530e4f01f6,renewal,24,2026-08-01
8caaa8ca-69fa-4924-906d-642d1b98e019,2026-09,6872.27,ed2a7e47-fa73-4b74-8994-3d504863447a,02885724-ecef-4d2c-ab4d-48530e4f01f6,renewal,24,2026-09-01
6e73bb15-6226-4fe0-ba64-22e193e22b81,2026-07,8131.83,98d944ed-e5bd-4ade-a0a9-ec09b62ea863,2b9c7868-6f37-4e62-8459-d38796b2bc79,new_logo,36,2026-07-01
6e73bb15-6226-4fe0-ba64-22e193e22b81,2026-08,8131.83,98d944ed-e5bd-4ade-a0a9-ec09b62ea863,2b9c7868-6f37-4e62-8459-d38796b2bc79,new_logo,36,2026-08-01
6e73bb15-6226-4fe0-ba64-22e193e22b81,2026-09,8131.83,98d944ed-e5bd-4ade-a0a9-ec09b62ea863,2b9c7868-6f37-4e62-8459-d38796b2bc79,new_logo,36,2026-09-01
a7be73f0-3ccf-46aa-b3a1-a7edd9b3e944,2023-11,7412.48,68692788-93ee-462f-a68c-e9ab710f0d24,be3135f6-c43a-4918-aae3-a9da31e2bf32,expansion,36,2023-11-01
a7be73f0-3ccf-46aa-b3a1-a7edd9b3e944,2023-12,7412.48,68692788-93ee-462f-a68c-e9ab710f0d24,be3135f6-c43a-4918-aae3-a9da31e2bf32,expansion,36,2023-12-01
a7be73f0-3ccf-46aa-b3a1-a7edd9b3e944,2024-01,7412.48,68692788-93ee-462f-a68c-e9ab710f0d24,be3135f6-c43a-4918-aae3-a9da31e2bf32,expansion,36,2024-01-01
a7be73f0-3ccf-46aa-b3a1-a7edd9b3e944,2024-02,7412.48,68692788-93ee-462f-a68c-e9ab710f0d24,be3135f6-c43a-4918-aae3-a9da31e2bf32,expansion,36,2024-02-01
a7be73f0-3ccf-46aa-b3a1-a7edd9b3e944,2024-03,7412.48,68692788-93ee-462f-a68c-e9ab710f0d24,be3135f6-c43a-4918-aae3-a9da31e2bf32,expansion,36,2024-03-01
a7be73f0-3ccf-46aa-b3a1-a7edd9b3e944,2024-04,7412.48,68692788-93ee-462f-a68c-e9ab710f0d24,be3135f6-c43a-4918-aae3-a9da31e2bf32,expansion,36,2024-04-01
a7be73f0-3ccf-46aa-b3a1-a7edd9b3e944,2024-05,7412.48,68692788-93ee-462f-a68c-e9ab710f0d24,be3135f6-c43a-4918-aae3-a9da31e2bf32,expansion,36,2024-05-01
a7be73f0-3ccf-46aa-b3a1-a7edd9b3e944,2024-06,7412.48,68692788-93ee-462f-a68c-e9ab710f0d24,be3135f6-c43a-4918-aae3-a9da31e2bf32,expansion,36,2024-06-01
a7be73f0-3ccf-46aa-b3a1-a7edd9b3e944,2024-07,7412.48,68692788-93ee-462f-a68c-e9ab710f0d24,be3135f6-c43a-4918-aae3-a9da31e2bf32,expansion,36,2024-07-01
a7be73f0-3ccf-46aa-b3a1-a7edd9b3e944,2024-08,7412.48,68692788-93ee-462f-a68c-e9ab710f0d24,be3135f6-c43a-4918-aae3-a9da31e2bf32,expansion,36,2024-08-01
a7be73f0-3ccf-46aa-b3a1-a7edd9b3e944,2024-09,7412.48,68692788-93ee-462f-a68c-e9ab710f0d24,be3135f6-c43a-4918-aae3-a9da31e2bf32,expansion,36,2024-09-01
a7be73f0-3ccf-46aa-b3a1-a7edd9b3e944,2024-10,7412.48,68692788-93ee-462f-a68c-e9ab710f0d24,be3135f6-c43a-4918-aae3-a9da31e2bf32,expansion,36,2024-10-01
a7be73f0-3ccf-46aa-b3a1-a7edd9b3e944,2024-11,7412.48,68692788-93ee-462f-a68c-e9ab710f0d24,be3135f6-c43a-4918-aae3-a9da31e2bf32,expansion,36,2024-11-01
a7be73f0-3ccf-46aa-b3a1-a7edd9b3e944,2024-12,7412.48,68692788-93ee-462f-a68c-e9ab710f0d24,be3135f6-c43a-4918-aae3-a9da31e2bf32,expansion,36,2024-12-01
a7be73f0-3ccf-46aa-b3a1-a7edd9b3e944,2025-01,7412.48,68692788-93ee-462f-a68c-e9ab710f0d24,be3135f6-c43a-4918-aae3-a9da31e2bf32,expansion,36,2025-01-01
a7be73f0-3ccf-46aa-b3a1-a7edd9b3e944,2025-02,7412.48,68692788-93ee-462f-a68c-e9ab710f0d24,be3135f6-c43a-4918-aae3-a9da31e2bf32,expansion,36,2025-02-01
a7be73f0-3ccf-46aa-b3a1-a7edd9b3e944,2025-03,7412.48,68692788-93ee-462f-a68c-e9ab710f0d24,be3135f6-c43a-4918-aae3-a9da31e2bf32,expansion,36,2025-03-01
a7be73f0-3ccf-46aa-b3a1-a7edd9b3e944,2025-04,7412.48,68692788-93ee-462f-a68c-e9ab710f0d24,be3135f6-c43a-4918-aae3-a9da31e2bf32,expansion,36,2025-04-01
a7be73f0-3ccf-46aa-b3a1-a7edd9b3e944,2025-05,7412.48,68692788-93ee-462f-a68c-e9ab710f0d24,be3135f6-c43a-4918-aae3-a9da31e2bf32,expansion,36,2025-05-01
a7be73f0-3ccf-46aa-b3a1-a7edd9b3e944,2025-06,7412.48,68692788-93ee-462f-a68c-e9ab710f0d24,be3135f6-c43a-4918-aae3-a9da31e2bf32,expansion,36,2025-06-01
a7be73f0-3ccf-46aa-b3a1-a7edd9b3e944,2025-07,7412.48,68692788-93ee-462f-a68c-e9ab710f0d24,be3135f6-c43a-4918-aae3-a9da31e2bf32,expansion,36,2025-07-01
a7be73f0-3ccf-46aa-b3a1-a7edd9b3e944,2025-08,7412.48,68692788-93ee-462f-a68c-e9ab710f0d24,be3135f6-c43a-4918-aae3-a9da31e2bf32,expansion,36,2025-08-01
a7be73f0-3ccf-46aa-b3a1-a7edd9b3e944,2025-09,7412.48,68692788-93ee-462f-a68c-e9ab710f0d24,be3135f6-c43a-4918-aae3-a9da31e2bf32,expansion,36,2025-09-01
a7be73f0-3ccf-46aa-b3a1-a7edd9b3e944,2025-10,7412.48,68692788-93ee-462f-a68c-e9ab710f0d24,be3135f6-c43a-4918-aae3-a9da31e2bf32,expansion,36,2025-10-01
a7be73f0-3ccf-46aa-b3a1-a7edd9b3e944,2025-11,7412.48,68692788-93ee-462f-a68c-e9ab710f0d24,be3135f6-c43a-4918-aae3-a9da31e2bf32,expansion,36,2025-11-01
a7be73f0-3ccf-46aa-b3a1-a7edd9b3e944,2025-12,7412.48,68692788-93ee-462f-a68c-e9ab710f0d24,be3135f6-c43a-4918-aae3-a9da31e2bf32,expansion,36,2025-12-01
a7be73f0-3ccf-46aa-b3a1-a7edd9b3e944,2026-01,7412.48,68692788-93ee-462f-a68c-e9ab710f0d24,be3135f6-c43a-4918-aae3-a9da31e2bf32,expansion,36,2026-01-01
a7be73f0-3ccf-46aa-b3a1-a7edd9b3e944,2026-02,7412.48,68692788-93ee-462f-a68c-e9ab710f0d24,be3135f6-c43a-4918-aae3-a9da31e2bf32,expansion,36,2026-02-01
a7be73f0-3ccf-46aa-b3a1-a7edd9b3e944,2026-03,7412.48,68692788-93ee-462f-a68c-e9ab710f0d24,be3135f6-c43a-4918-aae3-a9da31e2bf32,expansion,36,2026-03-01
a7be73f0-3ccf-46aa-b3a1-a7edd9b3e944,2026-04,7412.48,68692788-93ee-462f-a68c-e9ab710f0d24,be3135f6-c43a-4918-aae3-a9da31e2bf32,expansion,36,2026-04-01
a7be73f0-3ccf-46aa-b3a1-a7edd9b3e944,2026-05,7412.48,68692788-93ee-462f-a68c-e9ab710f0d24,be3135f6-c43a-4918-aae3-a9da31e2bf32,expansion,36,2026-05-01
a7be73f0-3ccf-46aa-b3a1-a7edd9b3e944,2026-06,7412.48,68692788-93ee-462f-a68c-e9ab710f0d24,be3135f6-c43a-4918-aae3-a9da31e2bf32,expansion,36,2026-06-01
a7be73f0-3ccf-46aa-b3a1-a7edd9b3e944,2026-07,7412.48,68692788-93ee-462f-a68c-e9ab710f0d24,be3135f6-c43a-4918-aae3-a9da31e2bf32,expansion,36,2026-07-01
a7be73f0-3ccf-46aa-b3a1-a7edd9b3e944,2026-08,7412.48,68692788-93ee-462f-a68c-e9ab710f0d24,be3135f6-c43a-4918-aae3-a9da31e2bf32,expansion,36,2026-08-01
a7be73f0-3ccf-46aa-b3a1-a7edd9b3e944,2026-09,7412.48,68692788-93ee-462f-a68c-e9ab710f0d24,be3135f6-c43a-4918-aae3-a9da31e2bf32,expansion,36,2026-09-01
6e73bb15-6226-4fe0-ba64-22e193e22b81,2024-04,6821.6,cd95be2c-8579-45bf-a8bb-25e1302f94f3,57680133-10b6-4c41-8862-47f584786f84,new_logo,36,2024-04-01
6e73bb15-6226-4fe0-ba64-22e193e22b81,2024-05,6821.6,cd95be2c-8579-45bf-a8bb-25e1302f94f3,57680133-10b6-4c41-8862-47f584786f84,new_logo,36,2024-05-01
6e73bb15-6226-4fe0-ba64-22e193e22b81,2024-06,6821.6,cd95be2c-8579-45bf-a8bb-25e1302f94f3,57680133-10b6-4c41-8862-47f584786f84,new_logo,36,2024-06-01
6e73bb15-6226-4fe0-ba64-22e193e22b81,2024-07,6821.6,cd95be2c-8579-45bf-a8bb-25e1302f94f3,57680133-10b6-4c41-8862-47f584786f84,new_logo,36,2024-07-01
6e73bb15-6226-4fe0-ba64-22e193e22b81,2024-08,6821.6,cd95be2c-8579-45bf-a8bb-25e1302f94f3,57680133-10b6-4c41-8862-47f584786f84,new_logo,36,2024-08-01
6e73bb15-6226-4fe0-ba64-22e193e22b81,2024-09,6821.6,cd95be2c-8579-45bf-a8bb-25e1302f94f3,57680133-10b6-4c41-8862-47f584786f84,new_logo,36,2024-09-01
6e73bb15-6226-4fe0-ba64-22e193e22b81,2024-10,6821.6,cd95be2c-8579-45bf-a8bb-25e1302f94f3,57680133-10b6-4c41-8862-47f584786f84,new_logo,36,2024-10-01
6e73bb15-6226-4fe0-ba64-22e193e22b81,2024-11,6821.6,cd95be2c-8579-45bf-a8bb-25e1302f94f3,57680133-10b6-4c41-8862-47f584786f84,new_logo,36,2024-11-01
6e73bb15-6226-4fe0-ba64-22e193e22b81,2024-12,6821.6,cd95be2c-8579-45bf-a8bb-25e1302f94f3,57680133-10b6-4c41-8862-47f584786f84,new_logo,36,2024-12-01
6e73bb15-6226-4fe0-ba64-22e193e22b81,2025-01,6821.6,cd95be2c-8579-45bf-a8bb-25e1302f94f3,57680133-10b6-4c41-8862-47f584786f84,new_logo,36,2025-01-01
6e73bb15-6226-4fe0-ba64-22e193e22b81,2025-02,6821.6,cd95be2c-8579-45bf-a8bb-25e1302f94f3,57680133-10b6-4c41-8862-47f584786f84,new_logo,36,2025-02-01
6e73bb15-6226-4fe0-ba64-22e193e22b81,2025-03,6821.6,cd95be2c-8579-45bf-a8bb-25e1302f94f3,57680133-10b6-4c41-8862-47f584786f84,new_logo,36,2025-03-01
6e73bb15-6226-4fe0-ba64-22e193e22b81,2025-04,6821.6,cd95be2c-8579-45bf-a8bb-25e1302f94f3,57680133-10b6-4c41-8862-47f584786f84,new_logo,36,2025-04-01
6e73bb15-6226-4fe0-ba64-22e193e22b81,2025-05,6821.6,cd95be2c-8579-45bf-a8bb-25e1302f94f3,57680133-10b6-4c41-8862-47f584786f84,new_logo,36,2025-05-01
6e73bb15-6226-4fe0-ba64-22e193e22b81,2025-06,6821.6,cd95be2c-8579-45bf-a8bb-25e1302f94f3,57680133-10b6-4c41-8862-47f584786f84,new_logo,36,2025-06-01
6e73bb15-6226-4fe0-ba64-22e193e22b81,2025-07,6821.6,cd95be2c-8579-45bf-a8bb-25e1302f94f3,57680133-10b6-4c41-8862-47f584786f84,new_logo,36,2025-07-01
6e73bb15-6226-4fe0-ba64-22e193e22b81,2025-08,6821.6,cd95be2c-8579-45bf-a8bb-25e1302f94f3,57680133-10b6-4c41-8862-47f584786f84,new_logo,36,2025-08-01
6e73bb15-6226-4fe0-ba64-22e193e22b81,2025-09,6821.6,cd95be2c-8579-45bf-a8bb-25e1302f94f3,57680133-10b6-4c41-8862-47f584786f84,new_logo,36,2025-09-01
6e73bb15-6226-4fe0-ba64-22e193e22b81,2025-10,6821.6,cd95be2c-8579-45bf-a8bb-25e1302f94f3,57680133-10b6-4c41-8862-47f584786f84,new_logo,36,2025-10-01
6e73bb15-6226-4fe0-ba64-22e193e22b81,2025-11,6821.6,cd95be2c-8579-45bf-a8bb-25e1302f94f3,57680133-10b6-4c41-8862-47f584786f84,new_logo,36,2025-11-01
6e73bb15-6226-4fe0-ba64-22e193e22b81,2025-12,6821.6,cd95be2c-8579-45bf-a8bb-25e1302f94f3,57680133-10b6-4c41-8862-47f584786f84,new_logo,36,2025-12-01
6e73bb15-6226-4fe0-ba64-22e193e22b81,2026-01,6821.6,cd95be2c-8579-45bf-a8bb-25e1302f94f3,57680133-10b6-4c41-8862-47f584786f84,new_logo,36,2026-01-01
6e73bb15-6226-4fe0-ba64-22e193e22b81,2026-02,6821.6,cd95be2c-8579-45bf-a8bb-25e1302f94f3,57680133-10b6-4c41-8862-47f584786f84,new_logo,36,2026-02-01
6e73bb15-6226-4fe0-ba64-22e193e22b81,2026-03,6821.6,cd95be2c-8579-45bf-a8bb-25e1302f94f3,57680133-10b6-4c41-8862-47f584786f84,new_logo,36,2026-03-01
6e73bb15-6226-4fe0-ba64-22e193e22b81,2026-04,6821.6,cd95be2c-8579-45bf-a8bb-25e1302f94f3,57680133-10b6-4c41-8862-47f584786f84,new_logo,36,2026-04-01
6e73bb15-6226-4fe0-ba64-22e193e22b81,2026-05,6821.6,cd95be2c-8579-45bf-a8bb-25e1302f94f3,57680133-10b6-4c41-8862-47f584786f84,new_logo,36,2026-05-01
6e73bb15-6226-4fe0-ba64-22e193e22b81,2026-06,6821.6,cd95be2c-8579-45bf-a8bb-25e1302f94f3,57680133-10b6-4c41-8862-47f584786f84,new_logo,36,2026-06-01
6e73bb15-6226-4fe0-ba64-22e193e22b81,2026-07,6821.6,cd95be2c-8579-45bf-a8bb-25e1302f94f3,57680133-10b6-4c41-8862-47f584786f84,new_logo,36,2026-07-01
6e73bb15-6226-4fe0-ba64-22e193e22b81,2026-08,6821.6,cd95be2c-8579-45bf-a8bb-25e1302f94f3,57680133-10b6-4c41-8862-47f584786f84,new_logo,36,2026-08-01
6e73bb15-6226-4fe0-ba64-22e193e22b81,2026-09,6821.6,cd95be2c-8579-45bf-a8bb-25e1302f94f3,57680133-10b6-4c41-8862-47f584786f84,new_logo,36,2026-09-01
3e7e796c-a084-440e-97d5-135b721f3e2f,2025-07,5956.02,cd95be2c-8579-45bf-a8bb-25e1302f94f3,06e0d2ee-a2e6-42a8-8513-3ea2ff7cead6,new_logo,24,2025-07-01
3e7e796c-a084-440e-97d5-135b721f3e2f,2025-08,5956.02,cd95be2c-8579-45bf-a8bb-25e1302f94f3,06e0d2ee-a2e6-42a8-8513-3ea2ff7cead6,new_logo,24,2025-08-01
3e7e796c-a084-440e-97d5-135b721f3e2f,2025-09,5956.02,cd95be2c-8579-45bf-a8bb-25e1302f94f3,06e0d2ee-a2e6-42a8-8513-3ea2ff7cead6,new_logo,24,2025-09-01
3e7e796c-a084-440e-97d5-135b721f3e2f,2025-10,5956.02,cd95be2c-8579-45bf-a8bb-25e1302f94f3,06e0d2ee-a2e6-42a8-8513-3ea2ff7cead6,new_logo,24,2025-10-01
3e7e796c-a084-440e-97d5-135b721f3e2f,2025-11,5956.02,cd95be2c-8579-45bf-a8bb-25e1302f94f3,06e0d2ee-a2e6-42a8-8513-3ea2ff7cead6,new_logo,24,2025-11-01
3e7e796c-a084-440e-97d5-135b721f3e2f,2025-12,5956.02,cd95be2c-8579-45bf-a8bb-25e1302f94f3,06e0d2ee-a2e6-42a8-8513-3ea2ff7cead6,new_logo,24,2025-12-01
3e7e796c-a084-440e-97d5-135b721f3e2f,2026-01,5956.02,cd95be2c-8579-45bf-a8bb-25e1302f94f3,06e0d2ee-a2e6-42a8-8513-3ea2ff7cead6,new_logo,24,2026-01-01
3e7e796c-a084-440e-97d5-135b721f3e2f,2026-02,5956.02,cd95be2c-8579-45bf-a8bb-25e1302f94f3,06e0d2ee-a2e6-42a8-8513-3ea2ff7cead6,new_logo,24,2026-02-01
3e7e796c-a084-440e-97d5-135b721f3e2f,2026-03,5956.02,cd95be2c-8579-45bf-a8bb-25e1302f94f3,06e0d2ee-a2e6-42a8-8513-3ea2ff7cead6,new_logo,24,2026-03-01
3e7e796c-a084-440e-97d5-135b721f3e2f,2026-04,5956.02,cd95be2c-8579-45bf-a8bb-25e1302f94f3,06e0d2ee-a2e6-42a8-8513-3ea2ff7cead6,new_logo,24,2026-04-01
3e7e796c-a084-440e-97d5-135b721f3e2f,2026-05,5956.02,cd95be2c-8579-45bf-a8bb-25e1302f94f3,06e0d2ee-a2e6-42a8-8513-3ea2ff7cead6,new_logo,24,2026-05-01
3e7e796c-a084-440e-97d5-135b721f3e2f,2026-06,5956.02,cd95be2c-8579-45bf-a8bb-25e1302f94f3,06e0d2ee-a2e6-42a8-8513-3ea2ff7cead6,new_logo,24,2026-06-01
3e7e796c-a084-440e-97d5-135b721f3e2f,2026-07,5956.02,cd95be2c-8579-45bf-a8bb-25e1302f94f3,06e0d2ee-a2e6-42a8-8513-3ea2ff7cead6,new_logo,24,2026-07-01
3e7e796c-a084-440e-97d5-135b721f3e2f,2026-08,5956.02,cd95be2c-8579-45bf-a8bb-25e1302f94f3,06e0d2ee-a2e6-42a8-8513-3ea2ff7cead6,new_logo,24,2026-08-01
3e7e796c-a084-440e-97d5-135b721f3e2f,2026-09,5956.02,cd95be2c-8579-45bf-a8bb-25e1302f94f3,06e0d2ee-a2e6-42a8-8513-3ea2ff7cead6,new_logo,24,2026-09-01
a7be73f0-3ccf-46aa-b3a1-a7edd9b3e944,2025-02,6597.02,56200b11-c589-468c-9185-7792fced4d1a,0944298b-643c-402e-b0a0-b6d8fd58b72e,renewal,24,2025-02-01
a7be73f0-3ccf-46aa-b3a1-a7edd9b3e944,2025-03,6597.02,56200b11-c589-468c-9185-7792fced4d1a,0944298b-643c-402e-b0a0-b6d8fd58b72e,renewal,24,2025-03-01
a7be73f0-3ccf-46aa-b3a1-a7edd9b3e944,2025-04,6597.02,56200b11-c589-468c-9185-7792fced4d1a,0944298b-643c-402e-b0a0-b6d8fd58b72e,renewal,24,2025-04-01
a7be73f0-3ccf-46aa-b3a1-a7edd9b3e944,2025-05,6597.02,56200b11-c589-468c-9185-7792fced4d1a,0944298b-643c-402e-b0a0-b6d8fd58b72e,renewal,24,2025-05-01
a7be73f0-3ccf-46aa-b3a1-a7edd9b3e944,2025-06,6597.02,56200b11-c589-468c-9185-7792fced4d1a,0944298b-643c-402e-b0a0-b6d8fd58b72e,renewal,24,2025-06-01
a7be73f0-3ccf-46aa-b3a1-a7edd9b3e944,2025-07,6597.02,56200b11-c589-468c-9185-7792fced4d1a,0944298b-643c-402e-b0a0-b6d8fd58b72e,renewal,24,2025-07-01
a7be73f0-3ccf-46aa-b3a1-a7edd9b3e944,2025-08,6597.02,56200b11-c589-468c-9185-7792fced4d1a,0944298b-643c-402e-b0a0-b6d8fd58b72e,renewal,24,2025-08-01
a7be73f0-3ccf-46aa-b3a1-a7edd9b3e944,2025-09,6597.02,56200b11-c589-468c-9185-7792fced4d1a,0944298b-643c-402e-b0a0-b6d8fd58b72e,renewal,24,2025-09-01
a7be73f0-3ccf-46aa-b3a1-a7edd9b3e944,2025-10,6597.02,56200b11-c589-468c-9185-7792fced4d1a,0944298b-643c-402e-b0a0-b6d8fd58b72e,renewal,24,2025-10-01
a7be73f0-3ccf-46aa-b3a1-a7edd9b3e944,2025-11,6597.02,56200b11-c589-468c-9185-7792fced4d1a,0944298b-643c-402e-b0a0-b6d8fd58b72e,renewal,24,2025-11-01
a7be73f0-3ccf-46aa-b3a1-a7edd9b3e944,2025-12,6597.02,56200b11-c589-468c-9185-7792fced4d1a,0944298b-643c-402e-b0a0-b6d8fd58b72e,renewal,24,2025-12-01
a7be73f0-3ccf-46aa-b3a1-a7edd9b3e944,2026-01,6597.02,56200b11-c589-468c-9185-7792fced4d1a,0944298b-643c-402e-b0a0-b6d8fd58b72e,renewal,24,2026-01-01
a7be73f0-3ccf-46aa-b3a1-a7edd9b3e944,2026-02,6597.02,56200b11-c589-468c-9185-7792fced4d1a,0944298b-643c-402e-b0a0-b6d8fd58b72e,renewal,24,2026-02-01
a7be73f0-3ccf-46aa-b3a1-a7edd9b3e944,2026-03,6597.02,56200b11-c589-468c-9185-7792fced4d1a,0944298b-643c-402e-b0a0-b6d8fd58b72e,renewal,24,2026-03-01
a7be73f0-3ccf-46aa-b3a1-a7edd9b3e944,2026-04,6597.02,56200b11-c589-468c-9185-7792fced4d1a,0944298b-643c-402e-b0a0-b6d8fd58b72e,renewal,24,2026-04-01
a7be73f0-3ccf-46aa-b3a1-a7edd9b3e944,2026-05,6597.02,56200b11-c589-468c-9185-7792fced4d1a,0944298b-643c-402e-b0a0-b6d8fd58b72e,renewal,24,2026-05-01
a7be73f0-3ccf-46aa-b3a1-a7edd9b3e944,2026-06,6597.02,56200b11-c589-468c-9185-7792fced4d1a,0944298b-643c-402e-b0a0-b6d8fd58b72e,renewal,24,2026-06-01
a7be73f0-3ccf-46aa-b3a1-a7edd9b3e944,2026-07,6597.02,56200b11-c589-468c-9185-7792fced4d1a,0944298b-643c-402e-b0a0-b6d8fd58b72e,renewal,24,2026-07-01
a7be73f0-3ccf-46aa-b3a1-a7edd9b3e944,2026-08,6597.02,56200b11-c589-468c-9185-7792fced4d1a,0944298b-643c-402e-b0a0-b6d8fd58b72e,renewal,24,2026-08-01
a7be73f0-3ccf-46aa-b3a1-a7edd9b3e944,2026-09,6597.02,56200b11-c589-468c-9185-7792fced4d1a,0944298b-643c-402e-b0a0-b6d8fd58b72e,renewal,24,2026-09-01
15b4ba21-a596-4e13-a1e1-c68f2602f414,2025-01,4418.48,962a4109-eb67-401e-83bb-b8bb0a2f118a,28afaaef-b852-4e0a-9902-c2e85880e7e6,new_logo,12,2025-01-01
15b4ba21-a596-4e13-a1e1-c68f2602f414,2025-02,4418.48,962a4109-eb67-401e-83bb-b8bb0a2f118a,28afaaef-b852-4e0a-9902-c2e85880e7e6,new_logo,12,2025-02-01
15b4ba21-a596-4e13-a1e1-c68f2602f414,2025-03,4418.48,962a4109-eb67-401e-83bb-b8bb0a2f118a,28afaaef-b852-4e0a-9902-c2e85880e7e6,new_logo,12,2025-03-01
15b4ba21-a596-4e13-a1e1-c68f2602f414,2025-04,4418.48,962a4109-eb67-401e-83bb-b8bb0a2f118a,28afaaef-b852-4e0a-9902-c2e85880e7e6,new_logo,12,2025-04-01
15b4ba21-a596-4e13-a1e1-c68f2602f414,2025-05,4418.48,962a4109-eb67-401e-83bb-b8bb0a2f118a,28afaaef-b852-4e0a-9902-c2e85880e7e6,new_logo,12,2025-05-01
15b4ba21-a596-4e13-a1e1-c68f2602f414,2025-06,4418.48,962a4109-eb67-401e-83bb-b8bb0a2f118a,28afaaef-b852-4e0a-9902-c2e85880e7e6,new_logo,12,2025-06-01
15b4ba21-a596-4e13-a1e1-c68f2602f414,2025-07,4418.48,962a4109-eb67-401e-83bb-b8bb0a2f118a,28afaaef-b852-4e0a-9902-c2e85880e7e6,new_logo,12,2025-07-01
15b4ba21-a596-4e13-a1e1-c68f2602f414,2025-08,4418.48,962a4109-eb67-401e-83bb-b8bb0a2f118a,28afaaef-b852-4e0a-9902-c2e85880e7e6,new_logo,12,2025-08-01
15b4ba21-a596-4e13-a1e1-c68f2602f414,2025-09,4418.48,962a4109-eb67-401e-83bb-b8bb0a2f118a,28afaaef-b852-4e0a-9902-c2e85880e7e6,new_logo,12,2025-09-01
15b4ba21-a596-4e13-a1e1-c68f2602f414,2025-10,4418.48,962a4109-eb67-401e-83bb-b8bb0a2f118a,28afaaef-b852-4e0a-9902-c2e85880e7e6,new_logo,12,2025-10-01
15b4ba21-a596-4e13-a1e1-c68f2602f414,2025-11,4418.48,962a4109-eb67-401e-83bb-b8bb0a2f118a,28afaaef-b852-4e0a-9902-c2e85880e7e6,new_logo,12,2025-11-01
15b4ba21-a596-4e13-a1e1-c68f2602f414,2025-12,4418.48,962a4109-eb67-401e-83bb-b8bb0a2f118a,28afaaef-b852-4e0a-9902-c2e85880e7e6,new_logo,12,2025-12-01
37c91720-936f-438f-91eb-d7375b79b897,2025-06,3436.24,be3dd724-012a-4cc7-99e9-6113a120917f,3efb48d3-46eb-44d3-b42a-9b09bd2512ea,new_logo,24,2025-06-01
37c91720-936f-438f-91eb-d7375b79b897,2025-07,3436.24,be3dd724-012a-4cc7-99e9-6113a120917f,3efb48d3-46eb-44d3-b42a-9b09bd2512ea,new_logo,24,2025-07-01
37c91720-936f-438f-91eb-d7375b79b897,2025-08,3436.24,be3dd724-012a-4cc7-99e9-6113a120917f,3efb48d3-46eb-44d3-b42a-9b09bd2512ea,new_logo,24,2025-08-01
37c91720-936f-438f-91eb-d7375b79b897,2025-09,3436.24,be3dd724-012a-4cc7-99e9-6113a120917f,3efb48d3-46eb-44d3-b42a-9b09bd2512ea,new_logo,24,2025-09-01
37c91720-936f-438f-91eb-d7375b79b897,2025-10,3436.24,be3dd724-012a-4cc7-99e9-6113a120917f,3efb48d3-46eb-44d3-b42a-9b09bd2512ea,new_logo,24,2025-10-01
37c91720-936f-438f-91eb-d7375b79b897,2025-11,3436.24,be3dd724-012a-4cc7-99e9-6113a120917f,3efb48d3-46eb-44d3-b42a-9b09bd2512ea,new_logo,24,2025-11-01
37c91720-936f-438f-91eb-d7375b79b897,2025-12,3436.24,be3dd724-012a-4cc7-99e9-6113a120917f,3efb48d3-46eb-44d3-b42a-9b09bd2512ea,new_logo,24,2025-12-01
37c91720-936f-438f-91eb-d7375b79b897,2026-01,3436.24,be3dd724-012a-4cc7-99e9-6113a120917f,3efb48d3-46eb-44d3-b42a-9b09bd2512ea,new_logo,24,2026-01-01
37c91720-936f-438f-91eb-d7375b79b897,2026-02,3436.24,be3dd724-012a-4cc7-99e9-6113a120917f,3efb48d3-46eb-44d3-b42a-9b09bd2512ea,new_logo,24,2026-02-01
37c91720-936f-438f-91eb-d7375b79b897,2026-03,3436.24,be3dd724-012a-4cc7-99e9-6113a120917f,3efb48d3-46eb-44d3-b42a-9b09bd2512ea,new_logo,24,2026-03-01
37c91720-936f-438f-91eb-d7375b79b897,2026-04,3436.24,be3dd724-012a-4cc7-99e9-6113a120917f,3efb48d3-46eb-44d3-b42a-9b09bd2512ea,new_logo,24,2026-04-01
37c91720-936f-438f-91eb-d7375b79b897,2026-05,3436.24,be3dd724-012a-4cc7-99e9-6113a120917f,3efb48d3-46eb-44d3-b42a-9b09bd2512ea,new_logo,24,2026-05-01
37c91720-936f-438f-91eb-d7375b79b897,2026-06,3436.24,be3dd724-012a-4cc7-99e9-6113a120917f,3efb48d3-46eb-44d3-b42a-9b09bd2512ea,new_logo,24,2026-06-01
37c91720-936f-438f-91eb-d7375b79b897,2026-07,3436.24,be3dd724-012a-4cc7-99e9-6113a120917f,3efb48d3-46eb-44d3-b42a-9b09bd2512ea,new_logo,24,2026-07-01
37c91720-936f-438f-91eb-d7375b79b897,2026-08,3436.24,be3dd724-012a-4cc7-99e9-6113a120917f,3efb48d3-46eb-44d3-b42a-9b09bd2512ea,new_logo,24,2026-08-01
37c91720-936f-438f-91eb-d7375b79b897,2026-09,3436.24,be3dd724-012a-4cc7-99e9-6113a120917f,3efb48d3-46eb-44d3-b42a-9b09bd2512ea,new_logo,24,2026-09-01
15b4ba21-a596-4e13-a1e1-c68f2602f414,2026-08,5742.27,56200b11-c589-468c-9185-7792fced4d1a,4ca2aa7e-34a1-48ca-881d-d2ff1cb7d3f9,expansion,24,2026-08-01
15b4ba21-a596-4e13-a1e1-c68f2602f414,2026-09,5742.27,56200b11-c589-468c-9185-7792fced4d1a,4ca2aa7e-34a1-48ca-881d-d2ff1cb7d3f9,expansion,24,2026-09-01
a7be73f0-3ccf-46aa-b3a1-a7edd9b3e944,2026-04,5805.9,707abf81-be35-4a22-81cb-a7ebde06331f,5ceffbce-1595-4a8c-a443-b40a50bbe8d0,new_logo,36,2026-04-01
a7be73f0-3ccf-46aa-b3a1-a7edd9b3e944,2026-05,5805.9,707abf81-be35-4a22-81cb-a7ebde06331f,5ceffbce-1595-4a8c-a443-b40a50bbe8d0,new_logo,36,2026-05-01
a7be73f0-3ccf-46aa-b3a1-a7edd9b3e944,2026-06,5805.9,707abf81-be35-4a22-81cb-a7ebde06331f,5ceffbce-1595-4a8c-a443-b40a50bbe8d0,new_logo,36,2026-06-01
a7be73f0-3ccf-46aa-b3a1-a7edd9b3e944,2026-07,5805.9,707abf81-be35-4a22-81cb-a7ebde06331f,5ceffbce-1595-4a8c-a443-b40a50bbe8d0,new_logo,36,2026-07-01
a7be73f0-3ccf-46aa-b3a1-a7edd9b3e944,2026-08,5805.9,707abf81-be35-4a22-81cb-a7ebde06331f,5ceffbce-1595-4a8c-a443-b40a50bbe8d0,new_logo,36,2026-08-01
a7be73f0-3ccf-46aa-b3a1-a7edd9b3e944,2026-09,5805.9,707abf81-be35-4a22-81cb-a7ebde06331f,5ceffbce-1595-4a8c-a443-b40a50bbe8d0,new_logo,36,2026-09-01
3e7e796c-a084-440e-97d5-135b721f3e2f,2026-02,4551.87,cd172079-7a21-4d91-b75f-e053282aabf5,e126d189-ed21-4062-9bfb-ebbb5ea8fd7e,new_logo,24,2026-02-01
3e7e796c-a084-440e-97d5-135b721f3e2f,2026-03,4551.87,cd172079-7a21-4d91-b75f-e053282aabf5,e126d189-ed21-4062-9bfb-ebbb5ea8fd7e,new_logo,24,2026-03-01
3e7e796c-a084-440e-97d5-135b721f3e2f,2026-04,4551.87,cd172079-7a21-4d91-b75f-e053282aabf5,e126d189-ed21-4062-9bfb-ebbb5ea8fd7e,new_logo,24,2026-04-01
3e7e796c-a084-440e-97d5-135b721f3e2f,2026-05,4551.87,cd172079-7a21-4d91-b75f-e053282aabf5,e126d189-ed21-4062-9bfb-ebbb5ea8fd7e,new_logo,24,2026-05-01
3e7e796c-a084-440e-97d5-135b721f3e2f,2026-06,4551.87,cd172079-7a21-4d91-b75f-e053282aabf5,e126d189-ed21-4062-9bfb-ebbb5ea8fd7e,new_logo,24,2026-06-01
3e7e796c-a084-440e-97d5-135b721f3e2f,2026-07,4551.87,cd172079-7a21-4d91-b75f-e053282aabf5,e126d189-ed21-4062-9bfb-ebbb5ea8fd7e,new_logo,24,2026-07-01
3e7e796c-a084-440e-97d5-135b721f3e2f,2026-08,4551.87,cd172079-7a21-4d91-b75f-e053282aabf5,e126d189-ed21-4062-9bfb-ebbb5ea8fd7e,new_logo,24,2026-08-01
3e7e796c-a084-440e-97d5-135b721f3e2f,2026-09,4551.87,cd172079-7a21-4d91-b75f-e053282aabf5,e126d189-ed21-4062-9bfb-ebbb5ea8fd7e,new_logo,24,2026-09-01
8f6622df-c77a-4e88-a19d-4c4bc1661772,2024-02,6241.67,68692788-93ee-462f-a68c-e9ab710f0d24,740b5d76-3878-426b-bfcc-4c2dfeb8c816,renewal,24,2024-02-01
8f6622df-c77a-4e88-a19d-4c4bc1661772,2024-03,6241.67,68692788-93ee-462f-a68c-e9ab710f0d24,740b5d76-3878-426b-bfcc-4c2dfeb8c816,renewal,24,2024-03-01
8f6622df-c77a-4e88-a19d-4c4bc1661772,2024-04,6241.67,68692788-93ee-462f-a68c-e9ab710f0d24,740b5d76-3878-426b-bfcc-4c2dfeb8c816,renewal,24,2024-04-01
8f6622df-c77a-4e88-a19d-4c4bc1661772,2024-05,6241.67,68692788-93ee-462f-a68c-e9ab710f0d24,740b5d76-3878-426b-bfcc-4c2dfeb8c816,renewal,24,2024-05-01
8f6622df-c77a-4e88-a19d-4c4bc1661772,2024-06,6241.67,68692788-93ee-462f-a68c-e9ab710f0d24,740b5d76-3878-426b-bfcc-4c2dfeb8c816,renewal,24,2024-06-01
8f6622df-c77a-4e88-a19d-4c4bc1661772,2024-07,6241.67,68692788-93ee-462f-a68c-e9ab710f0d24,740b5d76-3878-426b-bfcc-4c2dfeb8c816,renewal,24,2024-07-01
8f6622df-c77a-4e88-a19d-4c4bc1661772,2024-08,6241.67,68692788-93ee-462f-a68c-e9ab710f0d24,740b5d76-3878-426b-bfcc-4c2dfeb8c816,renewal,24,2024-08-01
8f6622df-c77a-4e88-a19d-4c4bc1661772,2024-09,6241.67,68692788-93ee-462f-a68c-e9ab710f0d24,740b5d76-3878-426b-bfcc-4c2dfeb8c816,renewal,24,2024-09-01
8f6622df-c77a-4e88-a19d-4c4bc1661772,2024-10,6241.67,68692788-93ee-462f-a68c-e9ab710f0d24,740b5d76-3878-426b-bfcc-4c2dfeb8c816,renewal,24,2024-10-01
8f6622df-c77a-4e88-a19d-4c4bc1661772,2024-11,6241.67,68692788-93ee-462f-a68c-e9ab710f0d24,740b5d76-3878-426b-bfcc-4c2dfeb8c816,renewal,24,2024-11-01
8f6622df-c77a-4e88-a19d-4c4bc1661772,2024-12,6241.67,68692788-93ee-462f-a68c-e9ab710f0d24,740b5d76-3878-426b-bfcc-4c2dfeb8c816,renewal,24,2024-12-01
8f6622df-c77a-4e88-a19d-4c4bc1661772,2025-01,6241.67,68692788-93ee-462f-a68c-e9ab710f0d24,740b5d76-3878-426b-bfcc-4c2dfeb8c816,renewal,24,2025-01-01
8f6622df-c77a-4e88-a19d-4c4bc1661772,2025-02,6241.67,68692788-93ee-462f-a68c-e9ab710f0d24,740b5d76-3878-426b-bfcc-4c2dfeb8c816,renewal,24,2025-02-01
8f6622df-c77a-4e88-a19d-4c4bc1661772,2025-03,6241.67,68692788-93ee-462f-a68c-e9ab710f0d24,740b5d76-3878-426b-bfcc-4c2dfeb8c816,renewal,24,2025-03-01
8f6622df-c77a-4e88-a19d-4c4bc1661772,2025-04,6241.67,68692788-93ee-462f-a68c-e9ab710f0d24,740b5d76-3878-426b-bfcc-4c2dfeb8c816,renewal,24,2025-04-01
8f6622df-c77a-4e88-a19d-4c4bc1661772,2025-05,6241.67,68692788-93ee-462f-a68c-e9ab710f0d24,740b5d76-3878-426b-bfcc-4c2dfeb8c816,renewal,24,2025-05-01
8f6622df-c77a-4e88-a19d-4c4bc1661772,2025-06,6241.67,68692788-93ee-462f-a68c-e9ab710f0d24,740b5d76-3878-426b-bfcc-4c2dfeb8c816,renewal,24,2025-06-01
8f6622df-c77a-4e88-a19d-4c4bc1661772,2025-07,6241.67,68692788-93ee-462f-a68c-e9ab710f0d24,740b5d76-3878-426b-bfcc-4c2dfeb8c816,renewal,24,2025-07-01
8f6622df-c77a-4e88-a19d-4c4bc1661772,2025-08,6241.67,68692788-93ee-462f-a68c-e9ab710f0d24,740b5d76-3878-426b-bfcc-4c2dfeb8c816,renewal,24,2025-08-01
8f6622df-c77a-4e88-a19d-4c4bc1661772,2025-09,6241.67,68692788-93ee-462f-a68c-e9ab710f0d24,740b5d76-3878-426b-bfcc-4c2dfeb8c816,renewal,24,2025-09-01
8f6622df-c77a-4e88-a19d-4c4bc1661772,2025-10,6241.67,68692788-93ee-462f-a68c-e9ab710f0d24,740b5d76-3878-426b-bfcc-4c2dfeb8c816,renewal,24,2025-10-01
8f6622df-c77a-4e88-a19d-4c4bc1661772,2025-11,6241.67,68692788-93ee-462f-a68c-e9ab710f0d24,740b5d76-3878-426b-bfcc-4c2dfeb8c816,renewal,24,2025-11-01
8f6622df-c77a-4e88-a19d-4c4bc1661772,2025-12,6241.67,68692788-93ee-462f-a68c-e9ab710f0d24,740b5d76-3878-426b-bfcc-4c2dfeb8c816,renewal,24,2025-12-01
8f6622df-c77a-4e88-a19d-4c4bc1661772,2026-01,6241.67,68692788-93ee-462f-a68c-e9ab710f0d24,740b5d76-3878-426b-bfcc-4c2dfeb8c816,renewal,24,2026-01-01
60a6708d-6583-4a02-821f-0753fd73ab00,2026-03,3915.36,505c42c7-4f54-4783-baf9-d16b63a4e822,8a83134a-28a1-4b0e-b320-789a887968b7,new_logo,24,2026-03-01
60a6708d-6583-4a02-821f-0753fd73ab00,2026-04,3915.36,505c42c7-4f54-4783-baf9-d16b63a4e822,8a83134a-28a1-4b0e-b320-789a887968b7,new_logo,24,2026-04-01
60a6708d-6583-4a02-821f-0753fd73ab00,2026-05,3915.36,505c42c7-4f54-4783-baf9-d16b63a4e822,8a83134a-28a1-4b0e-b320-789a887968b7,new_logo,24,2026-05-01
60a6708d-6583-4a02-821f-0753fd73ab00,2026-06,3915.36,505c42c7-4f54-4783-baf9-d16b63a4e822,8a83134a-28a1-4b0e-b320-789a887968b7,new_logo,24,2026-06-01
60a6708d-6583-4a02-821f-0753fd73ab00,2026-07,3915.36,505c42c7-4f54-4783-baf9-d16b63a4e822,8a83134a-28a1-4b0e-b320-789a887968b7,new_logo,24,2026-07-01
60a6708d-6583-4a02-821f-0753fd73ab00,2026-08,3915.36,505c42c7-4f54-4783-baf9-d16b63a4e822,8a83134a-28a1-4b0e-b320-789a887968b7,new_logo,24,2026-08-01
60a6708d-6583-4a02-821f-0753fd73ab00,2026-09,3915.36,505c42c7-4f54-4783-baf9-d16b63a4e822,8a83134a-28a1-4b0e-b320-789a887968b7,new_logo,24,2026-09-01
8caaa8ca-69fa-4924-906d-642d1b98e019,2024-10,1585.55,f427c72b-3780-4f0a-ae1a-e8b3982a8c76,362bb2aa-bb07-4539-b329-b4761ce29c0c,renewal,12,2024-10-01
8caaa8ca-69fa-4924-906d-642d1b98e019,2024-11,1585.55,f427c72b-3780-4f0a-ae1a-e8b3982a8c76,362bb2aa-bb07-4539-b329-b4761ce29c0c,renewal,12,2024-11-01
8caaa8ca-69fa-4924-906d-642d1b98e019,2024-12,1585.55,f427c72b-3780-4f0a-ae1a-e8b3982a8c76,362bb2aa-bb07-4539-b329-b4761ce29c0c,renewal,12,2024-12-01
8caaa8ca-69fa-4924-906d-642d1b98e019,2025-01,1585.55,f427c72b-3780-4f0a-ae1a-e8b3982a8c76,362bb2aa-bb07-4539-b329-b4761ce29c0c,renewal,12,2025-01-01
8caaa8ca-69fa-4924-906d-642d1b98e019,2025-02,1585.55,f427c72b-3780-4f0a-ae1a-e8b3982a8c76,362bb2aa-bb07-4539-b329-b4761ce29c0c,renewal,12,2025-02-01
8caaa8ca-69fa-4924-906d-642d1b98e019,2025-03,1585.55,f427c72b-3780-4f0a-ae1a-e8b3982a8c76,362bb2aa-bb07-4539-b329-b4761ce29c0c,renewal,12,2025-03-01
8caaa8ca-69fa-4924-906d-642d1b98e019,2025-04,1585.55,f427c72b-3780-4f0a-ae1a-e8b3982a8c76,362bb2aa-bb07-4539-b329-b4761ce29c0c,renewal,12,2025-04-01
8caaa8ca-69fa-4924-906d-642d1b98e019,2025-05,1585.55,f427c72b-3780-4f0a-ae1a-e8b3982a8c76,362bb2aa-bb07-4539-b329-b4761ce29c0c,renewal,12,2025-05-01
8caaa8ca-69fa-4924-906d-642d1b98e019,2025-06,1585.55,f427c72b-3780-4f0a-ae1a-e8b3982a8c76,362bb2aa-bb07-4539-b329-b4761ce29c0c,renewal,12,2025-06-01
8caaa8ca-69fa-4924-906d-642d1b98e019,2025-07,1585.55,f427c72b-3780-4f0a-ae1a-e8b3982a8c76,362bb2aa-bb07-4539-b329-b4761ce29c0c,renewal,12,2025-07-01
8caaa8ca-69fa-4924-906d-642d1b98e019,2025-08,1585.55,f427c72b-3780-4f0a-ae1a-e8b3982a8c76,362bb2aa-bb07-4539-b329-b4761ce29c0c,renewal,12,2025-08-01
8caaa8ca-69fa-4924-906d-642d1b98e019,2025-09,1585.55,f427c72b-3780-4f0a-ae1a-e8b3982a8c76,362bb2aa-bb07-4539-b329-b4761ce29c0c,renewal,12,2025-09-01
9454ed17-4a77-4280-93f1-080b65699d5a,2025-05,1230.09,61a7a0ff-6018-4172-86d4-cbf459fdc8f8,6f5dd10a-8a07-45e4-af68-df4e3f7f4992,expansion,12,2025-05-01
9454ed17-4a77-4280-93f1-080b65699d5a,2025-06,1230.09,61a7a0ff-6018-4172-86d4-cbf459fdc8f8,6f5dd10a-8a07-45e4-af68-df4e3f7f4992,expansion,12,2025-06-01
9454ed17-4a77-4280-93f1-080b65699d5a,2025-07,1230.09,61a7a0ff-6018-4172-86d4-cbf459fdc8f8,6f5dd10a-8a07-45e4-af68-df4e3f7f4992,expansion,12,2025-07-01
9454ed17-4a77-4280-93f1-080b65699d5a,2025-08,1230.09,61a7a0ff-6018-4172-86d4-cbf459fdc8f8,6f5dd10a-8a07-45e4-af68-df4e3f7f4992,expansion,12,2025-08-01
9454ed17-4a77-4280-93f1-080b65699d5a,2025-09,1230.09,61a7a0ff-6018-4172-86d4-cbf459fdc8f8,6f5dd10a-8a07-45e4-af68-df4e3f7f4992,expansion,12,2025-09-01
9454ed17-4a77-4280-93f1-080b65699d5a,2025-10,1230.09,61a7a0ff-6018-4172-86d4-cbf459fdc8f8,6f5dd10a-8a07-45e4-af68-df4e3f7f4992,expansion,12,2025-10-01
9454ed17-4a77-4280-93f1-080b65699d5a,2025-11,1230.09,61a7a0ff-6018-4172-86d4-cbf459fdc8f8,6f5dd10a-8a07-45e4-af68-df4e3f7f4992,expansion,12,2025-11-01
9454ed17-4a77-4280-93f1-080b65699d5a,2025-12,1230.09,61a7a0ff-6018-4172-86d4-cbf459fdc8f8,6f5dd10a-8a07-45e4-af68-df4e3f7f4992,expansion,12,2025-12-01
9454ed17-4a77-4280-93f1-080b65699d5a,2026-01,1230.09,61a7a0ff-6018-4172-86d4-cbf459fdc8f8,6f5dd10a-8a07-45e4-af68-df4e3f7f4992,expansion,12,2026-01-01
9454ed17-4a77-4280-93f1-080b65699d5a,2026-02,1230.09,61a7a0ff-6018-4172-86d4-cbf459fdc8f8,6f5dd10a-8a07-45e4-af68-df4e3f7f4992,expansion,12,2026-02-01
9454ed17-4a77-4280-93f1-080b65699d5a,2026-03,1230.09,61a7a0ff-6018-4172-86d4-cbf459fdc8f8,6f5dd10a-8a07-45e4-af68-df4e3f7f4992,expansion,12,2026-03-01
9454ed17-4a77-4280-93f1-080b65699d5a,2026-04,1230.09,61a7a0ff-6018-4172-86d4-cbf459fdc8f8,6f5dd10a-8a07-45e4-af68-df4e3f7f4992,expansion,12,2026-04-01
3e7e796c-a084-440e-97d5-135b721f3e2f,2025-02,6174.0,32180810-45d9-4d6f-9fa0-af15685d6dec,85f58b1d-724c-4bc5-ae53-fe82586f4a3c,renewal,24,2025-02-01
3e7e796c-a084-440e-97d5-135b721f3e2f,2025-03,6174.0,32180810-45d9-4d6f-9fa0-af15685d6dec,85f58b1d-724c-4bc5-ae53-fe82586f4a3c,renewal,24,2025-03-01
3e7e796c-a084-440e-97d5-135b721f3e2f,2025-04,6174.0,32180810-45d9-4d6f-9fa0-af15685d6dec,85f58b1d-724c-4bc5-ae53-fe82586f4a3c,renewal,24,2025-04-01
3e7e796c-a084-440e-97d5-135b721f3e2f,2025-05,6174.0,32180810-45d9-4d6f-9fa0-af15685d6dec,85f58b1d-724c-4bc5-ae53-fe82586f4a3c,renewal,24,2025-05-01
3e7e796c-a084-440e-97d5-135b721f3e2f,2025-06,6174.0,32180810-45d9-4d6f-9fa0-af15685d6dec,85f58b1d-724c-4bc5-ae53-fe82586f4a3c,renewal,24,2025-06-01
3e7e796c-a084-440e-97d5-135b721f3e2f,2025-07,6174.0,32180810-45d9-4d6f-9fa0-af15685d6dec,85f58b1d-724c-4bc5-ae53-fe82586f4a3c,renewal,24,2025-07-01
3e7e796c-a084-440e-97d5-135b721f3e2f,2025-08,6174.0,32180810-45d9-4d6f-9fa0-af15685d6dec,85f58b1d-724c-4bc5-ae53-fe82586f4a3c,renewal,24,2025-08-01
3e7e796c-a084-440e-97d5-135b721f3e2f,2025-09,6174.0,32180810-45d9-4d6f-9fa0-af15685d6dec,85f58b1d-724c-4bc5-ae53-fe82586f4a3c,renewal,24,2025-09-01
3e7e796c-a084-440e-97d5-135b721f3e2f,2025-10,6174.0,32180810-45d9-4d6f-9fa0-af15685d6dec,85f58b1d-724c-4bc5-ae53-fe82586f4a3c,renewal,24,2025-10-01
3e7e796c-a084-440e-97d5-135b721f3e2f,2025-11,6174.0,32180810-45d9-4d6f-9fa0-af15685d6dec,85f58b1d-724c-4bc5-ae53-fe82586f4a3c,renewal,24,2025-11-01
3e7e796c-a084-440e-97d5-135b721f3e2f,2025-12,6174.0,32180810-45d9-4d6f-9fa0-af15685d6dec,85f58b1d-724c-4bc5-ae53-fe82586f4a3c,renewal,24,2025-12-01
3e7e796c-a084-440e-97d5-135b721f3e2f,2026-01,6174.0,32180810-45d9-4d6f-9fa0-af15685d6dec,85f58b1d-724c-4bc5-ae53-fe82586f4a3c,renewal,24,2026-01-01
3e7e796c-a084-440e-97d5-135b721f3e2f,2026-02,6174.0,32180810-45d9-4d6f-9fa0-af15685d6dec,85f58b1d-724c-4bc5-ae53-fe82586f4a3c,renewal,24,2026-02-01
3e7e796c-a084-440e-97d5-135b721f3e2f,2026-03,6174.0,32180810-45d9-4d6f-9fa0-af15685d6dec,85f58b1d-724c-4bc5-ae53-fe82586f4a3c,renewal,24,2026-03-01
3e7e796c-a084-440e-97d5-135b721f3e2f,2026-04,6174.0,32180810-45d9-4d6f-9fa0-af15685d6dec,85f58b1d-724c-4bc5-ae53-fe82586f4a3c,renewal,24,2026-04-01
3e7e796c-a084-440e-97d5-135b721f3e2f,2026-05,6174.0,32180810-45d9-4d6f-9fa0-af15685d6dec,85f58b1d-724c-4bc5-ae53-fe82586f4a3c,renewal,24,2026-05-01
3e7e796c-a084-440e-97d5-135b721f3e2f,2026-06,6174.0,32180810-45d9-4d6f-9fa0-af15685d6dec,85f58b1d-724c-4bc5-ae53-fe82586f4a3c,renewal,24,2026-06-01
3e7e796c-a084-440e-97d5-135b721f3e2f,2026-07,6174.0,32180810-45d9-4d6f-9fa0-af15685d6dec,85f58b1d-724c-4bc5-ae53-fe82586f4a3c,renewal,24,2026-07-01
3e7e796c-a084-440e-97d5-135b721f3e2f,2026-08,6174.0,32180810-45d9-4d6f-9fa0-af15685d6dec,85f58b1d-724c-4bc5-ae53-fe82586f4a3c,renewal,24,2026-08-01
3e7e796c-a084-440e-97d5-135b721f3e2f,2026-09,6174.0,32180810-45d9-4d6f-9fa0-af15685d6dec,85f58b1d-724c-4bc5-ae53-fe82586f4a3c,renewal,24,2026-09-01
f4040e67-58f6-4870-a447-f5df54bd90ed,2025-02,3498.71,1f8daea3-bec5-45f3-a1d2-a1d8f4ad5a46,66a9c688-7823-494c-b84a-b203cba118c4,new_logo,24,2025-02-01
f4040e67-58f6-4870-a447-f5df54bd90ed,2025-03,3498.71,1f8daea3-bec5-45f3-a1d2-a1d8f4ad5a46,66a9c688-7823-494c-b84a-b203cba118c4,new_logo,24,2025-03-01
f4040e67-58f6-4870-a447-f5df54bd90ed,2025-04,3498.71,1f8daea3-bec5-45f3-a1d2-a1d8f4ad5a46,66a9c688-7823-494c-b84a-b203cba118c4,new_logo,24,2025-04-01
f4040e67-58f6-4870-a447-f5df54bd90ed,2025-05,3498.71,1f8daea3-bec5-45f3-a1d2-a1d8f4ad5a46,66a9c688-7823-494c-b84a-b203cba118c4,new_logo,24,2025-05-01
f4040e67-58f6-4870-a447-f5df54bd90ed,2025-06,3498.71,1f8daea3-bec5-45f3-a1d2-a1d8f4ad5a46,66a9c688-7823-494c-b84a-b203cba118c4,new_logo,24,2025-06-01
f4040e67-58f6-4870-a447-f5df54bd90ed,2025-07,3498.71,1f8daea3-bec5-45f3-a1d2-a1d8f4ad5a46,66a9c688-7823-494c-b84a-b203cba118c4,new_logo,24,2025-07-01
f4040e67-58f6-4870-a447-f5df54bd90ed,2025-08,3498.71,1f8daea3-bec5-45f3-a1d2-a1d8f4ad5a46,66a9c688-7823-494c-b84a-b203cba118c4,new_logo,24,2025-08-01
f4040e67-58f6-4870-a447-f5df54bd90ed,2025-09,3498.71,1f8daea3-bec5-45f3-a1d2-a1d8f4ad5a46,66a9c688-7823-494c-b84a-b203cba118c4,new_logo,24,2025-09-01
f4040e67-58f6-4870-a447-f5df54bd90ed,2025-10,3498.71,1f8daea3-bec5-45f3-a1d2-a1d8f4ad5a46,66a9c688-7823-494c-b84a-b203cba118c4,new_logo,24,2025-10-01
f4040e67-58f6-4870-a447-f5df54bd90ed,2025-11,3498.71,1f8daea3-bec5-45f3-a1d2-a1d8f4ad5a46,66a9c688-7823-494c-b84a-b203cba118c4,new_logo,24,2025-11-01
f4040e67-58f6-4870-a447-f5df54bd90ed,2025-12,3498.71,1f8daea3-bec5-45f3-a1d2-a1d8f4ad5a46,66a9c688-7823-494c-b84a-b203cba118c4,new_logo,24,2025-12-01
f4040e67-58f6-4870-a447-f5df54bd90ed,2026-01,3498.71,1f8daea3-bec5-45f3-a1d2-a1d8f4ad5a46,66a9c688-7823-494c-b84a-b203cba118c4,new_logo,24,2026-01-01
f4040e67-58f6-4870-a447-f5df54bd90ed,2026-02,3498.71,1f8daea3-bec5-45f3-a1d2-a1d8f4ad5a46,66a9c688-7823-494c-b84a-b203cba118c4,new_logo,24,2026-02-01
f4040e67-58f6-4870-a447-f5df54bd90ed,2026-03,3498.71,1f8daea3-bec5-45f3-a1d2-a1d8f4ad5a46,66a9c688-7823-494c-b84a-b203cba118c4,new_logo,24,2026-03-01
f4040e67-58f6-4870-a447-f5df54bd90ed,2026-04,3498.71,1f8daea3-bec5-45f3-a1d2-a1d8f4ad5a46,66a9c688-7823-494c-b84a-b203cba118c4,new_logo,24,2026-04-01
f4040e67-58f6-4870-a447-f5df54bd90ed,2026-05,3498.71,1f8daea3-bec5-45f3-a1d2-a1d8f4ad5a46,66a9c688-7823-494c-b84a-b203cba118c4,new_logo,24,2026-05-01
f4040e67-58f6-4870-a447-f5df54bd90ed,2026-06,3498.71,1f8daea3-bec5-45f3-a1d2-a1d8f4ad5a46,66a9c688-7823-494c-b84a-b203cba118c4,new_logo,24,2026-06-01
f4040e67-58f6-4870-a447-f5df54bd90ed,2026-07,3498.71,1f8daea3-bec5-45f3-a1d2-a1d8f4ad5a46,66a9c688-7823-494c-b84a-b203cba118c4,new_logo,24,2026-07-01
f4040e67-58f6-4870-a447-f5df54bd90ed,2026-08,3498.71,1f8daea3-bec5-45f3-a1d2-a1d8f4ad5a46,66a9c688-7823-494c-b84a-b203cba118c4,new_logo,24,2026-08-01
f4040e67-58f6-4870-a447-f5df54bd90ed,2026-09,3498.71,1f8daea3-bec5-45f3-a1d2-a1d8f4ad5a46,66a9c688-7823-494c-b84a-b203cba118c4,new_logo,24,2026-09-01
15b4ba21-a596-4e13-a1e1-c68f2602f414,2024-01,5652.98,e75dcfe1-22a0-4d15-a6c2-7190a694a9cd,10ec3aea-13b0-4610-8892-a590f2053faf,new_logo,24,2024-01-01
15b4ba21-a596-4e13-a1e1-c68f2602f414,2024-02,5652.98,e75dcfe1-22a0-4d15-a6c2-7190a694a9cd,10ec3aea-13b0-4610-8892-a590f2053faf,new_logo,24,2024-02-01
15b4ba21-a596-4e13-a1e1-c68f2602f414,2024-03,5652.98,e75dcfe1-22a0-4d15-a6c2-7190a694a9cd,10ec3aea-13b0-4610-8892-a590f2053faf,new_logo,24,2024-03-01
15b4ba21-a596-4e13-a1e1-c68f2602f414,2024-04,5652.98,e75dcfe1-22a0-4d15-a6c2-7190a694a9cd,10ec3aea-13b0-4610-8892-a590f2053faf,new_logo,24,2024-04-01
15b4ba21-a596-4e13-a1e1-c68f2602f414,2024-05,5652.98,e75dcfe1-22a0-4d15-a6c2-7190a694a9cd,10ec3aea-13b0-4610-8892-a590f2053faf,new_logo,24,2024-05-01
15b4ba21-a596-4e13-a1e1-c68f2602f414,2024-06,5652.98,e75dcfe1-22a0-4d15-a6c2-7190a694a9cd,10ec3aea-13b0-4610-8892-a590f2053faf,new_logo,24,2024-06-01
15b4ba21-a596-4e13-a1e1-c68f2602f414,2024-07,5652.98,e75dcfe1-22a0-4d15-a6c2-7190a694a9cd,10ec3aea-13b0-4610-8892-a590f2053faf,new_logo,24,2024-07-01
15b4ba21-a596-4e13-a1e1-c68f2602f414,2024-08,5652.98,e75dcfe1-22a0-4d15-a6c2-7190a694a9cd,10ec3aea-13b0-4610-8892-a590f2053faf,new_logo,24,2024-08-01
15b4ba21-a596-4e13-a1e1-c68f2602f414,2024-09,5652.98,e75dcfe1-22a0-4d15-a6c2-7190a694a9cd,10ec3aea-13b0-4610-8892-a590f2053faf,new_logo,24,2024-09-01
15b4ba21-a596-4e13-a1e1-c68f2602f414,2024-10,5652.98,e75dcfe1-22a0-4d15-a6c2-7190a694a9cd,10ec3aea-13b0-4610-8892-a590f2053faf,new_logo,24,2024-10-01
15b4ba21-a596-4e13-a1e1-c68f2602f414,2024-11,5652.98,e75dcfe1-22a0-4d15-a6c2-7190a694a9cd,10ec3aea-13b0-4610-8892-a590f2053faf,new_logo,24,2024-11-01
15b4ba21-a596-4e13-a1e1-c68f2602f414,2024-12,5652.98,e75dcfe1-22a0-4d15-a6c2-7190a694a9cd,10ec3aea-13b0-4610-8892-a590f2053faf,new_logo,24,2024-12-01
15b4ba21-a596-4e13-a1e1-c68f2602f414,2025-01,5652.98,e75dcfe1-22a0-4d15-a6c2-7190a694a9cd,10ec3aea-13b0-4610-8892-a590f2053faf,new_logo,24,2025-01-01
15b4ba21-a596-4e13-a1e1-c68f2602f414,2025-02,5652.98,e75dcfe1-22a0-4d15-a6c2-7190a694a9cd,10ec3aea-13b0-4610-8892-a590f2053faf,new_logo,24,2025-02-01
15b4ba21-a596-4e13-a1e1-c68f2602f414,2025-03,5652.98,e75dcfe1-22a0-4d15-a6c2-7190a694a9cd,10ec3aea-13b0-4610-8892-a590f2053faf,new_logo,24,2025-03-01
15b4ba21-a596-4e13-a1e1-c68f2602f414,2025-04,5652.98,e75dcfe1-22a0-4d15-a6c2-7190a694a9cd,10ec3aea-13b0-4610-8892-a590f2053faf,new_logo,24,2025-04-01
15b4ba21-a596-4e13-a1e1-c68f2602f414,2025-05,5652.98,e75dcfe1-22a0-4d15-a6c2-7190a694a9cd,10ec3aea-13b0-4610-8892-a590f2053faf,new_logo,24,2025-05-01
15b4ba21-a596-4e13-a1e1-c68f2602f414,2025-06,5652.98,e75dcfe1-22a0-4d15-a6c2-7190a694a9cd,10ec3aea-13b0-4610-8892-a590f2053faf,new_logo,24,2025-06-01
15b4ba21-a596-4e13-a1e1-c68f2602f414,2025-07,5652.98,e75dcfe1-22a0-4d15-a6c2-7190a694a9cd,10ec3aea-13b0-4610-8892-a590f2053faf,new_logo,24,2025-07-01
15b4ba21-a596-4e13-a1e1-c68f2602f414,2025-08,5652.98,e75dcfe1-22a0-4d15-a6c2-7190a694a9cd,10ec3aea-13b0-4610-8892-a590f2053faf,new_logo,24,2025-08-01
15b4ba21-a596-4e13-a1e1-c68f2602f414,2025-09,5652.98,e75dcfe1-22a0-4d15-a6c2-7190a694a9cd,10ec3aea-13b0-4610-8892-a590f2053faf,new_logo,24,2025-09-01
15b4ba21-a596-4e13-a1e1-c68f2602f414,2025-10,5652.98,e75dcfe1-22a0-4d15-a6c2-7190a694a9cd,10ec3aea-13b0-4610-8892-a590f2053faf,new_logo,24,2025-10-01
15b4ba21-a596-4e13-a1e1-c68f2602f414,2025-11,5652.98,e75dcfe1-22a0-4d15-a6c2-7190a694a9cd,10ec3aea-13b0-4610-8892-a590f2053faf,new_logo,24,2025-11-01
15b4ba21-a596-4e13-a1e1-c68f2602f414,2025-12,5652.98,e75dcfe1-22a0-4d15-a6c2-7190a694a9cd,10ec3aea-13b0-4610-8892-a590f2053faf,new_logo,24,2025-12-01
a7be73f0-3ccf-46aa-b3a1-a7edd9b3e944,2026-02,4289.2,71e8a2c0-120d-4140-9fd9-1ece254b948e,431fe6b6-7d09-4c49-82b5-a0bd3425d3a8,expansion,24,2026-02-01
a7be73f0-3ccf-46aa-b3a1-a7edd9b3e944,2026-03,4289.2,71e8a2c0-120d-4140-9fd9-1ece254b948e,431fe6b6-7d09-4c49-82b5-a0bd3425d3a8,expansion,24,2026-03-01
a7be73f0-3ccf-46aa-b3a1-a7edd9b3e944,2026-04,4289.2,71e8a2c0-120d-4140-9fd9-1ece254b948e,431fe6b6-7d09-4c49-82b5-a0bd3425d3a8,expansion,24,2026-04-01
a7be73f0-3ccf-46aa-b3a1-a7edd9b3e944,2026-05,4289.2,71e8a2c0-120d-4140-9fd9-1ece254b948e,431fe6b6-7d09-4c49-82b5-a0bd3425d3a8,expansion,24,2026-05-01
a7be73f0-3ccf-46aa-b3a1-a7edd9b3e944,2026-06,4289.2,71e8a2c0-120d-4140-9fd9-1ece254b948e,431fe6b6-7d09-4c49-82b5-a0bd3425d3a8,expansion,24,2026-06-01
a7be73f0-3ccf-46aa-b3a1-a7edd9b3e944,2026-07,4289.2,71e8a2c0-120d-4140-9fd9-1ece254b948e,431fe6b6-7d09-4c49-82b5-a0bd3425d3a8,expansion,24,2026-07-01
a7be73f0-3ccf-46aa-b3a1-a7edd9b3e944,2026-08,4289.2,71e8a2c0-120d-4140-9fd9-1ece254b948e,431fe6b6-7d09-4c49-82b5-a0bd3425d3a8,expansion,24,2026-08-01
a7be73f0-3ccf-46aa-b3a1-a7edd9b3e944,2026-09,4289.2,71e8a2c0-120d-4140-9fd9-1ece254b948e,431fe6b6-7d09-4c49-82b5-a0bd3425d3a8,expansion,24,2026-09-01
6e73bb15-6226-4fe0-ba64-22e193e22b81,2024-10,7232.99,707abf81-be35-4a22-81cb-a7ebde06331f,9d11132b-46f9-4726-9dea-5d045d21a945,renewal,24,2024-10-01
6e73bb15-6226-4fe0-ba64-22e193e22b81,2024-11,7232.99,707abf81-be35-4a22-81cb-a7ebde06331f,9d11132b-46f9-4726-9dea-5d045d21a945,renewal,24,2024-11-01
6e73bb15-6226-4fe0-ba64-22e193e22b81,2024-12,7232.99,707abf81-be35-4a22-81cb-a7ebde06331f,9d11132b-46f9-4726-9dea-5d045d21a945,renewal,24,2024-12-01
6e73bb15-6226-4fe0-ba64-22e193e22b81,2025-01,7232.99,707abf81-be35-4a22-81cb-a7ebde06331f,9d11132b-46f9-4726-9dea-5d045d21a945,renewal,24,2025-01-01
6e73bb15-6226-4fe0-ba64-22e193e22b81,2025-02,7232.99,707abf81-be35-4a22-81cb-a7ebde06331f,9d11132b-46f9-4726-9dea-5d045d21a945,renewal,24,2025-02-01
6e73bb15-6226-4fe0-ba64-22e193e22b81,2025-03,7232.99,707abf81-be35-4a22-81cb-a7ebde06331f,9d11132b-46f9-4726-9dea-5d045d21a945,renewal,24,2025-03-01
6e73bb15-6226-4fe0-ba64-22e193e22b81,2025-04,7232.99,707abf81-be35-4a22-81cb-a7ebde06331f,9d11132b-46f9-4726-9dea-5d045d21a945,renewal,24,2025-04-01
6e73bb15-6226-4fe0-ba64-22e193e22b81,2025-05,7232.99,707abf81-be35-4a22-81cb-a7ebde06331f,9d11132b-46f9-4726-9dea-5d045d21a945,renewal,24,2025-05-01
6e73bb15-6226-4fe0-ba64-22e193e22b81,2025-06,7232.99,707abf81-be35-4a22-81cb-a7ebde06331f,9d11132b-46f9-4726-9dea-5d045d21a945,renewal,24,2025-06-01
6e73bb15-6226-4fe0-ba64-22e193e22b81,2025-07,7232.99,707abf81-be35-4a22-81cb-a7ebde06331f,9d11132b-46f9-4726-9dea-5d045d21a945,renewal,24,2025-07-01
6e73bb15-6226-4fe0-ba64-22e193e22b81,2025-08,7232.99,707abf81-be35-4a22-81cb-a7ebde06331f,9d11132b-46f9-4726-9dea-5d045d21a945,renewal,24,2025-08-01
6e73bb15-6226-4fe0-ba64-22e193e22b81,2025-09,7232.99,707abf81-be35-4a22-81cb-a7ebde06331f,9d11132b-46f9-4726-9dea-5d045d21a945,renewal,24,2025-09-01
6e73bb15-6226-4fe0-ba64-22e193e22b81,2025-10,7232.99,707abf81-be35-4a22-81cb-a7ebde06331f,9d11132b-46f9-4726-9dea-5d045d21a945,renewal,24,2025-10-01
6e73bb15-6226-4fe0-ba64-22e193e22b81,2025-11,7232.99,707abf81-be35-4a22-81cb-a7ebde06331f,9d11132b-46f9-4726-9dea-5d045d21a945,renewal,24,2025-11-01
6e73bb15-6226-4fe0-ba64-22e193e22b81,2025-12,7232.99,707abf81-be35-4a22-81cb-a7ebde06331f,9d11132b-46f9-4726-9dea-5d045d21a945,renewal,24,2025-12-01
6e73bb15-6226-4fe0-ba64-22e193e22b81,2026-01,7232.99,707abf81-be35-4a22-81cb-a7ebde06331f,9d11132b-46f9-4726-9dea-5d045d21a945,renewal,24,2026-01-01
6e73bb15-6226-4fe0-ba64-22e193e22b81,2026-02,7232.99,707abf81-be35-4a22-81cb-a7ebde06331f,9d11132b-46f9-4726-9dea-5d045d21a945,renewal,24,2026-02-01
6e73bb15-6226-4fe0-ba64-22e193e22b81,2026-03,7232.99,707abf81-be35-4a22-81cb-a7ebde06331f,9d11132b-46f9-4726-9dea-5d045d21a945,renewal,24,2026-03-01
6e73bb15-6226-4fe0-ba64-22e193e22b81,2026-04,7232.99,707abf81-be35-4a22-81cb-a7ebde06331f,9d11132b-46f9-4726-9dea-5d045d21a945,renewal,24,2026-04-01
6e73bb15-6226-4fe0-ba64-22e193e22b81,2026-05,7232.99,707abf81-be35-4a22-81cb-a7ebde06331f,9d11132b-46f9-4726-9dea-5d045d21a945,renewal,24,2026-05-01
6e73bb15-6226-4fe0-ba64-22e193e22b81,2026-06,7232.99,707abf81-be35-4a22-81cb-a7ebde06331f,9d11132b-46f9-4726-9dea-5d045d21a945,renewal,24,2026-06-01
6e73bb15-6226-4fe0-ba64-22e193e22b81,2026-07,7232.99,707abf81-be35-4a22-81cb-a7ebde06331f,9d11132b-46f9-4726-9dea-5d045d21a945,renewal,24,2026-07-01
6e73bb15-6226-4fe0-ba64-22e193e22b81,2026-08,7232.99,707abf81-be35-4a22-81cb-a7ebde06331f,9d11132b-46f9-4726-9dea-5d045d21a945,renewal,24,2026-08-01
6e73bb15-6226-4fe0-ba64-22e193e22b81,2026-09,7232.99,707abf81-be35-4a22-81cb-a7ebde06331f,9d11132b-46f9-4726-9dea-5d045d21a945,renewal,24,2026-09-01
37c91720-936f-438f-91eb-d7375b79b897,2025-03,3499.34,4e44bc9f-dc6d-4096-b5b7-6c46d88a7f0c,d47d6417-47e8-499a-a4d5-84738077d248,new_logo,12,2025-03-01
37c91720-936f-438f-91eb-d7375b79b897,2025-04,3499.34,4e44bc9f-dc6d-4096-b5b7-6c46d88a7f0c,d47d6417-47e8-499a-a4d5-84738077d248,new_logo,12,2025-04-01
37c91720-936f-438f-91eb-d7375b79b897,2025-05,3499.34,4e44bc9f-dc6d-4096-b5b7-6c46d88a7f0c,d47d6417-47e8-499a-a4d5-84738077d248,new_logo,12,2025-05-01
37c91720-936f-438f-91eb-d7375b79b897,2025-06,3499.34,4e44bc9f-dc6d-4096-b5b7-6c46d88a7f0c,d47d6417-47e8-499a-a4d5-84738077d248,new_logo,12,2025-06-01
37c91720-936f-438f-91eb-d7375b79b897,2025-07,3499.34,4e44bc9f-dc6d-4096-b5b7-6c46d88a7f0c,d47d6417-47e8-499a-a4d5-84738077d248,new_logo,12,2025-07-01
37c91720-936f-438f-91eb-d7375b79b897,2025-08,3499.34,4e44bc9f-dc6d-4096-b5b7-6c46d88a7f0c,d47d6417-47e8-499a-a4d5-84738077d248,new_logo,12,2025-08-01
37c91720-936f-438f-91eb-d7375b79b897,2025-09,3499.34,4e44bc9f-dc6d-4096-b5b7-6c46d88a7f0c,d47d6417-47e8-499a-a4d5-84738077d248,new_logo,12,2025-09-01
37c91720-936f-438f-91eb-d7375b79b897,2025-10,3499.34,4e44bc9f-dc6d-4096-b5b7-6c46d88a7f0c,d47d6417-47e8-499a-a4d5-84738077d248,new_logo,12,2025-10-01
37c91720-936f-438f-91eb-d7375b79b897,2025-11,3499.34,4e44bc9f-dc6d-4096-b5b7-6c46d88a7f0c,d47d6417-47e8-499a-a4d5-84738077d248,new_logo,12,2025-11-01
37c91720-936f-438f-91eb-d7375b79b897,2025-12,3499.34,4e44bc9f-dc6d-4096-b5b7-6c46d88a7f0c,d47d6417-47e8-499a-a4d5-84738077d248,new_logo,12,2025-12-01
37c91720-936f-438f-91eb-d7375b79b897,2026-01,3499.34,4e44bc9f-dc6d-4096-b5b7-6c46d88a7f0c,d47d6417-47e8-499a-a4d5-84738077d248,new_logo,12,2026-01-01
37c91720-936f-438f-91eb-d7375b79b897,2026-02,3499.34,4e44bc9f-dc6d-4096-b5b7-6c46d88a7f0c,d47d6417-47e8-499a-a4d5-84738077d248,new_logo,12,2026-02-01
8f6622df-c77a-4e88-a19d-4c4bc1661772,2026-07,1412.66,707abf81-be35-4a22-81cb-a7ebde06331f,35f1933b-6084-4464-8bc7-3098f8588103,expansion,12,2026-07-01
8f6622df-c77a-4e88-a19d-4c4bc1661772,2026-08,1412.66,707abf81-be35-4a22-81cb-a7ebde06331f,35f1933b-6084-4464-8bc7-3098f8588103,expansion,12,2026-08-01
8f6622df-c77a-4e88-a19d-4c4bc1661772,2026-09,1412.66,707abf81-be35-4a22-81cb-a7ebde06331f,35f1933b-6084-4464-8bc7-3098f8588103,expansion,12,2026-09-01
8f6622df-c77a-4e88-a19d-4c4bc1661772,2026-03,1383.71,4e44bc9f-dc6d-4096-b5b7-6c46d88a7f0c,7d661621-c3a0-4197-b989-c1abb002d8c6,new_logo,12,2026-03-01
8f6622df-c77a-4e88-a19d-4c4bc1661772,2026-04,1383.71,4e44bc9f-dc6d-4096-b5b7-6c46d88a7f0c,7d661621-c3a0-4197-b989-c1abb002d8c6,new_logo,12,2026-04-01
8f6622df-c77a-4e88-a19d-4c4bc1661772,2026-05,1383.71,4e44bc9f-dc6d-4096-b5b7-6c46d88a7f0c,7d661621-c3a0-4197-b989-c1abb002d8c6,new_logo,12,2026-05-01
8f6622df-c77a-4e88-a19d-4c4bc1661772,2026-06,1383.71,4e44bc9f-dc6d-4096-b5b7-6c46d88a7f0c,7d661621-c3a0-4197-b989-c1abb002d8c6,new_logo,12,2026-06-01
8f6622df-c77a-4e88-a19d-4c4bc1661772,2026-07,1383.71,4e44bc9f-dc6d-4096-b5b7-6c46d88a7f0c,7d661621-c3a0-4197-b989-c1abb002d8c6,new_logo,12,2026-07-01
8f6622df-c77a-4e88-a19d-4c4bc1661772,2026-08,1383.71,4e44bc9f-dc6d-4096-b5b7-6c46d88a7f0c,7d661621-c3a0-4197-b989-c1abb002d8c6,new_logo,12,2026-08-01
8f6622df-c77a-4e88-a19d-4c4bc1661772,2026-09,1383.71,4e44bc9f-dc6d-4096-b5b7-6c46d88a7f0c,7d661621-c3a0-4197-b989-c1abb002d8c6,new_logo,12,2026-09-01
60a6708d-6583-4a02-821f-0753fd73ab00,2025-09,3954.37,9447cd4e-0f91-4e7a-88a8-d8383edf87dc,c17fc563-2445-4d66-a1af-7b06597417a7,renewal,12,2025-09-01
60a6708d-6583-4a02-821f-0753fd73ab00,2025-10,3954.37,9447cd4e-0f91-4e7a-88a8-d8383edf87dc,c17fc563-2445-4d66-a1af-7b06597417a7,renewal,12,2025-10-01
60a6708d-6583-4a02-821f-0753fd73ab00,2025-11,3954.37,9447cd4e-0f91-4e7a-88a8-d8383edf87dc,c17fc563-2445-4d66-a1af-7b06597417a7,renewal,12,2025-11-01
60a6708d-6583-4a02-821f-0753fd73ab00,2025-12,3954.37,9447cd4e-0f91-4e7a-88a8-d8383edf87dc,c17fc563-2445-4d66-a1af-7b06597417a7,renewal,12,2025-12-01
60a6708d-6583-4a02-821f-0753fd73ab00,2026-01,3954.37,9447cd4e-0f91-4e7a-88a8-d8383edf87dc,c17fc563-2445-4d66-a1af-7b06597417a7,renewal,12,2026-01-01
60a6708d-6583-4a02-821f-0753fd73ab00,2026-02,3954.37,9447cd4e-0f91-4e7a-88a8-d8383edf87dc,c17fc563-2445-4d66-a1af-7b06597417a7,renewal,12,2026-02-01
60a6708d-6583-4a02-821f-0753fd73ab00,2026-03,3954.37,9447cd4e-0f91-4e7a-88a8-d8383edf87dc,c17fc563-2445-4d66-a1af-7b06597417a7,renewal,12,2026-03-01
60a6708d-6583-4a02-821f-0753fd73ab00,2026-04,3954.37,9447cd4e-0f91-4e7a-88a8-d8383edf87dc,c17fc563-2445-4d66-a1af-7b06597417a7,renewal,12,2026-04-01
60a6708d-6583-4a02-821f-0753fd73ab00,2026-05,3954.37,9447cd4e-0f91-4e7a-88a8-d8383edf87dc,c17fc563-2445-4d66-a1af-7b06597417a7,renewal,12,2026-05-01
60a6708d-6583-4a02-821f-0753fd73ab00,2026-06,3954.37,9447cd4e-0f91-4e7a-88a8-d8383edf87dc,c17fc563-2445-4d66-a1af-7b06597417a7,renewal,12,2026-06-01
60a6708d-6583-4a02-821f-0753fd73ab00,2026-07,3954.37,9447cd4e-0f91-4e7a-88a8-d8383edf87dc,c17fc563-2445-4d66-a1af-7b06597417a7,renewal,12,2026-07-01
60a6708d-6583-4a02-821f-0753fd73ab00,2026-08,3954.37,9447cd4e-0f91-4e7a-88a8-d8383edf87dc,c17fc563-2445-4d66-a1af-7b06597417a7,renewal,12,2026-08-01
60a6708d-6583-4a02-821f-0753fd73ab00,2026-07,2915.2,cd172079-7a21-4d91-b75f-e053282aabf5,59f5bc98-d497-4cde-8920-8ac623bbce96,renewal,12,2026-07-01
60a6708d-6583-4a02-821f-0753fd73ab00,2026-08,2915.2,cd172079-7a21-4d91-b75f-e053282aabf5,59f5bc98-d497-4cde-8920-8ac623bbce96,renewal,12,2026-08-01
60a6708d-6583-4a02-821f-0753fd73ab00,2026-09,2915.2,cd172079-7a21-4d91-b75f-e053282aabf5,59f5bc98-d497-4cde-8920-8ac623bbce96,renewal,12,2026-09-01
8caaa8ca-69fa-4924-906d-642d1b98e019,2026-05,3709.44,505c42c7-4f54-4783-baf9-d16b63a4e822,0e4ff8f1-94c6-4af2-b4f9-4ff06923c243,new_logo,12,2026-05-01
8caaa8ca-69fa-4924-906d-642d1b98e019,2026-06,3709.44,505c42c7-4f54-4783-baf9-d16b63a4e822,0e4ff8f1-94c6-4af2-b4f9-4ff06923c243,new_logo,12,2026-06-01
8caaa8ca-69fa-4924-906d-642d1b98e019,2026-07,3709.44,505c42c7-4f54-4783-baf9-d16b63a4e822,0e4ff8f1-94c6-4af2-b4f9-4ff06923c243,new_logo,12,2026-07-01
8caaa8ca-69fa-4924-906d-642d1b98e019,2026-08,3709.44,505c42c7-4f54-4783-baf9-d16b63a4e822,0e4ff8f1-94c6-4af2-b4f9-4ff06923c243,new_logo,12,2026-08-01
8caaa8ca-69fa-4924-906d-642d1b98e019,2026-09,3709.44,505c42c7-4f54-4783-baf9-d16b63a4e822,0e4ff8f1-94c6-4af2-b4f9-4ff06923c243,new_logo,12,2026-09-01
8caaa8ca-69fa-4924-906d-642d1b98e019,2025-10,3628.97,342ac025-2ce2-4ea1-b8d5-59a22f2585ff,91f25920-372b-4282-a054-aa5242f372b4,expansion,12,2025-10-01
8caaa8ca-69fa-4924-906d-642d1b98e019,2025-11,3628.97,342ac025-2ce2-4ea1-b8d5-59a22f2585ff,91f25920-372b-4282-a054-aa5242f372b4,expansion,12,2025-11-01
8caaa8ca-69fa-4924-906d-642d1b98e019,2025-12,3628.97,342ac025-2ce2-4ea1-b8d5-59a22f2585ff,91f25920-372b-4282-a054-aa5242f372b4,expansion,12,2025-12-01
8caaa8ca-69fa-4924-906d-642d1b98e019,2026-01,3628.97,342ac025-2ce2-4ea1-b8d5-59a22f2585ff,91f25920-372b-4282-a054-aa5242f372b4,expansion,12,2026-01-01
8caaa8ca-69fa-4924-906d-642d1b98e019,2026-02,3628.97,342ac025-2ce2-4ea1-b8d5-59a22f2585ff,91f25920-372b-4282-a054-aa5242f372b4,expansion,12,2026-02-01
8caaa8ca-69fa-4924-906d-642d1b98e019,2026-03,3628.97,342ac025-2ce2-4ea1-b8d5-59a22f2585ff,91f25920-372b-4282-a054-aa5242f372b4,expansion,12,2026-03-01
8caaa8ca-69fa-4924-906d-642d1b98e019,2026-04,3628.97,342ac025-2ce2-4ea1-b8d5-59a22f2585ff,91f25920-372b-4282-a054-aa5242f372b4,expansion,12,2026-04-01
8caaa8ca-69fa-4924-906d-642d1b98e019,2026-05,3628.97,342ac025-2ce2-4ea1-b8d5-59a22f2585ff,91f25920-372b-4282-a054-aa5242f372b4,expansion,12,2026-05-01
8caaa8ca-69fa-4924-906d-642d1b98e019,2026-06,3628.97,342ac025-2ce2-4ea1-b8d5-59a22f2585ff,91f25920-372b-4282-a054-aa5242f372b4,expansion,12,2026-06-01
8caaa8ca-69fa-4924-906d-642d1b98e019,2026-07,3628.97,342ac025-2ce2-4ea1-b8d5-59a22f2585ff,91f25920-372b-4282-a054-aa5242f372b4,expansion,12,2026-07-01
8caaa8ca-69fa-4924-906d-642d1b98e019,2026-08,3628.97,342ac025-2ce2-4ea1-b8d5-59a22f2585ff,91f25920-372b-4282-a054-aa5242f372b4,expansion,12,2026-08-01
8caaa8ca-69fa-4924-906d-642d1b98e019,2026-09,3628.97,342ac025-2ce2-4ea1-b8d5-59a22f2585ff,91f25920-372b-4282-a054-aa5242f372b4,expansion,12,2026-09-01
9454ed17-4a77-4280-93f1-080b65699d5a,2025-12,3981.33,43feaba3-9a81-41ad-bb57-82b00c78b618,9d6f10a9-f6a8-4a23-bae8-a0fd246d30b0,expansion,24,2025-12-01
9454ed17-4a77-4280-93f1-080b65699d5a,2026-01,3981.33,43feaba3-9a81-41ad-bb57-82b00c78b618,9d6f10a9-f6a8-4a23-bae8-a0fd246d30b0,expansion,24,2026-01-01
9454ed17-4a77-4280-93f1-080b65699d5a,2026-02,3981.33,43feaba3-9a81-41ad-bb57-82b00c78b618,9d6f10a9-f6a8-4a23-bae8-a0fd246d30b0,expansion,24,2026-02-01
9454ed17-4a77-4280-93f1-080b65699d5a,2026-03,3981.33,43feaba3-9a81-41ad-bb57-82b00c78b618,9d6f10a9-f6a8-4a23-bae8-a0fd246d30b0,expansion,24,2026-03-01
9454ed17-4a77-4280-93f1-080b65699d5a,2026-04,3981.33,43feaba3-9a81-41ad-bb57-82b00c78b618,9d6f10a9-f6a8-4a23-bae8-a0fd246d30b0,expansion,24,2026-04-01
9454ed17-4a77-4280-93f1-080b65699d5a,2026-05,3981.33,43feaba3-9a81-41ad-bb57-82b00c78b618,9d6f10a9-f6a8-4a23-bae8-a0fd246d30b0,expansion,24,2026-05-01
9454ed17-4a77-4280-93f1-080b65699d5a,2026-06,3981.33,43feaba3-9a81-41ad-bb57-82b00c78b618,9d6f10a9-f6a8-4a23-bae8-a0fd246d30b0,expansion,24,2026-06-01
9454ed17-4a77-4280-93f1-080b65699d5a,2026-07,3981.33,43feaba3-9a81-41ad-bb57-82b00c78b618,9d6f10a9-f6a8-4a23-bae8-a0fd246d30b0,expansion,24,2026-07-01
9454ed17-4a77-4280-93f1-080b65699d5a,2026-08,3981.33,43feaba3-9a81-41ad-bb57-82b00c78b618,9d6f10a9-f6a8-4a23-bae8-a0fd246d30b0,expansion,24,2026-08-01
9454ed17-4a77-4280-93f1-080b65699d5a,2026-09,3981.33,43feaba3-9a81-41ad-bb57-82b00c78b618,9d6f10a9-f6a8-4a23-bae8-a0fd246d30b0,expansion,24,2026-09-01
9454ed17-4a77-4280-93f1-080b65699d5a,2026-05,4944.55,8a74f196-61a3-4624-886d-8e62bd193fbb,f1cab12f-a543-45e4-ac0a-bc7b4cecead0,expansion,24,2026-05-01
9454ed17-4a77-4280-93f1-080b65699d5a,2026-06,4944.55,8a74f196-61a3-4624-886d-8e62bd193fbb,f1cab12f-a543-45e4-ac0a-bc7b4cecead0,expansion,24,2026-06-01
9454ed17-4a77-4280-93f1-080b65699d5a,2026-07,4944.55,8a74f196-61a3-4624-886d-8e62bd193fbb,f1cab12f-a543-45e4-ac0a-bc7b4cecead0,expansion,24,2026-07-01
9454ed17-4a77-4280-93f1-080b65699d5a,2026-08,4944.55,8a74f196-61a3-4624-886d-8e62bd193fbb,f1cab12f-a543-45e4-ac0a-bc7b4cecead0,expansion,24,2026-08-01
9454ed17-4a77-4280-93f1-080b65699d5a,2026-09,4944.55,8a74f196-61a3-4624-886d-8e62bd193fbb,f1cab12f-a543-45e4-ac0a-bc7b4cecead0,expansion,24,2026-09-01
3e7e796c-a084-440e-97d5-135b721f3e2f,2026-02,3864.26,a751a721-8e55-438a-a364-96f0311da454,f81b5a38-32a8-4768-bbd1-7c9c5679af22,expansion,24,2026-02-01
3e7e796c-a084-440e-97d5-135b721f3e2f,2026-03,3864.26,a751a721-8e55-438a-a364-96f0311da454,f81b5a38-32a8-4768-bbd1-7c9c5679af22,expansion,24,2026-03-01
3e7e796c-a084-440e-97d5-135b721f3e2f,2026-04,3864.26,a751a721-8e55-438a-a364-96f0311da454,f81b5a38-32a8-4768-bbd1-7c9c5679af22,expansion,24,2026-04-01
3e7e796c-a084-440e-97d5-135b721f3e2f,2026-05,3864.26,a751a721-8e55-438a-a364-96f0311da454,f81b5a38-32a8-4768-bbd1-7c9c5679af22,expansion,24,2026-05-01
3e7e796c-a084-440e-97d5-135b721f3e2f,2026-06,3864.26,a751a721-8e55-438a-a364-96f0311da454,f81b5a38-32a8-4768-bbd1-7c9c5679af22,expansion,24,2026-06-01
3e7e796c-a084-440e-97d5-135b721f3e2f,2026-07,3864.26,a751a721-8e55-438a-a364-96f0311da454,f81b5a38-32a8-4768-bbd1-7c9c5679af22,expansion,24,2026-07-01
3e7e796c-a084-440e-97d5-135b721f3e2f,2026-08,3864.26,a751a721-8e55-438a-a364-96f0311da454,f81b5a38-32a8-4768-bbd1-7c9c5679af22,expansion,24,2026-08-01
3e7e796c-a084-440e-97d5-135b721f3e2f,2026-09,3864.26,a751a721-8e55-438a-a364-96f0311da454,f81b5a38-32a8-4768-bbd1-7c9c5679af22,expansion,24,2026-09-01
3e7e796c-a084-440e-97d5-135b721f3e2f,2025-09,3885.04,b5654b07-e926-459e-bd36-4cc757275234,78609eac-ea24-4728-997c-cc1958d1f170,new_logo,24,2025-09-01
3e7e796c-a084-440e-97d5-135b721f3e2f,2025-10,3885.04,b5654b07-e926-459e-bd36-4cc757275234,78609eac-ea24-4728-997c-cc1958d1f170,new_logo,24,2025-10-01
3e7e796c-a084-440e-97d5-135b721f3e2f,2025-11,3885.04,b5654b07-e926-459e-bd36-4cc757275234,78609eac-ea24-4728-997c-cc1958d1f170,new_logo,24,2025-11-01
3e7e796c-a084-440e-97d5-135b721f3e2f,2025-12,3885.04,b5654b07-e926-459e-bd36-4cc757275234,78609eac-ea24-4728-997c-cc1958d1f170,new_logo,24,2025-12-01
3e7e796c-a084-440e-97d5-135b721f3e2f,2026-01,3885.04,b5654b07-e926-459e-bd36-4cc757275234,78609eac-ea24-4728-997c-cc1958d1f170,new_logo,24,2026-01-01
3e7e796c-a084-440e-97d5-135b721f3e2f,2026-02,3885.04,b5654b07-e926-459e-bd36-4cc757275234,78609eac-ea24-4728-997c-cc1958d1f170,new_logo,24,2026-02-01
3e7e796c-a084-440e-97d5-135b721f3e2f,2026-03,3885.04,b5654b07-e926-459e-bd36-4cc757275234,78609eac-ea24-4728-997c-cc1958d1f170,new_logo,24,2026-03-01
3e7e796c-a084-440e-97d5-135b721f3e2f,2026-04,3885.04,b5654b07-e926-459e-bd36-4cc757275234,78609eac-ea24-4728-997c-cc1958d1f170,new_logo,24,2026-04-01
3e7e796c-a084-440e-97d5-135b721f3e2f,2026-05,3885.04,b5654b07-e926-459e-bd36-4cc757275234,78609eac-ea24-4728-997c-cc1958d1f170,new_logo,24,2026-05-01
3e7e796c-a084-440e-97d5-135b721f3e2f,2026-06,3885.04,b5654b07-e926-459e-bd36-4cc757275234,78609eac-ea24-4728-997c-cc1958d1f170,new_logo,24,2026-06-01
3e7e796c-a084-440e-97d5-135b721f3e2f,2026-07,3885.04,b5654b07-e926-459e-bd36-4cc757275234,78609eac-ea24-4728-997c-cc1958d1f170,new_logo,24,2026-07-01
3e7e796c-a084-440e-97d5-135b721f3e2f,2026-08,3885.04,b5654b07-e926-459e-bd36-4cc757275234,78609eac-ea24-4728-997c-cc1958d1f170,new_logo,24,2026-08-01
3e7e796c-a084-440e-97d5-135b721f3e2f,2026-09,3885.04,b5654b07-e926-459e-bd36-4cc757275234,78609eac-ea24-4728-997c-cc1958d1f170,new_logo,24,2026-09-01
f4040e67-58f6-4870-a447-f5df54bd90ed,2026-03,2671.13,d09e57c7-7058-41ca-ba19-b8618591ebc6,b4610abc-5969-4451-913d-c1f5d1dabf97,expansion,12,2026-03-01
f4040e67-58f6-4870-a447-f5df54bd90ed,2026-04,2671.13,d09e57c7-7058-41ca-ba19-b8618591ebc6,b4610abc-5969-4451-913d-c1f5d1dabf97,expansion,12,2026-04-01
f4040e67-58f6-4870-a447-f5df54bd90ed,2026-05,2671.13,d09e57c7-7058-41ca-ba19-b8618591ebc6,b4610abc-5969-4451-913d-c1f5d1dabf97,expansion,12,2026-05-01
f4040e67-58f6-4870-a447-f5df54bd90ed,2026-06,2671.13,d09e57c7-7058-41ca-ba19-b8618591ebc6,b4610abc-5969-4451-913d-c1f5d1dabf97,expansion,12,2026-06-01
f4040e67-58f6-4870-a447-f5df54bd90ed,2026-07,2671.13,d09e57c7-7058-41ca-ba19-b8618591ebc6,b4610abc-5969-4451-913d-c1f5d1dabf97,expansion,12,2026-07-01
f4040e67-58f6-4870-a447-f5df54bd90ed,2026-08,2671.13,d09e57c7-7058-41ca-ba19-b8618591ebc6,b4610abc-5969-4451-913d-c1f5d1dabf97,expansion,12,2026-08-01
f4040e67-58f6-4870-a447-f5df54bd90ed,2026-09,2671.13,d09e57c7-7058-41ca-ba19-b8618591ebc6,b4610abc-5969-4451-913d-c1f5d1dabf97,expansion,12,2026-09-01
f4040e67-58f6-4870-a447-f5df54bd90ed,2026-04,2449.55,c4424617-bb7b-4b8e-97e0-18df3add84b8,5b307ee7-b5fd-4120-8d66-9102473e62d4,expansion,12,2026-04-01
f4040e67-58f6-4870-a447-f5df54bd90ed,2026-05,2449.55,c4424617-bb7b-4b8e-97e0-18df3add84b8,5b307ee7-b5fd-4120-8d66-9102473e62d4,expansion,12,2026-05-01
f4040e67-58f6-4870-a447-f5df54bd90ed,2026-06,2449.55,c4424617-bb7b-4b8e-97e0-18df3add84b8,5b307ee7-b5fd-4120-8d66-9102473e62d4,expansion,12,2026-06-01
f4040e67-58f6-4870-a447-f5df54bd90ed,2026-07,2449.55,c4424617-bb7b-4b8e-97e0-18df3add84b8,5b307ee7-b5fd-4120-8d66-9102473e62d4,expansion,12,2026-07-01
f4040e67-58f6-4870-a447-f5df54bd90ed,2026-08,2449.55,c4424617-bb7b-4b8e-97e0-18df3add84b8,5b307ee7-b5fd-4120-8d66-9102473e62d4,expansion,12,2026-08-01
f4040e67-58f6-4870-a447-f5df54bd90ed,2026-09,2449.55,c4424617-bb7b-4b8e-97e0-18df3add84b8,5b307ee7-b5fd-4120-8d66-9102473e62d4,expansion,12,2026-09-01
15b4ba21-a596-4e13-a1e1-c68f2602f414,2026-03,4345.08,a751a721-8e55-438a-a364-96f0311da454,46af4c09-8a0d-408f-80f4-d99275800d5d,expansion,24,2026-03-01
15b4ba21-a596-4e13-a1e1-c68f2602f414,2026-04,4345.08,a751a721-8e55-438a-a364-96f0311da454,46af4c09-8a0d-408f-80f4-d99275800d5d,expansion,24,2026-04-01
15b4ba21-a596-4e13-a1e1-c68f2602f414,2026-05,4345.08,a751a721-8e55-438a-a364-96f0311da454,46af4c09-8a0d-408f-80f4-d99275800d5d,expansion,24,2026-05-01
15b4ba21-a596-4e13-a1e1-c68f2602f414,2026-06,4345.08,a751a721-8e55-438a-a364-96f0311da454,46af4c09-8a0d-408f-80f4-d99275800d5d,expansion,24,2026-06-01
15b4ba21-a596-4e13-a1e1-c68f2602f414,2026-07,4345.08,a751a721-8e55-438a-a364-96f0311da454,46af4c09-8a0d-408f-80f4-d99275800d5d,expansion,24,2026-07-01
15b4ba21-a596-4e13-a1e1-c68f2602f414,2026-08,4345.08,a751a721-8e55-438a-a364-96f0311da454,46af4c09-8a0d-408f-80f4-d99275800d5d,expansion,24,2026-08-01
15b4ba21-a596-4e13-a1e1-c68f2602f414,2026-09,4345.08,a751a721-8e55-438a-a364-96f0311da454,46af4c09-8a0d-408f-80f4-d99275800d5d,expansion,24,2026-09-01
15b4ba21-a596-4e13-a1e1-c68f2602f414,2026-08,5244.13,00da60c7-169b-438c-a402-d51f4d9dfa61,f392a265-57d7-4712-ac4a-51e2ca92cb03,renewal,24,2026-08-01
15b4ba21-a596-4e13-a1e1-c68f2602f414,2026-09,5244.13,00da60c7-169b-438c-a402-d51f4d9dfa61,f392a265-57d7-4712-ac4a-51e2ca92cb03,renewal,24,2026-09-01
a7be73f0-3ccf-46aa-b3a1-a7edd9b3e944,2026-08,4137.94,86e7f579-31d7-4e9c-991f-b8fde66e0e4b,4bee7e4c-255d-429a-be2b-85d83ab2da3d,new_logo,24,2026-08-01
a7be73f0-3ccf-46aa-b3a1-a7edd9b3e944,2026-09,4137.94,86e7f579-31d7-4e9c-991f-b8fde66e0e4b,4bee7e4c-255d-429a-be2b-85d83ab2da3d,new_logo,24,2026-09-01
a7be73f0-3ccf-46aa-b3a1-a7edd9b3e944,2026-06,3891.49,9d44b15b-b9b0-4192-bd9d-1747ab59f67e,9fe9ed78-bce9-483a-9cdc-541a1d2a4f56,expansion,24,2026-06-01
a7be73f0-3ccf-46aa-b3a1-a7edd9b3e944,2026-07,3891.49,9d44b15b-b9b0-4192-bd9d-1747ab59f67e,9fe9ed78-bce9-483a-9cdc-541a1d2a4f56,expansion,24,2026-07-01
a7be73f0-3ccf-46aa-b3a1-a7edd9b3e944,2026-08,3891.49,9d44b15b-b9b0-4192-bd9d-1747ab59f67e,9fe9ed78-bce9-483a-9cdc-541a1d2a4f56,expansion,24,2026-08-01
a7be73f0-3ccf-46aa-b3a1-a7edd9b3e944,2026-09,3891.49,9d44b15b-b9b0-4192-bd9d-1747ab59f67e,9fe9ed78-bce9-483a-9cdc-541a1d2a4f56,expansion,24,2026-09-01
6e73bb15-6226-4fe0-ba64-22e193e22b81,2026-04,2092.01,b5654b07-e926-459e-bd36-4cc757275234,e74631fe-985e-4a01-8b74-04226156dda2,expansion,12,2026-04-01
6e73bb15-6226-4fe0-ba64-22e193e22b81,2026-05,2092.01,b5654b07-e926-459e-bd36-4cc757275234,e74631fe-985e-4a01-8b74-04226156dda2,expansion,12,2026-05-01
6e73bb15-6226-4fe0-ba64-22e193e22b81,2026-06,2092.01,b5654b07-e926-459e-bd36-4cc757275234,e74631fe-985e-4a01-8b74-04226156dda2,expansion,12,2026-06-01
6e73bb15-6226-4fe0-ba64-22e193e22b81,2026-07,2092.01,b5654b07-e926-459e-bd36-4cc757275234,e74631fe-985e-4a01-8b74-04226156dda2,expansion,12,2026-07-01
6e73bb15-6226-4fe0-ba64-22e193e22b81,2026-08,2092.01,b5654b07-e926-459e-bd36-4cc757275234,e74631fe-985e-4a01-8b74-04226156dda2,expansion,12,2026-08-01
6e73bb15-6226-4fe0-ba64-22e193e22b81,2026-09,2092.01,b5654b07-e926-459e-bd36-4cc757275234,e74631fe-985e-4a01-8b74-04226156dda2,expansion,12,2026-09-01
6e73bb15-6226-4fe0-ba64-22e193e22b81,2025-11,2395.65,cd172079-7a21-4d91-b75f-e053282aabf5,fc39bd94-64a6-4ca3-947a-8cc5e142df45,renewal,12,2025-11-01
6e73bb15-6226-4fe0-ba64-22e193e22b81,2025-12,2395.65,cd172079-7a21-4d91-b75f-e053282aabf5,fc39bd94-64a6-4ca3-947a-8cc5e142df45,renewal,12,2025-12-01
6e73bb15-6226-4fe0-ba64-22e193e22b81,2026-01,2395.65,cd172079-7a21-4d91-b75f-e053282aabf5,fc39bd94-64a6-4ca3-947a-8cc5e142df45,renewal,12,2026-01-01
6e73bb15-6226-4fe0-ba64-22e193e22b81,2026-02,2395.65,cd172079-7a21-4d91-b75f-e053282aabf5,fc39bd94-64a6-4ca3-947a-8cc5e142df45,renewal,12,2026-02-01
6e73bb15-6226-4fe0-ba64-22e193e22b81,2026-03,2395.65,cd172079-7a21-4d91-b75f-e053282aabf5,fc39bd94-64a6-4ca3-947a-8cc5e142df45,renewal,12,2026-03-01
6e73bb15-6226-4fe0-ba64-22e193e22b81,2026-04,2395.65,cd172079-7a21-4d91-b75f-e053282aabf5,fc39bd94-64a6-4ca3-947a-8cc5e142df45,renewal,12,2026-04-01
6e73bb15-6226-4fe0-ba64-22e193e22b81,2026-05,2395.65,cd172079-7a21-4d91-b75f-e053282aabf5,fc39bd94-64a6-4ca3-947a-8cc5e142df45,renewal,12,2026-05-01
6e73bb15-6226-4fe0-ba64-22e193e22b81,2026-06,2395.65,cd172079-7a21-4d91-b75f-e053282aabf5,fc39bd94-64a6-4ca3-947a-8cc5e142df45,renewal,12,2026-06-01
6e73bb15-6226-4fe0-ba64-22e193e22b81,2026-07,2395.65,cd172079-7a21-4d91-b75f-e053282aabf5,fc39bd94-64a6-4ca3-947a-8cc5e142df45,renewal,12,2026-07-01
6e73bb15-6226-4fe0-ba64-22e193e22b81,2026-08,2395.65,cd172079-7a21-4d91-b75f-e053282aabf5,fc39bd94-64a6-4ca3-947a-8cc5e142df45,renewal,12,2026-08-01
6e73bb15-6226-4fe0-ba64-22e193e22b81,2026-09,2395.65,cd172079-7a21-4d91-b75f-e053282aabf5,fc39bd94-64a6-4ca3-947a-8cc5e142df45,renewal,12,2026-09-01
37c91720-936f-438f-91eb-d7375b79b897,2025-11,4889.63,d09e57c7-7058-41ca-ba19-b8618591ebc6,8d6874cf-ad58-497d-b67f-64b058a23bf9,expansion,24,2025-11-01
37c91720-936f-438f-91eb-d7375b79b897,2025-12,4889.63,d09e57c7-7058-41ca-ba19-b8618591ebc6,8d6874cf-ad58-497d-b67f-64b058a23bf9,expansion,24,2025-12-01
37c91720-936f-438f-91eb-d7375b79b897,2026-01,4889.63,d09e57c7-7058-41ca-ba19-b8618591ebc6,8d6874cf-ad58-497d-b67f-64b058a23bf9,expansion,24,2026-01-01
37c91720-936f-438f-91eb-d7375b79b897,2026-02,4889.63,d09e57c7-7058-41ca-ba19-b8618591ebc6,8d6874cf-ad58-497d-b67f-64b058a23bf9,expansion,24,2026-02-01
37c91720-936f-438f-91eb-d7375b79b897,2026-03,4889.63,d09e57c7-7058-41ca-ba19-b8618591ebc6,8d6874cf-ad58-497d-b67f-64b058a23bf9,expansion,24,2026-03-01
37c91720-936f-438f-91eb-d7375b79b897,2026-04,4889.63,d09e57c7-7058-41ca-ba19-b8618591ebc6,8d6874cf-ad58-497d-b67f-64b058a23bf9,expansion,24,2026-04-01
37c91720-936f-438f-91eb-d7375b79b897,2026-05,4889.63,d09e57c7-7058-41ca-ba19-b8618591ebc6,8d6874cf-ad58-497d-b67f-64b058a23bf9,expansion,24,2026-05-01
37c91720-936f-438f-91eb-d7375b79b897,2026-06,4889.63,d09e57c7-7058-41ca-ba19-b8618591ebc6,8d6874cf-ad58-497d-b67f-64b058a23bf9,expansion,24,2026-06-01
37c91720-936f-438f-91eb-d7375b79b897,2026-07,4889.63,d09e57c7-7058-41ca-ba19-b8618591ebc6,8d6874cf-ad58-497d-b67f-64b058a23bf9,expansion,24,2026-07-01
37c91720-936f-438f-91eb-d7375b79b897,2026-08,4889.63,d09e57c7-7058-41ca-ba19-b8618591ebc6,8d6874cf-ad58-497d-b67f-64b058a23bf9,expansion,24,2026-08-01
37c91720-936f-438f-91eb-d7375b79b897,2026-09,4889.63,d09e57c7-7058-41ca-ba19-b8618591ebc6,8d6874cf-ad58-497d-b67f-64b058a23bf9,expansion,24,2026-09-01
37c91720-936f-438f-91eb-d7375b79b897,2026-04,4557.09,4c86938b-9190-4ffb-aed0-569e2d3106bc,f1c1ab52-ecdf-4a6a-91cb-50bd007e3f45,expansion,24,2026-04-01
37c91720-936f-438f-91eb-d7375b79b897,2026-05,4557.09,4c86938b-9190-4ffb-aed0-569e2d3106bc,f1c1ab52-ecdf-4a6a-91cb-50bd007e3f45,expansion,24,2026-05-01
37c91720-936f-438f-91eb-d7375b79b897,2026-06,4557.09,4c86938b-9190-4ffb-aed0-569e2d3106bc,f1c1ab52-ecdf-4a6a-91cb-50bd007e3f45,expansion,24,2026-06-01
37c91720-936f-438f-91eb-d7375b79b897,2026-07,4557.09,4c86938b-9190-4ffb-aed0-569e2d3106bc,f1c1ab52-ecdf-4a6a-91cb-50bd007e3f45,expansion,24,2026-07-01
37c91720-936f-438f-91eb-d7375b79b897,2026-08,4557.09,4c86938b-9190-4ffb-aed0-569e2d3106bc,f1c1ab52-ecdf-4a6a-91cb-50bd007e3f45,expansion,24,2026-08-01
37c91720-936f-438f-91eb-d7375b79b897,2026-09,4557.09,4c86938b-9190-4ffb-aed0-569e2d3106bc,f1c1ab52-ecdf-4a6a-91cb-50bd007e3f45,expansion,24,2026-09-01
9454ed17-4a77-4280-93f1-080b65699d5a,2025-11,-641.96,,,churn,,2025-11-01
9454ed17-4a77-4280-93f1-080b65699d5a,2026-01,698.47,,,expansion,,2026-01-01
9454ed17-4a77-4280-93f1-080b65699d5a,2026-09,868.75,,,expansion,,2026-09-01
37c91720-936f-438f-91eb-d7375b79b897,2026-07,170.52,,,expansion,,2026-07-01
37c91720-936f-438f-91eb-d7375b79b897,2024-02,-742.06,,,churn,,2024-02-01
37c91720-936f-438f-91eb-d7375b79b897,2024-03,-1171.06,,,churn,,2024-03-01
37c91720-936f-438f-91eb-d7375b79b897,2025-08,-2399.35,,,churn,,2025-08-01
37c91720-936f-438f-91eb-d7375b79b897,2025-09,700.15,,,expansion,,2025-09-01
37c91720-936f-438f-91eb-d7375b79b897,2025-10,1144.15,,,expansion,,2025-10-01
8caaa8ca-69fa-4924-906d-642d1b98e019,2026-01,223.17,,,expansion,,2026-01-01
8caaa8ca-69fa-4924-906d-642d1b98e019,2026-09,1155.37,,,expansion,,2026-09-01
6e73bb15-6226-4fe0-ba64-22e193e22b81,2026-07,-3872.42,,,churn,,2026-07-01
6e73bb15-6226-4fe0-ba64-22e193e22b81,2026-07,725.72,,,expansion,,2026-07-01
6e73bb15-6226-4fe0-ba64-22e193e22b81,2024-07,775.19,,,expansion,,2024-07-01
6e73bb15-6226-4fe0-ba64-22e193e22b81,2024-09,-1209.04,,,churn,,2024-09-01
6e73bb15-6226-4fe0-ba64-22e193e22b81,2025-02,-1032.29,,,churn,,2025-02-01
6e73bb15-6226-4fe0-ba64-22e193e22b81,2025-08,1879.38,,,expansion,,2025-08-01
6e73bb15-6226-4fe0-ba64-22e193e22b81,2025-09,1327.5,,,expansion,,2025-09-01
6e73bb15-6226-4fe0-ba64-22e193e22b81,2026-02,722.48,,,expansion,,2026-02-01
6e73bb15-6226-4fe0-ba64-22e193e22b81,2026-05,1935.13,,,expansion,,2026-05-01
3e7e796c-a084-440e-97d5-135b721f3e2f,2025-07,1301.78,,,expansion,,2025-07-01
a7be73f0-3ccf-46aa-b3a1-a7edd9b3e944,2025-03,685.57,,,expansion,,2025-03-01
a7be73f0-3ccf-46aa-b3a1-a7edd9b3e944,2025-11,355.45,,,expansion,,2025-11-01
a7be73f0-3ccf-46aa-b3a1-a7edd9b3e944,2026-01,468.55,,,expansion,,2026-01-01
a7be73f0-3ccf-46aa-b3a1-a7edd9b3e944,2026-03,561.71,,,expansion,,2026-03-01
a7be73f0-3ccf-46aa-b3a1-a7edd9b3e944,2026-05,-1064.57,,,churn,,2026-05-01
a7be73f0-3ccf-46aa-b3a1-a7edd9b3e944,2026-07,504.79,,,expansion,,2026-07-01
a7be73f0-3ccf-46aa-b3a1-a7edd9b3e944,2026-09,1904.86,,,expansion,,2026-09-01
15b4ba21-a596-4e13-a1e1-c68f2602f414,2025-01,1198.42,,,expansion,,2025-01-01
15b4ba21-a596-4e13-a1e1-c68f2602f414,2025-06,1050.54,,,expansion,,2025-06-01
15b4ba21-a596-4e13-a1e1-c68f2602f414,2025-12,530.83,,,expansion,,2025-12-01
37c91720-936f-438f-91eb-d7375b79b897,2026-05,462.74,,,expansion,,2026-05-01
8f6622df-c77a-4e88-a19d-4c4bc1661772,2024-03,613.32,,,expansion,,2024-03-01
8f6622df-c77a-4e88-a19d-4c4bc1661772,2024-09,605.47,,,expansion,,2024-09-01
8f6622df-c77a-4e88-a19d-4c4bc1661772,2024-11,259.81,,,expansion,,2024-11-01
8f6622df-c77a-4e88-a19d-4c4bc1661772,2025-07,597.6,,,expansion,,2025-07-01
8f6622df-c77a-4e88-a19d-4c4bc1661772,2025-09,681.13,,,expansion,,2025-09-01
8f6622df-c77a-4e88-a19d-4c4bc1661772,2025-12,548.97,,,expansion,,2025-12-01
60a6708d-6583-4a02-821f-0753fd73ab00,2026-09,-1302.32,,,churn,,2026-09-01
8caaa8ca-69fa-4924-906d-642d1b98e019,2025-06,155.03,,,expansion,,2025-06-01
8caaa8ca-69fa-4924-906d-642d1b98e019,2025-08,-256.14,,,churn,,2025-08-01
8caaa8ca-69fa-4924-906d-642d1b98e019,2025-08,139.42,,,expansion,,2025-08-01
3e7e796c-a084-440e-97d5-135b721f3e2f,2025-03,465.45,,,expansion,,2025-03-01
f4040e67-58f6-4870-a447-f5df54bd90ed,2025-07,462.87,,,expansion,,2025-07-01
f4040e67-58f6-4870-a447-f5df54bd90ed,2026-01,-379.14,,,churn,,2026-01-01
f4040e67-58f6-4870-a447-f5df54bd90ed,2026-09,-580.93,,,churn,,2026-09-01
f4040e67-58f6-4870-a447-f5df54bd90ed,2026-09,294.83,,,expansion,,2026-09-01
15b4ba21-a596-4e13-a1e1-c68f2602f414,2024-01,-1003.89,,,churn,,2024-01-01
15b4ba21-a596-4e13-a1e1-c68f2602f414,2024-10,-879.28,,,churn,,2024-10-01
8f6622df-c77a-4e88-a19d-4c4bc1661772,2026-06,-105.52,,,churn,,2026-06-01
8f6622df-c77a-4e88-a19d-4c4bc1661772,2026-08,120.01,,,expansion,,2026-08-01
